Data;EstacaoCodigo;NivelConsistencia;TipoMedicaoChuvas;Maxima;Total;DiaMaxima;NumDiasDeChuva;MaximaStatus;TotalStatus;NumDiasDeChuvaStatus;TotalAnualStatus;Chuva01;Chuva02;Chuva03;Chuva04;Chuva05;Chuva06;Chuva07;Chuva08;Chuva09;Chuva10;Chuva11;Chuva12;Chuva13;Chuva14;Chuva15;Chuva16;Chuva17;Chuva18;Chuva19;Chuva20;Chuva21;Chuva22;Chuva23;Chuva24;Chuva25;Chuva26;Chuva27;Chuva28;Chuva29;Chuva30;Chuva31;Chuva01Status;Chuva02Status;Chuva03Status;Chuva04Status;Chuva05Status;Chuva06Status;Chuva07Status;Chuva08Status;Chuva09Status;Chuva10Status;Chuva11Status;Chuva12Status;Chuva13Status;Chuva14Status;Chuva15Status;Chuva16Status;Chuva17Status;Chuva18Status;Chuva19Status;Chuva20Status;Chuva21Status;Chuva22Status;Chuva23Status;Chuva24Status;Chuva25Status;Chuva26Status;Chuva27Status;Chuva28Status;Chuva29Status;Chuva30Status;Chuva31Status;Ano;Mes;DadoSintetico
1970-10-01;349000;1;1;5.0;16.2;18.0;5.0;1;1;0;0;0.0;0.0;0.0;0.0;0.0;0.0;0.0;0.0;0.0;0.0;0.0;0.0;4.0;0.0;0.0;0.0;0.0;5.0;0.0;0.0;0.0;0.0;0.0;5.0;0.2;0.0;0.0;0.0;0.0;0.0;2.0;1.0;1.0;1.0;1.0;1.0;1.0;1.0;1.0;1;1.0;1;1;1;1;1;1;1.0;1.0;1;1;1;1;1;1.0;1;1;1;1;1.0;1.0;1.0;1970;10;False
1970-10-01;349000;2;1;5.0;16.2;18.0;5.0;1;1;0;0;0.0;0.0;0.0;0.0;0.0;0.0;0.0;0.0;0.0;0.0;0.0;0.0;4.0;0.0;0.0;0.0;0.0;5.0;0.0;0.0;0.0;0.0;0.0;5.0;0.2;0.0;0.0;0.0;0.0;0.0;2.0;1.0;1.0;1.0;1.0;1.0;1.0;1.0;1.0;1;1.0;1;1;1;1;1;1;1.0;1.0;1;1;1;1;1;1.0;1;1;1;1;1.0;1.0;1.0;1970;10;False
1970-11-01;349000;2;1;6.0;41.5;6.0;11.0;1;1;0;0;0.0;5.0;0.0;0.0;0.0;6.0;0.5;0.0;5.0;0.0;3.0;0.0;0.0;6.0;4.0;0.0;0.0;2.0;0.0;0.0;4.0;4.0;0.0;0.0;0.0;0.0;2.0;0.0;0.0;0.0;;1.0;1.0;1.0;1.0;1.0;1.0;1.0;1.0;1;1.0;1;1;1;1;1;1;1.0;1.0;1;1;1;1;1;1.0;1;1;1;1;1.0;1.0;0.0;1970;11;False
1970-11-01;349000;1;1;6.0;41.5;6.0;11.0;1;1;0;0;0.0;5.0;0.0;0.0;0.0;6.0;0.5;0.0;5.0;0.0;3.0;0.0;0.0;6.0;4.0;0.0;0.0;2.0;0.0;0.0;4.0;4.0;0.0;0.0;0.0;0.0;2.0;0.0;0.0;0.0;;1.0;1.0;1.0;1.0;1.0;1.0;1.0;1.0;1;1.0;1;1;1;1;1;1;1.0;1.0;1;1;1;1;1;1.0;1;1;1;1;1.0;1.0;0.0;1970;11;False
1970-12-01;349000;1;1;0.0;0.0;1.0;0.0;1;1;1;0;0.0;0.0;0.0;0.0;0.0;0.0;0.0;0.0;0.0;0.0;0.0;0.0;0.0;0.0;0.0;0.0;0.0;0.0;0.0;0.0;0.0;0.0;0.0;0.0;0.0;0.0;0.0;0.0;0.0;0.0;0.0;1.0;1.0;1.0;1.0;1.0;1.0;1.0;1.0;1;1.0;1;1;1;1;1;1;1.0;1.0;1;1;1;1;1;1.0;1;1;1;1;1.0;1.0;1.0;1970;12;False
1971-04-01;349000;1;1;20.0;47.9;26.0;6.0;1;1;0;0;0.0;0.0;0.0;0.0;0.0;0.0;0.0;0.0;0.0;0.0;0.0;0.0;0.0;0.0;0.0;0.0;0.0;0.0;0.0;0.0;0.0;0.0;0.0;0.0;17.3;20.0;1.7;3.3;4.5;1.1;;1.0;1.0;1.0;1.0;1.0;1.0;1.0;1.0;1;1.0;1;1;1;1;1;1;1.0;1.0;1;1;1;1;1;1.0;1;1;1;1;1.0;1.0;0.0;1971;4;False
1971-04-01;349000;2;1;20.0;47.9;26.0;6.0;1;1;0;0;0.0;0.0;0.0;0.0;0.0;0.0;0.0;0.0;0.0;0.0;0.0;0.0;0.0;0.0;0.0;0.0;0.0;0.0;0.0;0.0;0.0;0.0;0.0;0.0;17.3;20.0;1.7;3.3;4.5;1.1;;1.0;1.0;1.0;1.0;1.0;1.0;1.0;1.0;1;1.0;1;1;1;1;1;1;1.0;1.0;1;1;1;1;1;1.0;1;1;1;1;1.0;1.0;0.0;1971;4;False
1971-05-01;349000;1;1;107.0;230.7;2.0;17.0;1;1;0;0;13.7;107.0;9.0;0.0;7.6;2.1;1.3;0.4;0.4;0.0;13.7;16.5;0.0;7.3;0.6;28.0;5.0;0.0;0.5;0.0;0.0;0.0;0.0;0.0;0.0;0.0;0.0;6.0;0.0;11.6;0.0;1.0;1.0;1.0;1.0;1.0;1.0;1.0;1.0;1;1.0;1;1;1;1;1;1;1.0;1.0;1;1;1;1;1;1.0;1;1;1;1;1.0;1.0;1.0;1971;5;False
1971-05-01;349000;2;1;107.0;230.7;2.0;17.0;1;1;0;0;13.7;107.0;9.0;0.0;7.6;2.1;1.3;0.4;0.4;0.0;13.7;16.5;0.0;7.3;0.6;28.0;5.0;0.0;0.5;0.0;0.0;0.0;0.0;0.0;0.0;0.0;0.0;6.0;0.0;11.6;0.0;1.0;1.0;1.0;1.0;1.0;1.0;1.0;1.0;1;1.0;1;1;1;1;1;1;1.0;1.0;1;1;1;1;1;1.0;1;1;1;1;1.0;1.0;1.0;1971;5;False
1971-06-01;349000;1;1;46.6;180.9;5.0;15.0;1;1;0;0;33.0;10.7;0.0;19.0;46.6;3.2;0.0;0.7;14.8;0.0;3.6;3.4;24.8;0.0;0.0;0.0;7.5;0.0;0.0;0.0;0.0;0.3;1.8;0.0;2.1;0.0;0.0;0.0;9.4;0.0;;1.0;1.0;1.0;1.0;1.0;1.0;1.0;1.0;1;1.0;1;1;1;1;1;1;1.0;1.0;1;1;1;1;1;1.0;1;1;1;1;1.0;1.0;0.0;1971;6;False
1971-06-01;349000;2;1;46.6;180.9;5.0;15.0;1;1;0;0;33.0;10.7;0.0;19.0;46.6;3.2;0.0;0.7;14.8;0.0;3.6;3.4;24.8;0.0;0.0;0.0;7.5;0.0;0.0;0.0;0.0;0.3;1.8;0.0;2.1;0.0;0.0;0.0;9.4;0.0;;1.0;1.0;1.0;1.0;1.0;1.0;1.0;1.0;1;1.0;1;1;1;1;1;1;1.0;1.0;1;1;1;1;1;1.0;1;1;1;1;1.0;1.0;0.0;1971;6;False
1971-07-01;349000;1;1;18.7;51.8;18.0;9.0;1;1;0;0;5.5;0.0;0.2;0.3;0.0;2.3;0.0;0.0;2.4;0.0;0.0;0.0;0.0;0.0;0.0;0.0;0.0;18.7;7.1;0.0;3.3;0.0;0.0;0.0;12.0;0.0;0.0;0.0;0.0;0.0;0.0;1.0;1.0;1.0;1.0;1.0;1.0;1.0;1.0;1;1.0;1;1;1;1;1;1;1.0;1.0;1;1;1;1;1;1.0;1;1;1;1;1.0;1.0;1.0;1971;7;False
1971-07-01;349000;2;1;18.7;51.8;18.0;9.0;1;1;0;0;5.5;0.0;0.2;0.3;0.0;2.3;0.0;0.0;2.4;0.0;0.0;0.0;0.0;0.0;0.0;0.0;0.0;18.7;7.1;0.0;3.3;0.0;0.0;0.0;12.0;0.0;0.0;0.0;0.0;0.0;0.0;1.0;1.0;1.0;1.0;1.0;1.0;1.0;1.0;1;1.0;1;1;1;1;1;1;1.0;1.0;1;1;1;1;1;1.0;1;1;1;1;1.0;1.0;1.0;1971;7;False
1971-08-01;349000;1;1;21.5;39.3;29.0;4.0;1;1;0;0;8.7;0.0;0.0;0.0;0.0;0.0;0.0;0.0;0.0;0.0;0.0;7.3;0.0;0.0;0.0;0.0;0.0;0.0;0.0;0.0;0.0;0.0;0.0;0.0;0.0;0.0;1.8;0.0;21.5;0.0;0.0;1.0;1.0;1.0;1.0;1.0;1.0;1.0;1.0;1;1.0;1;1;1;1;1;1;1.0;1.0;1;1;1;1;1;1.0;1;1;1;1;1.0;1.0;1.0;1971;8;False
1971-08-01;349000;2;1;21.5;39.3;29.0;4.0;1;1;0;0;8.7;0.0;0.0;0.0;0.0;0.0;0.0;0.0;0.0;0.0;0.0;7.3;0.0;0.0;0.0;0.0;0.0;0.0;0.0;0.0;0.0;0.0;0.0;0.0;0.0;0.0;1.8;0.0;21.5;0.0;0.0;1.0;1.0;1.0;1.0;1.0;1.0;1.0;1.0;1;1.0;1;1;1;1;1;1;1.0;1.0;1;1;1;1;1;1.0;1;1;1;1;1.0;1.0;1.0;1971;8;False
1971-09-01;349000;1;1;24.9;41.1;12.0;5.0;1;1;0;0;0.0;2.8;0.6;0.0;0.0;0.0;0.0;0.0;0.0;0.0;0.0;24.9;0.0;3.6;9.2;0.0;0.0;0.0;0.0;0.0;0.0;0.0;0.0;0.0;0.0;0.0;0.0;0.0;0.0;0.0;;1.0;1.0;1.0;1.0;1.0;1.0;1.0;1.0;1;1.0;1;1;1;1;1;1;1.0;1.0;1;1;1;1;1;1.0;1;1;1;1;1.0;1.0;0.0;1971;9;False
1971-09-01;349000;2;1;24.9;41.1;12.0;5.0;1;1;0;0;0.0;2.8;0.6;0.0;0.0;0.0;0.0;0.0;0.0;0.0;0.0;24.9;0.0;3.6;9.2;0.0;0.0;0.0;0.0;0.0;0.0;0.0;0.0;0.0;0.0;0.0;0.0;0.0;0.0;0.0;;1.0;1.0;1.0;1.0;1.0;1.0;1.0;1.0;1;1.0;1;1;1;1;1;1;1.0;1.0;1;1;1;1;1;1.0;1;1;1;1;1.0;1.0;0.0;1971;9;False
1971-10-01;349000;1;1;52.8;114.5;24.0;14.0;1;1;0;0;0.0;1.3;0.0;1.0;0.0;0.7;0.0;0.2;0.0;0.0;0.0;4.5;0.0;15.8;0.0;1.5;3.8;1.7;0.0;0.5;26.9;3.1;0.7;52.8;0.0;0.0;0.0;0.0;0.0;0.0;0.0;1.0;1.0;1.0;1.0;1.0;1.0;1.0;1.0;1;1.0;1;1;1;1;1;1;1.0;1.0;1;1;1;1;1;1.0;1;1;1;1;1.0;1.0;1.0;1971;10;False
1971-10-01;349000;2;1;52.8;114.5;24.0;14.0;1;1;0;0;0.0;1.3;0.0;1.0;0.0;0.7;0.0;0.2;0.0;0.0;0.0;4.5;0.0;15.8;0.0;1.5;3.8;1.7;0.0;0.5;26.9;3.1;0.7;52.8;0.0;0.0;0.0;0.0;0.0;0.0;0.0;1.0;1.0;1.0;1.0;1.0;1.0;1.0;1.0;1;1.0;1;1;1;1;1;1;1.0;1.0;1;1;1;1;1;1.0;1;1;1;1;1.0;1.0;1.0;1971;10;False
1971-11-01;349000;2;1;14.0;36.4;21.0;10.0;1;1;0;0;1.9;0.0;0.0;0.0;0.0;0.0;0.0;0.0;0.0;0.9;2.8;0.0;0.0;0.0;0.0;0.0;0.0;0.0;0.0;8.5;14.0;4.0;1.0;0.0;1.4;0.6;1.3;0.0;0.0;0.0;;1.0;1.0;1.0;1.0;1.0;1.0;1.0;1.0;1;1.0;1;1;1;1;1;1;1.0;1.0;1;1;1;1;1;1.0;1;1;1;1;1.0;1.0;0.0;1971;11;False
1971-11-01;349000;1;1;14.0;36.4;21.0;10.0;1;1;0;0;1.9;0.0;0.0;0.0;0.0;0.0;0.0;0.0;0.0;0.9;2.8;0.0;0.0;0.0;0.0;0.0;0.0;0.0;0.0;8.5;14.0;4.0;1.0;0.0;1.4;0.6;1.3;0.0;0.0;0.0;;1.0;1.0;1.0;1.0;1.0;1.0;1.0;1.0;1;1.0;1;1;1;1;1;1;1.0;1.0;1;1;1;1;1;1.0;1;1;1;1;1.0;1.0;0.0;1971;11;False
1971-12-01;349000;1;1;24.5;77.7;17.0;13.0;1;1;0;0;6.4;8.8;0.0;0.0;0.0;0.0;0.0;0.0;0.0;0.0;0.0;0.0;0.0;0.0;0.0;2.6;24.5;2.6;0.0;0.0;1.6;19.6;1.9;0.0;0.0;0.4;4.5;0.5;3.6;0.0;0.7;1.0;1.0;1.0;1.0;1.0;1.0;1.0;1.0;1;1.0;1;1;1;1;1;1;1.0;1.0;1;1;1;1;1;1.0;1;1;1;1;1.0;1.0;1.0;1971;12;False
1971-12-01;349000;2;1;24.5;77.7;17.0;13.0;1;1;0;0;6.4;8.8;0.0;0.0;0.0;0.0;0.0;0.0;0.0;0.0;0.0;0.0;0.0;0.0;0.0;2.6;24.5;2.6;0.0;0.0;1.6;19.6;1.9;0.0;0.0;0.4;4.5;0.5;3.6;0.0;0.7;1.0;1.0;1.0;1.0;1.0;1.0;1.0;1.0;1;1.0;1;1;1;1;1;1;1.0;1.0;1;1;1;1;1;1.0;1;1;1;1;1.0;1.0;1.0;1971;12;False
1972-01-01;349000;1;1;57.7;262.3;17.0;23.0;1;1;0;1;6.6;0.0;0.0;0.0;2.9;0.0;4.6;0.4;0.0;1.5;17.8;23.3;3.4;0.0;12.4;19.6;57.7;18.6;0.2;11.4;1.1;5.4;0.0;0.0;24.8;2.7;9.0;3.0;6.8;9.3;19.8;1.0;1.0;1.0;1.0;1.0;1.0;1.0;1.0;1;1.0;1;1;1;1;1;1;1.0;1.0;1;1;1;1;1;1.0;1;1;1;1;1.0;1.0;1.0;1972;1;False
1972-01-01;349000;2;1;57.7;262.3;17.0;23.0;1;1;0;1;6.6;0.0;0.0;0.0;2.9;0.0;4.6;0.4;0.0;1.5;17.8;23.3;3.4;0.0;12.4;19.6;57.7;18.6;0.2;11.4;1.1;5.4;0.0;0.0;24.8;2.7;9.0;3.0;6.8;9.3;19.8;1.0;1.0;1.0;1.0;1.0;1.0;1.0;1.0;1;1.0;1;1;1;1;1;1;1.0;1.0;1;1;1;1;1;1.0;1;1;1;1;1.0;1.0;1.0;1972;1;False
1972-02-01;349000;1;1;93.4;287.6;22.0;22.0;1;1;0;1;0.3;0.9;6.5;0.0;4.7;37.7;3.5;7.4;2.6;3.3;38.9;11.3;10.4;0.0;5.9;0.0;30.8;0.0;2.2;0.3;0.5;93.4;2.2;0.0;2.1;0.0;14.8;7.9;0.0;;;1.0;1.0;1.0;1.0;1.0;1.0;1.0;1.0;1;1.0;1;1;1;1;1;1;1.0;1.0;1;1;1;1;1;1.0;1;1;1;1;1.0;0.0;0.0;1972;2;False
1972-02-01;349000;2;1;93.4;287.6;22.0;22.0;1;1;0;1;0.3;0.9;6.5;0.0;4.7;37.7;3.5;7.4;2.6;3.3;38.9;11.3;10.4;0.0;5.9;0.0;30.8;0.0;2.2;0.3;0.5;93.4;2.2;0.0;2.1;0.0;14.8;7.9;0.0;;;1.0;1.0;1.0;1.0;1.0;1.0;1.0;1.0;1;1.0;1;1;1;1;1;1;1.0;1.0;1;1;1;1;1;1.0;1;1;1;1;1.0;0.0;0.0;1972;2;False
1972-03-01;349000;1;1;59.2;356.7;11.0;27.0;1;1;0;1;19.6;23.4;0.8;31.1;12.2;10.2;2.5;4.3;10.8;0.4;59.2;3.0;0.0;1.3;17.1;6.2;8.8;11.0;15.6;6.4;1.8;17.9;11.6;0.0;0.0;13.2;10.6;0.0;3.1;49.0;5.6;1.0;1.0;1.0;1.0;1.0;1.0;1.0;1.0;1;1.0;1;1;1;1;1;1;1.0;1.0;1;1;1;1;1;1.0;1;1;1;1;1.0;1.0;1.0;1972;3;False
1972-03-01;349000;2;1;59.2;356.7;11.0;27.0;1;1;0;1;19.6;23.4;0.8;31.1;12.2;10.2;2.5;4.3;10.8;0.4;59.2;3.0;0.0;1.3;17.1;6.2;8.8;11.0;15.6;6.4;1.8;17.9;11.6;0.0;0.0;13.2;10.6;0.0;3.1;49.0;5.6;1.0;1.0;1.0;1.0;1.0;1.0;1.0;1.0;1;1.0;1;1;1;1;1;1;1.0;1.0;1;1;1;1;1;1.0;1;1;1;1;1.0;1.0;1.0;1972;3;False
1972-04-01;349000;2;1;47.2;310.4;20.0;24.0;1;1;0;1;1.2;2.3;4.5;25.4;19.8;0.0;0.0;0.0;2.8;10.2;27.5;13.9;12.8;0.0;2.6;24.2;44.0;2.7;0.0;47.2;16.6;1.2;20.4;0.0;3.1;5.2;10.8;2.0;6.2;3.8;;1.0;1.0;1.0;1.0;1.0;1.0;1.0;1.0;1;1.0;1;1;1;1;1;1;1.0;1.0;1;1;1;1;1;1.0;1;1;1;1;1.0;1.0;0.0;1972;4;False
1972-04-01;349000;1;1;47.2;310.4;20.0;24.0;1;1;0;1;1.2;2.3;4.5;25.4;19.8;0.0;0.0;0.0;2.8;10.2;27.5;13.9;12.8;0.0;2.6;24.2;44.0;2.7;0.0;47.2;16.6;1.2;20.4;0.0;3.1;5.2;10.8;2.0;6.2;3.8;;1.0;1.0;1.0;1.0;1.0;1.0;1.0;1.0;1;1.0;1;1;1;1;1;1;1.0;1.0;1;1;1;1;1;1.0;1;1;1;1;1.0;1.0;0.0;1972;4;False
1972-05-01;349000;1;1;31.0;137.2;18.0;23.0;1;1;0;1;0.0;2.0;11.3;3.5;0.5;6.3;11.4;10.4;0.0;3.8;9.1;10.7;0.0;0.0;9.0;0.6;0.8;31.0;0.0;2.0;1.0;0.2;1.8;3.6;2.7;0.2;0.0;0.0;0.0;14.9;0.4;1.0;1.0;1.0;1.0;1.0;1.0;1.0;1.0;1;1.0;1;1;1;1;1;1;1.0;1.0;1;1;1;1;1;1.0;1;1;1;1;1.0;1.0;1.0;1972;5;False
1972-05-01;349000;2;1;31.0;137.2;18.0;23.0;1;1;0;1;0.0;2.0;11.3;3.5;0.5;6.3;11.4;10.4;0.0;3.8;9.1;10.7;0.0;0.0;9.0;0.6;0.8;31.0;0.0;2.0;1.0;0.2;1.8;3.6;2.7;0.2;0.0;0.0;0.0;14.9;0.4;1.0;1.0;1.0;1.0;1.0;1.0;1.0;1.0;1;1.0;1;1;1;1;1;1;1.0;1.0;1;1;1;1;1;1.0;1;1;1;1;1.0;1.0;1.0;1972;5;False
1972-06-01;349000;1;1;37.0;122.4;20.0;19.0;1;1;0;1;17.7;5.5;7.0;0.0;2.2;3.1;5.6;0.0;7.3;3.9;0.0;3.7;0.0;0.0;3.0;3.9;0.8;0.0;2.5;37.0;0.0;4.6;10.2;0.4;0.8;3.2;0.0;0.0;0.0;0.0;;1.0;1.0;1.0;1.0;1.0;1.0;1.0;1.0;1;1.0;1;1;1;1;1;1;1.0;1.0;1;1;1;1;1;1.0;1;1;1;1;1.0;1.0;0.0;1972;6;False
1972-06-01;349000;2;1;37.0;122.4;20.0;19.0;1;1;0;1;17.7;5.5;7.0;0.0;2.2;3.1;5.6;0.0;7.3;3.9;0.0;3.7;0.0;0.0;3.0;3.9;0.8;0.0;2.5;37.0;0.0;4.6;10.2;0.4;0.8;3.2;0.0;0.0;0.0;0.0;;1.0;1.0;1.0;1.0;1.0;1.0;1.0;1.0;1;1.0;1;1;1;1;1;1;1.0;1.0;1;1;1;1;1;1.0;1;1;1;1;1.0;1.0;0.0;1972;6;False
1972-07-01;349000;1;1;30.0;48.6;31.0;9.0;1;1;0;1;0.0;5.7;0.0;0.0;0.0;3.2;2.0;0.0;0.0;3.1;2.3;0.0;0.4;0.7;0.0;0.0;0.0;0.0;0.0;0.0;0.0;0.0;0.0;0.0;1.2;0.0;0.0;0.0;0.0;0.0;30.0;1.0;1.0;1.0;1.0;1.0;1.0;1.0;1.0;1;1.0;1;1;1;1;1;1;1.0;1.0;1;1;1;1;1;1.0;1;1;1;1;1.0;1.0;1.0;1972;7;False
1972-07-01;349000;2;1;30.0;48.6;31.0;9.0;1;1;0;1;0.0;5.7;0.0;0.0;0.0;3.2;2.0;0.0;0.0;3.1;2.3;0.0;0.4;0.7;0.0;0.0;0.0;0.0;0.0;0.0;0.0;0.0;0.0;0.0;1.2;0.0;0.0;0.0;0.0;0.0;30.0;1.0;1.0;1.0;1.0;1.0;1.0;1.0;1.0;1;1.0;1;1;1;1;1;1;1.0;1.0;1;1;1;1;1;1.0;1;1;1;1;1.0;1.0;1.0;1972;7;False
1972-08-01;349000;2;1;10.3;33.2;30.0;11.0;1;1;0;1;1.0;5.8;0.0;0.0;0.0;0.0;0.0;0.0;0.0;0.0;3.8;3.0;0.0;0.0;0.7;0.0;3.0;0.0;0.5;4.2;0.0;0.5;0.0;0.0;0.0;0.0;0.4;0.0;0.0;10.3;0.0;1.0;1.0;1.0;1.0;1.0;1.0;1.0;1.0;1;1.0;1;1;1;1;1;1;1.0;1.0;1;1;1;1;1;1.0;1;1;1;1;1.0;1.0;1.0;1972;8;False
1972-08-01;349000;1;1;10.3;33.2;30.0;11.0;1;1;0;1;1.0;5.8;0.0;0.0;0.0;0.0;0.0;0.0;0.0;0.0;3.8;3.0;0.0;0.0;0.7;0.0;3.0;0.0;0.5;4.2;0.0;0.5;0.0;0.0;0.0;0.0;0.4;0.0;0.0;10.3;0.0;1.0;1.0;1.0;1.0;1.0;1.0;1.0;1.0;1;1.0;1;1;1;1;1;1;1.0;1.0;1;1;1;1;1;1.0;1;1;1;1;1.0;1.0;1.0;1972;8;False
1972-09-01;349000;2;1;5.6;13.8;2.0;4.0;1;1;0;1;0.0;5.6;0.0;0.0;1.0;0.0;0.0;0.0;0.0;0.0;4.9;0.0;0.0;0.0;0.0;0.0;2.3;0.0;0.0;0.0;0.0;0.0;0.0;0.0;0.0;0.0;0.0;0.0;0.0;0.0;;1.0;1.0;1.0;1.0;1.0;1.0;1.0;1.0;1;1.0;1;1;1;1;1;1;1.0;1.0;1;1;1;1;1;1.0;1;1;1;1;1.0;1.0;0.0;1972;9;False
1972-09-01;349000;1;1;5.6;13.8;2.0;4.0;1;1;0;1;0.0;5.6;0.0;0.0;1.0;0.0;0.0;0.0;0.0;0.0;4.9;0.0;0.0;0.0;0.0;0.0;2.3;0.0;0.0;0.0;0.0;0.0;0.0;0.0;0.0;0.0;0.0;0.0;0.0;0.0;;1.0;1.0;1.0;1.0;1.0;1.0;1.0;1.0;1;1.0;1;1;1;1;1;1;1.0;1.0;1;1;1;1;1;1.0;1;1;1;1;1.0;1.0;0.0;1972;9;False
1972-10-01;349000;2;1;23.2;44.1;29.0;5.0;1;1;0;1;0.0;0.0;0.0;0.0;0.0;0.0;0.0;0.0;0.0;0.0;0.0;0.0;0.0;0.0;0.0;0.0;0.0;0.6;12.6;0.0;2.6;0.0;5.1;0.0;0.0;0.0;0.0;0.0;23.2;0.0;0.0;1.0;1.0;1.0;1.0;1.0;1.0;1.0;1.0;1;1.0;1;1;1;1;1;1;1.0;1.0;1;1;1;1;1;1.0;1;1;1;1;1.0;1.0;1.0;1972;10;False
1972-10-01;349000;1;1;23.2;44.1;29.0;5.0;1;1;0;1;0.0;0.0;0.0;0.0;0.0;0.0;0.0;0.0;0.0;0.0;0.0;0.0;0.0;0.0;0.0;0.0;0.0;0.6;12.6;0.0;2.6;0.0;5.1;0.0;0.0;0.0;0.0;0.0;23.2;0.0;0.0;1.0;1.0;1.0;1.0;1.0;1.0;1.0;1.0;1;1.0;1;1;1;1;1;1;1.0;1.0;1;1;1;1;1;1.0;1;1;1;1;1.0;1.0;1.0;1972;10;False
1972-11-01;349000;1;1;134.4;186.4;28.0;7.0;1;1;0;1;5.5;29.8;0.0;1.6;0.0;0.0;0.0;1.0;0.0;0.0;0.0;0.0;0.0;0.0;0.0;0.0;0.0;0.0;0.0;0.0;0.0;0.0;0.0;0.0;0.0;0.0;0.0;134.4;13.1;1.0;;1.0;1.0;1.0;1.0;1.0;1.0;1.0;1.0;1;1.0;1;1;1;1;1;1;1.0;1.0;1;1;1;1;1;1.0;1;1;1;1;1.0;1.0;0.0;1972;11;False
1972-11-01;349000;2;1;134.4;186.4;28.0;7.0;1;1;0;1;5.5;29.8;0.0;1.6;0.0;0.0;0.0;1.0;0.0;0.0;0.0;0.0;0.0;0.0;0.0;0.0;0.0;0.0;0.0;0.0;0.0;0.0;0.0;0.0;0.0;0.0;0.0;134.4;13.1;1.0;;1.0;1.0;1.0;1.0;1.0;1.0;1.0;1.0;1;1.0;1;1;1;1;1;1;1.0;1.0;1;1;1;1;1;1.0;1;1;1;1;1.0;1.0;0.0;1972;11;False
1972-12-01;349000;1;1;48.6;213.2;23.0;14.0;1;1;0;1;0.0;0.0;0.0;0.0;0.0;0.0;0.0;27.0;0.0;0.0;0.0;0.0;0.0;0.0;0.0;1.2;0.0;0.0;44.2;2.1;14.0;6.8;48.6;3.6;1.1;5.7;8.4;28.7;7.9;0.0;13.9;1.0;1.0;1.0;1.0;1.0;1.0;1.0;1.0;1;1.0;1;1;1;1;1;1;1.0;1.0;1;1;1;1;1;1.0;1;1;1;1;1.0;1.0;1.0;1972;12;False
1972-12-01;349000;2;1;48.6;213.2;23.0;14.0;1;1;0;1;0.0;0.0;0.0;0.0;0.0;0.0;0.0;27.0;0.0;0.0;0.0;0.0;0.0;0.0;0.0;1.2;0.0;0.0;44.2;2.1;14.0;6.8;48.6;3.6;1.1;5.7;8.4;28.7;7.9;0.0;13.9;1.0;1.0;1.0;1.0;1.0;1.0;1.0;1.0;1;1.0;1;1;1;1;1;1;1.0;1.0;1;1;1;1;1;1.0;1;1;1;1;1.0;1.0;1.0;1972;12;False
1973-01-01;349000;1;1;51.8;306.8;11.0;25.0;1;1;0;1;21.2;15.2;0.0;0.0;0.8;10.5;12.1;15.5;1.0;3.4;51.8;11.0;6.5;2.2;3.4;14.4;7.0;0.0;25.0;35.6;13.5;1.1;29.3;8.0;0.0;0.0;2.5;0.0;2.5;9.8;3.5;1.0;1.0;1.0;1.0;1.0;1.0;1.0;1.0;1;1.0;1;1;1;1;1;1;1.0;1.0;1;1;1;1;1;1.0;1;1;1;1;1.0;1.0;1.0;1973;1;False
1973-01-01;349000;2;1;51.8;306.8;11.0;25.0;1;1;0;1;21.2;15.2;0.0;0.0;0.8;10.5;12.1;15.5;1.0;3.4;51.8;11.0;6.5;2.2;3.4;14.4;7.0;0.0;25.0;35.6;13.5;1.1;29.3;8.0;0.0;0.0;2.5;0.0;2.5;9.8;3.5;1.0;1.0;1.0;1.0;1.0;1.0;1.0;1.0;1;1.0;1;1;1;1;1;1;1.0;1.0;1;1;1;1;1;1.0;1;1;1;1;1.0;1.0;1.0;1973;1;False
1973-02-01;349000;1;1;44.6;347.3;10.0;23.0;1;1;0;1;8.8;4.8;1.7;4.4;35.2;16.2;0.6;0.0;0.0;44.6;0.0;4.4;2.3;0.0;20.2;11.8;0.0;1.0;9.0;23.8;29.7;18.9;21.6;15.5;21.8;21.7;17.0;12.3;;;;1.0;1.0;1.0;1.0;1.0;1.0;1.0;1.0;1;1.0;1;1;1;1;1;1;1.0;1.0;1;1;1;1;1;1.0;1;1;1;1;0.0;0.0;0.0;1973;2;False
1973-02-01;349000;2;1;44.6;347.3;10.0;23.0;1;1;0;1;8.8;4.8;1.7;4.4;35.2;16.2;0.6;0.0;0.0;44.6;0.0;4.4;2.3;0.0;20.2;11.8;0.0;1.0;9.0;23.8;29.7;18.9;21.6;15.5;21.8;21.7;17.0;12.3;;;;1.0;1.0;1.0;1.0;1.0;1.0;1.0;1.0;1;1.0;1;1;1;1;1;1;1.0;1.0;1;1;1;1;1;1.0;1;1;1;1;0.0;0.0;0.0;1973;2;False
1973-03-01;349000;2;1;48.0;499.2;6.0;28.0;1;1;0;1;1.0;9.5;0.4;0.0;5.2;48.0;45.1;10.8;24.3;15.6;23.2;0.0;25.4;0.6;17.4;6.7;11.5;17.4;0.0;12.4;28.2;4.0;24.2;28.6;20.1;15.4;15.4;17.0;29.3;0.5;42.0;1.0;1.0;1.0;1.0;1.0;1.0;1.0;1.0;1;1.0;1;1;1;1;1;1;1.0;1.0;1;1;1;1;1;1.0;1;1;1;1;1.0;1.0;1.0;1973;3;False
1973-03-01;349000;1;1;48.0;499.2;6.0;28.0;1;1;0;1;1.0;9.5;0.4;0.0;5.2;48.0;45.1;10.8;24.3;15.6;23.2;0.0;25.4;0.6;17.4;6.7;11.5;17.4;0.0;12.4;28.2;4.0;24.2;28.6;20.1;15.4;15.4;17.0;29.3;0.5;42.0;1.0;1.0;1.0;1.0;1.0;1.0;1.0;1.0;1;1.0;1;1;1;1;1;1;1.0;1.0;1;1;1;1;1;1.0;1;1;1;1;1.0;1.0;1.0;1973;3;False
1973-04-01;349000;1;1;79.1;558.0;26.0;23.0;1;1;0;1;14.8;0.0;8.8;23.9;32.9;0.3;4.2;22.7;30.9;9.8;28.9;30.5;0.0;0.0;0.0;21.6;63.1;39.5;2.0;8.0;2.4;23.7;20.0;28.0;5.4;79.1;0.0;57.5;0.0;0.0;;1.0;1.0;1.0;1.0;1.0;1.0;1.0;1.0;1;1.0;1;1;1;1;1;1;1.0;1.0;1;1;1;1;1;1.0;1;1;1;1;1.0;1.0;0.0;1973;4;False
1973-04-01;349000;2;1;79.1;558.0;26.0;23.0;1;1;0;1;14.8;0.0;8.8;23.9;32.9;0.3;4.2;22.7;30.9;9.8;28.9;30.5;0.0;0.0;0.0;21.6;63.1;39.5;2.0;8.0;2.4;23.7;20.0;28.0;5.4;79.1;0.0;57.5;0.0;0.0;;1.0;1.0;1.0;1.0;1.0;1.0;1.0;1.0;1;1.0;1;1;1;1;1;1;1.0;1.0;1;1;1;1;1;1.0;1;1;1;1;1.0;1.0;0.0;1973;4;False
1973-05-01;349000;1;1;50.2;282.0;29.0;23.0;1;1;0;1;0.0;4.0;45.0;17.3;11.2;3.6;6.3;5.8;25.0;0.4;1.3;35.0;30.8;5.6;4.7;0.0;1.8;3.8;2.6;3.3;0.0;1.5;0.0;0.0;0.0;7.2;10.0;0.0;50.2;0.0;5.6;1.0;1.0;1.0;1.0;1.0;1.0;1.0;1.0;1;1.0;1;1;1;1;1;1;1.0;1.0;1;1;1;1;1;1.0;1;1;1;1;1.0;1.0;1.0;1973;5;False
1973-05-01;349000;2;1;50.2;282.0;29.0;23.0;1;1;0;1;0.0;4.0;45.0;17.3;11.2;3.6;6.3;5.8;25.0;0.4;1.3;35.0;30.8;5.6;4.7;0.0;1.8;3.8;2.6;3.3;0.0;1.5;0.0;0.0;0.0;7.2;10.0;0.0;50.2;0.0;5.6;1.0;1.0;1.0;1.0;1.0;1.0;1.0;1.0;1;1.0;1;1;1;1;1;1;1.0;1.0;1;1;1;1;1;1.0;1;1;1;1;1.0;1.0;1.0;1973;5;False
1973-06-01;349000;1;1;29.2;137.9;19.0;19.0;1;1;0;1;0.0;4.0;2.1;0.0;0.0;0.7;0.0;3.8;0.0;0.0;20.8;1.6;0.5;6.8;0.0;9.9;5.5;0.8;29.2;7.6;0.0;14.7;13.8;0.0;0.0;0.8;0.0;4.7;2.0;8.6;;1.0;1.0;1.0;1.0;1.0;1.0;1.0;1.0;1;1.0;1;1;1;1;1;1;1.0;1.0;1;1;1;1;1;1.0;1;1;1;1;1.0;1.0;0.0;1973;6;False
1973-06-01;349000;2;1;29.2;137.9;19.0;19.0;1;1;0;1;0.0;4.0;2.1;0.0;0.0;0.7;0.0;3.8;0.0;0.0;20.8;1.6;0.5;6.8;0.0;9.9;5.5;0.8;29.2;7.6;0.0;14.7;13.8;0.0;0.0;0.8;0.0;4.7;2.0;8.6;;1.0;1.0;1.0;1.0;1.0;1.0;1.0;1.0;1;1.0;1;1;1;1;1;1;1.0;1.0;1;1;1;1;1;1.0;1;1;1;1;1.0;1.0;0.0;1973;6;False
1973-07-01;349000;1;1;51.3;243.3;23.0;14.0;1;1;0;1;0.0;0.0;13.8;0.0;29.0;0.0;2.0;0.0;0.0;5.0;0.8;0.0;2.7;0.0;0.0;0.0;0.0;0.0;11.0;0.0;44.6;0.0;51.3;0.0;21.6;9.2;15.3;0.0;0.0;11.7;25.3;1.0;1.0;1.0;1.0;1.0;1.0;1.0;1.0;1;1.0;1;1;1;1;1;1;1.0;1.0;1;1;1;1;1;1.0;1;1;1;1;1.0;1.0;1.0;1973;7;False
1973-07-01;349000;2;1;51.3;243.3;23.0;14.0;1;1;0;1;0.0;0.0;13.8;0.0;29.0;0.0;2.0;0.0;0.0;5.0;0.8;0.0;2.7;0.0;0.0;0.0;0.0;0.0;11.0;0.0;44.6;0.0;51.3;0.0;21.6;9.2;15.3;0.0;0.0;11.7;25.3;1.0;1.0;1.0;1.0;1.0;1.0;1.0;1.0;1;1.0;1;1;1;1;1;1;1.0;1.0;1;1;1;1;1;1.0;1;1;1;1;1.0;1.0;1.0;1973;7;False
1973-08-01;349000;1;1;13.0;41.7;18.0;9.0;1;1;0;1;7.4;0.0;0.0;0.0;7.2;0.0;0.0;0.0;0.0;1.8;0.0;0.0;0.0;0.7;1.2;5.0;2.0;13.0;0.0;0.0;0.0;0.0;0.0;0.0;0.0;3.4;0.0;0.0;0.0;0.0;0.0;1.0;1.0;1.0;1.0;1.0;1.0;1.0;1.0;1;1.0;1;1;1;1;1;1;1.0;1.0;1;1;1;1;1;1.0;1;1;1;1;1.0;1.0;1.0;1973;8;False
1973-08-01;349000;2;1;13.0;41.7;18.0;9.0;1;1;0;1;7.4;0.0;0.0;0.0;7.2;0.0;0.0;0.0;0.0;1.8;0.0;0.0;0.0;0.7;1.2;5.0;2.0;13.0;0.0;0.0;0.0;0.0;0.0;0.0;0.0;3.4;0.0;0.0;0.0;0.0;0.0;1.0;1.0;1.0;1.0;1.0;1.0;1.0;1.0;1;1.0;1;1;1;1;1;1;1.0;1.0;1;1;1;1;1;1.0;1;1;1;1;1.0;1.0;1.0;1973;8;False
1973-09-01;349000;1;1;22.6;61.3;4.0;11.0;1;1;0;1;0.0;0.0;0.0;22.6;1.2;0.0;0.0;0.5;2.2;0.0;0.0;0.0;4.6;0.0;0.0;0.0;7.8;0.5;5.4;0.0;10.8;0.0;0.0;0.0;0.0;0.0;0.0;0.0;4.1;1.6;;1.0;1.0;1.0;1.0;1.0;1.0;1.0;1.0;1;1.0;1;1;1;1;1;1;1.0;1.0;1;1;1;1;1;1.0;1;1;1;1;1.0;1.0;0.0;1973;9;False
1973-09-01;349000;2;1;22.6;61.3;4.0;11.0;1;1;0;1;0.0;0.0;0.0;22.6;1.2;0.0;0.0;0.5;2.2;0.0;0.0;0.0;4.6;0.0;0.0;0.0;7.8;0.5;5.4;0.0;10.8;0.0;0.0;0.0;0.0;0.0;0.0;0.0;4.1;1.6;;1.0;1.0;1.0;1.0;1.0;1.0;1.0;1.0;1;1.0;1;1;1;1;1;1;1.0;1.0;1;1;1;1;1;1.0;1;1;1;1;1.0;1.0;0.0;1973;9;False
1973-10-01;349000;2;1;17.3;74.2;21.0;14.0;1;1;0;1;0.8;1.2;0.8;0.0;0.0;0.0;0.0;0.0;0.0;0.0;0.0;0.0;0.0;0.0;0.0;0.0;0.0;9.2;0.0;6.6;17.3;1.8;7.4;0.0;7.0;2.0;12.7;2.0;0.0;2.2;3.2;1.0;1.0;1.0;1.0;1.0;1.0;1.0;1.0;1;1.0;1;1;1;1;1;1;1.0;1.0;1;1;1;1;1;1.0;1;1;1;1;1.0;1.0;1.0;1973;10;False
1973-10-01;349000;1;1;17.3;74.2;21.0;14.0;1;1;0;1;0.8;1.2;0.8;0.0;0.0;0.0;0.0;0.0;0.0;0.0;0.0;0.0;0.0;0.0;0.0;0.0;0.0;9.2;0.0;6.6;17.3;1.8;7.4;0.0;7.0;2.0;12.7;2.0;0.0;2.2;3.2;1.0;1.0;1.0;1.0;1.0;1.0;1.0;1.0;1;1.0;1;1;1;1;1;1;1.0;1.0;1;1;1;1;1;1.0;1;1;1;1;1.0;1.0;1.0;1973;10;False
1973-11-01;349000;1;1;58.3;90.5;29.0;9.0;1;1;0;1;5.0;0.0;0.0;0.0;0.0;0.0;1.2;0.0;0.0;0.0;3.0;0.0;0.0;0.0;0.0;0.0;0.0;0.0;14.4;0.0;0.0;0.0;2.4;3.0;2.2;0.0;0.0;0.0;58.3;1.0;;1.0;1.0;1.0;1.0;1.0;1.0;1.0;1.0;1;1.0;1;1;1;1;1;1;1.0;1.0;1;1;1;1;1;1.0;1;1;1;1;1.0;1.0;0.0;1973;11;False
1973-11-01;349000;2;1;58.3;90.5;29.0;9.0;1;1;0;1;5.0;0.0;0.0;0.0;0.0;0.0;1.2;0.0;0.0;0.0;3.0;0.0;0.0;0.0;0.0;0.0;0.0;0.0;14.4;0.0;0.0;0.0;2.4;3.0;2.2;0.0;0.0;0.0;58.3;1.0;;1.0;1.0;1.0;1.0;1.0;1.0;1.0;1.0;1;1.0;1;1;1;1;1;1;1.0;1.0;1;1;1;1;1;1.0;1;1;1;1;1.0;1.0;0.0;1973;11;False
1973-12-01;349000;1;1;32.2;241.2;2.0;20.0;1;1;0;1;0.0;32.2;17.6;1.3;7.2;0.0;2.0;0.0;1.4;0.0;8.1;26.2;12.0;1.0;0.0;0.0;2.4;0.0;23.0;11.2;22.8;0.0;8.3;28.2;2.3;0.0;0.0;3.6;0.0;22.8;7.6;1.0;1.0;1.0;1.0;1.0;1.0;1.0;1.0;1;1.0;1;1;1;1;1;1;1.0;1.0;1;1;1;1;1;1.0;1;1;1;1;1.0;1.0;1.0;1973;12;False
1973-12-01;349000;2;1;32.2;241.2;2.0;20.0;1;1;0;1;0.0;32.2;17.6;1.3;7.2;0.0;2.0;0.0;1.4;0.0;8.1;26.2;12.0;1.0;0.0;0.0;2.4;0.0;23.0;11.2;22.8;0.0;8.3;28.2;2.3;0.0;0.0;3.6;0.0;22.8;7.6;1.0;1.0;1.0;1.0;1.0;1.0;1.0;1.0;1;1.0;1;1;1;1;1;1;1.0;1.0;1;1;1;1;1;1.0;1;1;1;1;1.0;1.0;1.0;1973;12;False
1974-01-01;349000;1;1;104.4;451.5;19.0;18.0;1;1;0;1;0.0;0.0;4.0;0.0;0.0;0.0;0.0;0.0;0.0;1.0;0.0;23.3;10.0;58.2;14.4;94.4;79.5;0.0;104.4;2.8;6.4;24.3;0.0;3.0;0.8;0.6;4.4;18.8;1.2;0.0;0.0;1.0;1.0;1.0;1.0;1.0;1.0;1.0;1.0;1;1.0;1;1;1;1;1;1;1.0;1.0;1;1;1;1;1;1.0;1;1;1;1;1.0;1.0;1.0;1974;1;False
1974-01-01;349000;2;1;104.4;451.5;19.0;18.0;1;1;0;1;0.0;0.0;4.0;0.0;0.0;0.0;0.0;0.0;0.0;1.0;0.0;23.3;10.0;58.2;14.4;94.4;79.5;0.0;104.4;2.8;6.4;24.3;0.0;3.0;0.8;0.6;4.4;18.8;1.2;0.0;0.0;1.0;1.0;1.0;1.0;1.0;1.0;1.0;1.0;1;1.0;1;1;1;1;1;1;1.0;1.0;1;1;1;1;1;1.0;1;1;1;1;1.0;1.0;1.0;1974;1;False
1974-02-01;349000;1;1;81.4;470.1;23.0;24.0;1;1;0;1;19.4;76.6;1.2;15.1;1.4;1.6;2.8;11.0;19.1;61.2;57.8;0.0;1.2;1.4;8.8;6.6;0.0;9.7;1.1;57.7;28.8;0.0;81.4;1.0;1.0;0.0;2.4;1.8;;;;1.0;1.0;1.0;1.0;1.0;1.0;1.0;1.0;1;1.0;1;1;1;1;1;1;1.0;1.0;1;1;1;1;1;1.0;1;1;1;1;0.0;0.0;0.0;1974;2;False
1974-02-01;349000;2;1;81.4;470.1;23.0;24.0;1;1;0;1;19.4;76.6;1.2;15.1;1.4;1.6;2.8;11.0;19.1;61.2;57.8;0.0;1.2;1.4;8.8;6.6;0.0;9.7;1.1;57.7;28.8;0.0;81.4;1.0;1.0;0.0;2.4;1.8;;;;1.0;1.0;1.0;1.0;1.0;1.0;1.0;1.0;1;1.0;1;1;1;1;1;1;1.0;1.0;1;1;1;1;1;1.0;1;1;1;1;0.0;0.0;0.0;1974;2;False
1974-03-01;349000;1;1;85.8;584.4;19.0;26.0;1;1;0;1;18.2;29.0;2.4;2.2;1.0;0.0;17.2;7.6;3.2;17.0;51.9;7.3;69.1;0.0;16.7;13.8;73.4;42.6;85.8;35.5;0.6;24.6;1.0;4.4;25.7;7.2;4.3;0.0;22.7;0.0;0.0;1.0;1.0;1.0;1.0;1.0;1.0;1.0;1.0;1;1.0;1;1;1;1;1;1;1.0;1.0;1;1;1;1;1;1.0;1;1;1;1;1.0;1.0;1.0;1974;3;False
1974-03-01;349000;2;1;85.8;584.4;19.0;26.0;1;1;0;1;18.2;29.0;2.4;2.2;1.0;0.0;17.2;7.6;3.2;17.0;51.9;7.3;69.1;0.0;16.7;13.8;73.4;42.6;85.8;35.5;0.6;24.6;1.0;4.4;25.7;7.2;4.3;0.0;22.7;0.0;0.0;1.0;1.0;1.0;1.0;1.0;1.0;1.0;1.0;1;1.0;1;1;1;1;1;1;1.0;1.0;1;1;1;1;1;1.0;1;1;1;1;1.0;1.0;1.0;1974;3;False
1974-04-01;349000;1;1;59.4;436.0;12.0;25.0;1;1;0;1;10.2;23.8;36.0;1.2;10.8;47.3;28.9;0.0;29.9;0.4;0.0;59.4;0.0;8.3;10.3;11.6;4.9;7.5;23.9;19.6;0.0;8.0;1.6;6.9;12.2;14.4;10.1;0.0;4.6;44.2;;1.0;1.0;1.0;1.0;1.0;1.0;1.0;1.0;1;1.0;1;1;1;1;1;1;1.0;1.0;1;1;1;1;1;1.0;1;1;1;1;1.0;1.0;0.0;1974;4;False
1974-04-01;349000;2;1;59.4;436.0;12.0;25.0;1;1;0;1;10.2;23.8;36.0;1.2;10.8;47.3;28.9;0.0;29.9;0.4;0.0;59.4;0.0;8.3;10.3;11.6;4.9;7.5;23.9;19.6;0.0;8.0;1.6;6.9;12.2;14.4;10.1;0.0;4.6;44.2;;1.0;1.0;1.0;1.0;1.0;1.0;1.0;1.0;1;1.0;1;1;1;1;1;1;1.0;1.0;1;1;1;1;1;1.0;1;1;1;1;1.0;1.0;0.0;1974;4;False
1974-05-01;349000;1;1;83.8;347.1;13.0;26.0;1;1;0;1;13.2;5.0;3.0;70.5;0.0;23.1;24.4;1.6;10.2;26.7;3.6;8.3;83.8;4.5;3.4;5.0;3.8;30.6;2.3;5.2;1.8;0.0;0.8;3.4;0.0;4.6;2.1;1.8;0.0;0.0;4.4;1.0;1.0;1.0;1.0;1.0;1.0;1.0;1.0;1;1.0;1;1;1;1;1;1;1.0;1.0;1;1;1;1;1;1.0;1;1;1;1;1.0;1.0;1.0;1974;5;False
1974-05-01;349000;2;1;83.8;347.1;13.0;26.0;1;1;0;1;13.2;5.0;3.0;70.5;0.0;23.1;24.4;1.6;10.2;26.7;3.6;8.3;83.8;4.5;3.4;5.0;3.8;30.6;2.3;5.2;1.8;0.0;0.8;3.4;0.0;4.6;2.1;1.8;0.0;0.0;4.4;1.0;1.0;1.0;1.0;1.0;1.0;1.0;1.0;1;1.0;1;1;1;1;1;1;1.0;1.0;1;1;1;1;1;1.0;1;1;1;1;1.0;1.0;1.0;1974;5;False
1974-06-01;349000;1;1;41.6;98.3;3.0;9.0;1;1;0;1;27.2;3.5;41.6;1.0;13.3;7.2;0.0;0.0;0.0;0.0;0.0;0.0;0.0;0.0;0.0;3.0;0.0;0.0;0.0;0.0;1.0;0.0;0.0;0.0;0.0;0.0;0.0;0.0;0.0;0.5;;1.0;1.0;1.0;1.0;1.0;1.0;1.0;1.0;1;1.0;1;1;1;1;1;1;1.0;1.0;1;1;1;1;1;1.0;1;1;1;1;1.0;1.0;0.0;1974;6;False
1974-06-01;349000;2;1;41.6;98.3;3.0;9.0;1;1;0;1;27.2;3.5;41.6;1.0;13.3;7.2;0.0;0.0;0.0;0.0;0.0;0.0;0.0;0.0;0.0;3.0;0.0;0.0;0.0;0.0;1.0;0.0;0.0;0.0;0.0;0.0;0.0;0.0;0.0;0.5;;1.0;1.0;1.0;1.0;1.0;1.0;1.0;1.0;1;1.0;1;1;1;1;1;1;1.0;1.0;1;1;1;1;1;1.0;1;1;1;1;1.0;1.0;0.0;1974;6;False
1974-07-01;349000;1;1;4.8;16.1;14.0;5.0;1;1;0;1;0.0;0.0;0.0;0.0;0.0;0.0;0.0;4.4;2.5;2.0;0.0;0.0;2.4;4.8;0.0;0.0;0.0;0.0;0.0;0.0;0.0;0.0;0.0;0.0;0.0;0.0;0.0;0.0;0.0;0.0;0.0;1.0;1.0;1.0;1.0;1.0;1.0;1.0;1.0;1;1.0;1;1;1;1;1;1;1.0;1.0;1;1;1;1;1;1.0;1;1;1;1;1.0;1.0;1.0;1974;7;False
1974-07-01;349000;2;1;4.8;16.1;14.0;5.0;1;1;0;1;0.0;0.0;0.0;0.0;0.0;0.0;0.0;4.4;2.5;2.0;0.0;0.0;2.4;4.8;0.0;0.0;0.0;0.0;0.0;0.0;0.0;0.0;0.0;0.0;0.0;0.0;0.0;0.0;0.0;0.0;0.0;1.0;1.0;1.0;1.0;1.0;1.0;1.0;1.0;1;1.0;1;1;1;1;1;1;1.0;1.0;1;1;1;1;1;1.0;1;1;1;1;1.0;1.0;1.0;1974;7;False
1974-08-01;349000;1;1;0.0;0.0;1.0;;1;1;0;1;0.0;0.0;0.0;0.0;0.0;0.0;0.0;0.0;0.0;0.0;0.0;0.0;0.0;0.0;0.0;0.0;0.0;0.0;0.0;0.0;0.0;0.0;0.0;0.0;0.0;0.0;0.0;0.0;0.0;0.0;0.0;1.0;1.0;1.0;1.0;1.0;1.0;1.0;1.0;1;1.0;1;1;1;1;1;1;1.0;1.0;1;1;1;1;1;1.0;1;1;1;1;1.0;1.0;1.0;1974;8;False
1974-08-01;349000;2;1;0.0;0.0;1.0;;1;1;0;1;0.0;0.0;0.0;0.0;0.0;0.0;0.0;0.0;0.0;0.0;0.0;0.0;0.0;0.0;0.0;0.0;0.0;0.0;0.0;0.0;0.0;0.0;0.0;0.0;0.0;0.0;0.0;0.0;0.0;0.0;0.0;1.0;1.0;1.0;1.0;1.0;1.0;1.0;1.0;1;1.0;1;1;1;1;1;1;1.0;1.0;1;1;1;1;1;1.0;1;1;1;1;1.0;1.0;1.0;1974;8;False
1974-09-01;349000;2;1;11.4;43.2;4.0;9.0;1;1;0;1;0.0;1.2;0.0;11.4;6.2;0.0;0.0;0.0;0.0;0.0;0.0;0.0;0.0;0.0;2.2;7.4;2.3;0.0;2.6;0.0;0.0;0.0;0.0;0.0;0.5;0.0;9.4;0.0;0.0;0.0;;1.0;1.0;1.0;1.0;1.0;1.0;1.0;1.0;1;1.0;1;1;1;1;1;1;1.0;1.0;1;1;1;1;1;1.0;1;1;1;1;1.0;1.0;0.0;1974;9;False
1974-09-01;349000;1;1;11.4;43.2;4.0;9.0;1;1;0;1;0.0;1.2;0.0;11.4;6.2;0.0;0.0;0.0;0.0;0.0;0.0;0.0;0.0;0.0;2.2;7.4;2.3;0.0;2.6;0.0;0.0;0.0;0.0;0.0;0.5;0.0;9.4;0.0;0.0;0.0;;1.0;1.0;1.0;1.0;1.0;1.0;1.0;1.0;1;1.0;1;1;1;1;1;1;1.0;1.0;1;1;1;1;1;1.0;1;1;1;1;1.0;1.0;0.0;1974;9;False
1974-10-01;349000;2;1;18.4;28.8;10.0;4.0;1;1;0;1;0.0;0.0;0.0;0.0;0.0;0.0;0.0;0.0;0.0;18.4;0.6;8.6;1.2;0.0;0.0;0.0;0.0;0.0;0.0;0.0;0.0;0.0;0.0;0.0;0.0;0.0;0.0;0.0;0.0;0.0;0.0;1.0;1.0;1.0;1.0;1.0;1.0;1.0;1.0;1;1.0;1;1;1;1;1;1;1.0;1.0;1;1;1;1;1;1.0;1;1;1;1;1.0;1.0;1.0;1974;10;False
1974-10-01;349000;1;1;18.4;28.8;10.0;4.0;1;1;0;1;0.0;0.0;0.0;0.0;0.0;0.0;0.0;0.0;0.0;18.4;0.6;8.6;1.2;0.0;0.0;0.0;0.0;0.0;0.0;0.0;0.0;0.0;0.0;0.0;0.0;0.0;0.0;0.0;0.0;0.0;0.0;1.0;1.0;1.0;1.0;1.0;1.0;1.0;1.0;1;1.0;1;1;1;1;1;1;1.0;1.0;1;1;1;1;1;1.0;1;1;1;1;1.0;1.0;1.0;1974;10;False
1974-11-01;349000;1;1;40.2;63.5;3.0;9.0;1;1;0;1;0.0;0.0;40.2;2.2;0.0;3.2;0.0;0.0;0.0;0.0;0.0;0.0;2.0;0.0;0.4;3.7;6.7;0.0;0.0;0.0;0.0;0.0;0.0;0.0;4.1;1.0;0.0;0.0;0.0;0.0;;1.0;1.0;1.0;1.0;1.0;1.0;1.0;1.0;1;1.0;1;1;1;1;1;1;1.0;1.0;1;1;1;1;1;1.0;1;1;1;1;1.0;1.0;0.0;1974;11;False
1974-11-01;349000;2;1;40.2;63.5;3.0;9.0;1;1;0;1;0.0;0.0;40.2;2.2;0.0;3.2;0.0;0.0;0.0;0.0;0.0;0.0;2.0;0.0;0.4;3.7;6.7;0.0;0.0;0.0;0.0;0.0;0.0;0.0;4.1;1.0;0.0;0.0;0.0;0.0;;1.0;1.0;1.0;1.0;1.0;1.0;1.0;1.0;1;1.0;1;1;1;1;1;1;1.0;1.0;1;1;1;1;1;1.0;1;1;1;1;1.0;1.0;0.0;1974;11;False
1974-12-01;349000;1;1;64.2;262.4;24.0;19.0;1;1;0;1;0.0;2.7;12.8;0.0;8.0;0.0;40.8;9.3;26.4;2.6;4.4;0.0;0.0;25.6;0.0;0.0;2.8;0.0;5.2;0.0;0.7;0.4;0.0;64.2;16.4;0.0;19.0;7.2;0.0;12.9;1.0;1.0;1.0;1.0;1.0;1.0;1.0;1.0;1.0;1;1.0;1;1;1;1;1;1;1.0;1.0;1;1;1;1;1;1.0;1;1;1;1;1.0;1.0;1.0;1974;12;False
1974-12-01;349000;2;1;64.2;262.4;24.0;19.0;1;1;0;1;0.0;2.7;12.8;0.0;8.0;0.0;40.8;9.3;26.4;2.6;4.4;0.0;0.0;25.6;0.0;0.0;2.8;0.0;5.2;0.0;0.7;0.4;0.0;64.2;16.4;0.0;19.0;7.2;0.0;12.9;1.0;1.0;1.0;1.0;1.0;1.0;1.0;1.0;1.0;1;1.0;1;1;1;1;1;1;1.0;1.0;1;1;1;1;1;1.0;1;1;1;1;1.0;1.0;1.0;1974;12;False
1975-01-01;349000;1;1;26.8;301.1;25.0;26.0;1;1;0;0;19.7;9.6;14.5;8.8;14.2;17.0;22.4;3.6;6.1;8.2;2.6;0.3;0.0;0.0;0.0;23.2;10.0;0.5;23.8;1.3;1.1;17.0;24.6;1.6;26.8;8.3;0.0;0.0;13.6;0.3;22.0;1.0;1.0;1.0;1.0;1.0;1.0;1.0;1.0;1;1.0;1;1;1;1;1;1;1.0;1.0;1;1;1;1;1;1.0;1;1;1;1;1.0;1.0;1.0;1975;1;False
1975-01-01;349000;2;1;26.8;301.1;25.0;26.0;1;1;0;0;19.7;9.6;14.5;8.8;14.2;17.0;22.4;3.6;6.1;8.2;2.6;0.3;0.0;0.0;0.0;23.2;10.0;0.5;23.8;1.3;1.1;17.0;24.6;1.6;26.8;8.3;0.0;0.0;13.6;0.3;22.0;1.0;1.0;1.0;1.0;1.0;1.0;1.0;1.0;1;1.0;1;1;1;1;1;1;1.0;1.0;1;1;1;1;1;1.0;1;1;1;1;1.0;1.0;1.0;1975;1;False
1975-02-01;349000;1;1;62.2;474.5;3.0;23.0;1;1;0;0;0.5;0.0;62.2;17.6;21.0;14.8;13.0;2.7;0.0;0.0;6.0;26.2;53.1;7.3;0.0;30.0;7.8;3.8;57.0;17.9;10.7;2.5;0.0;25.6;11.0;62.2;4.8;16.8;;;;1.0;1.0;1.0;1.0;1.0;1.0;1.0;1.0;1;1.0;1;1;1;1;1;1;1.0;1.0;1;1;1;1;1;1.0;1;1;1;1;0.0;0.0;0.0;1975;2;False
1975-02-01;349000;2;1;62.2;474.5;3.0;23.0;1;1;0;0;0.5;0.0;62.2;17.6;21.0;14.8;13.0;2.7;0.0;0.0;6.0;26.2;53.1;7.3;0.0;30.0;7.8;3.8;57.0;17.9;10.7;2.5;0.0;25.6;11.0;62.2;4.8;16.8;;;;1.0;1.0;1.0;1.0;1.0;1.0;1.0;1.0;1;1.0;1;1;1;1;1;1;1.0;1.0;1;1;1;1;1;1.0;1;1;1;1;0.0;0.0;0.0;1975;2;False
1975-03-01;349000;2;1;73.0;513.1;8.0;31.0;1;1;0;0;0.7;1.1;11.8;0.8;20.1;6.6;4.4;73.0;1.0;8.9;17.4;33.2;32.9;0.9;3.7;26.2;1.6;36.5;13.7;6.2;27.5;14.2;0.2;32.0;12.9;1.9;53.2;57.0;3.1;4.6;5.8;1.0;1.0;1.0;1.0;1.0;1.0;1.0;1.0;1;1.0;1;1;1;1;1;1;1.0;1.0;1;1;1;1;1;1.0;1;1;1;1;1.0;1.0;1.0;1975;3;False
1975-03-01;349000;1;1;73.0;513.1;8.0;31.0;1;1;0;0;0.7;1.1;11.8;0.8;20.1;6.6;4.4;73.0;1.0;8.9;17.4;33.2;32.9;0.9;3.7;26.2;1.6;36.5;13.7;6.2;27.5;14.2;0.2;32.0;12.9;1.9;53.2;57.0;3.1;4.6;5.8;1.0;1.0;1.0;1.0;1.0;1.0;1.0;1.0;1;1.0;1;1;1;1;1;1;1.0;1.0;1;1;1;1;1;1.0;1;1;1;1;1.0;1.0;1.0;1975;3;False
1975-04-01;349000;2;1;139.0;475.7;3.0;24.0;1;1;0;0;4.4;0.0;139.0;0.0;2.8;4.3;6.9;14.6;2.5;0.0;17.3;14.6;22.0;25.0;23.8;29.8;0.0;11.3;14.2;23.8;3.4;2.1;0.0;21.6;16.8;8.7;0.0;19.3;13.2;34.3;;1.0;1.0;1.0;1.0;1.0;1.0;1.0;1.0;1;1.0;1;1;1;1;1;1;1.0;1.0;1;1;1;1;1;1.0;1;1;1;1;1.0;1.0;0.0;1975;4;False
1975-04-01;349000;1;1;139.0;475.7;3.0;24.0;1;1;0;0;4.4;0.0;139.0;0.0;2.8;4.3;6.9;14.6;2.5;0.0;17.3;14.6;22.0;25.0;23.8;29.8;0.0;11.3;14.2;23.8;3.4;2.1;0.0;21.6;16.8;8.7;0.0;19.3;13.2;34.3;;1.0;1.0;1.0;1.0;1.0;1.0;1.0;1.0;1;1.0;1;1;1;1;1;1;1.0;1.0;1;1;1;1;1;1.0;1;1;1;1;1.0;1.0;0.0;1975;4;False
1975-05-01;349000;2;1;61.9;271.6;16.0;18.0;1;1;0;0;0.0;0.2;11.6;5.1;1.5;1.2;10.5;0.0;0.0;12.1;0.8;0.0;5.7;46.4;39.4;61.9;0.0;0.0;1.9;1.8;24.2;34.6;0.5;0.0;0.0;0.0;0.0;0.0;12.2;0.0;0.0;1.0;1.0;1.0;1.0;1.0;1.0;1.0;1.0;1;1.0;1;1;1;1;1;1;1.0;1.0;1;1;1;1;1;1.0;1;1;1;1;1.0;1.0;1.0;1975;5;False
1975-05-01;349000;1;1;61.9;271.6;16.0;18.0;1;1;0;0;0.0;0.2;11.6;5.1;1.5;1.2;10.5;0.0;0.0;12.1;0.8;0.0;5.7;46.4;39.4;61.9;0.0;0.0;1.9;1.8;24.2;34.6;0.5;0.0;0.0;0.0;0.0;0.0;12.2;0.0;0.0;1.0;1.0;1.0;1.0;1.0;1.0;1.0;1.0;1;1.0;1;1;1;1;1;1;1.0;1.0;1;1;1;1;1;1.0;1;1;1;1;1.0;1.0;1.0;1975;5;False
1975-06-01;349000;2;1;33.0;152.0;28.0;15.0;1;1;0;0;0.0;31.8;2.6;4.1;2.0;0.0;2.0;10.4;0.0;1.8;0.0;0.0;0.0;0.0;21.4;0.0;0.0;0.0;0.0;0.5;1.8;0.0;2.2;13.2;0.0;0.0;25.0;33.0;0.0;0.2;;1.0;1.0;1.0;1.0;1.0;1.0;1.0;1.0;1;1.0;1;1;1;1;1;1;1.0;1.0;1;1;1;1;1;1.0;1;1;1;1;1.0;1.0;0.0;1975;6;False
1975-06-01;349000;1;1;33.0;152.0;28.0;15.0;1;1;0;0;0.0;31.8;2.6;4.1;2.0;0.0;2.0;10.4;0.0;1.8;0.0;0.0;0.0;0.0;21.4;0.0;0.0;0.0;0.0;0.5;1.8;0.0;2.2;13.2;0.0;0.0;25.0;33.0;0.0;0.2;;1.0;1.0;1.0;1.0;1.0;1.0;1.0;1.0;1;1.0;1;1;1;1;1;1;1.0;1.0;1;1;1;1;1;1.0;1;1;1;1;1.0;1.0;0.0;1975;6;False
1975-07-01;349000;1;1;14.0;40.7;14.0;11.0;1;1;0;0;0.6;0.0;0.0;0.0;0.2;1.4;0.2;1.2;11.4;2.8;1.3;0.0;0.0;14.0;0.0;0.0;0.0;0.0;0.0;0.0;5.2;0.0;2.4;0.0;0.0;0.0;0.0;0.0;0.0;0.0;0.0;1.0;1.0;1.0;1.0;1.0;1.0;1.0;1.0;1;1.0;1;1;1;1;1;1;1.0;1.0;1;1;1;1;1;1.0;1;1;1;1;1.0;1.0;1.0;1975;7;False
1975-07-01;349000;2;1;14.0;40.7;14.0;11.0;1;1;0;0;0.6;0.0;0.0;0.0;0.2;1.4;0.2;1.2;11.4;2.8;1.3;0.0;0.0;14.0;0.0;0.0;0.0;0.0;0.0;0.0;5.2;0.0;2.4;0.0;0.0;0.0;0.0;0.0;0.0;0.0;0.0;1.0;1.0;1.0;1.0;1.0;1.0;1.0;1.0;1;1.0;1;1;1;1;1;1;1.0;1.0;1;1;1;1;1;1.0;1;1;1;1;1.0;1.0;1.0;1975;7;False
1975-08-01;349000;1;1;13.3;29.7;24.0;5.0;1;1;0;0;0.0;0.0;0.0;0.0;0.0;0.0;0.0;0.0;0.0;2.5;0.0;0.0;0.0;0.0;0.0;0.0;0.0;0.0;0.0;0.0;3.0;0.0;0.0;13.3;0.0;0.0;0.5;0.0;0.0;10.4;0.0;1.0;1.0;1.0;1.0;1.0;1.0;1.0;1.0;1;1.0;1;1;1;1;1;1;1.0;1.0;1;1;1;1;1;1.0;1;1;1;1;1.0;1.0;1.0;1975;8;False
1975-08-01;349000;2;1;13.3;29.7;24.0;5.0;1;1;0;0;0.0;0.0;0.0;0.0;0.0;0.0;0.0;0.0;0.0;2.5;0.0;0.0;0.0;0.0;0.0;0.0;0.0;0.0;0.0;0.0;3.0;0.0;0.0;13.3;0.0;0.0;0.5;0.0;0.0;10.4;0.0;1.0;1.0;1.0;1.0;1.0;1.0;1.0;1.0;1;1.0;1;1;1;1;1;1;1.0;1.0;1;1;1;1;1;1.0;1;1;1;1;1.0;1.0;1.0;1975;8;False
1975-09-01;349000;1;1;9.8;13.4;30.0;5.0;1;1;0;0;0.0;0.0;0.0;2.6;0.0;0.0;0.0;0.0;0.0;0.2;0.0;0.0;0.0;0.0;0.0;0.4;0.0;0.4;0.0;0.0;0.0;0.0;0.0;0.0;0.0;0.0;0.0;0.0;0.0;9.8;;1.0;1.0;1.0;1.0;1.0;1.0;1.0;1.0;1;1.0;1;1;1;1;1;1;1.0;1.0;1;1;1;1;1;1.0;1;1;1;1;1.0;1.0;0.0;1975;9;False
1975-09-01;349000;2;1;9.8;13.4;30.0;5.0;1;1;0;0;0.0;0.0;0.0;2.6;0.0;0.0;0.0;0.0;0.0;0.2;0.0;0.0;0.0;0.0;0.0;0.4;0.0;0.4;0.0;0.0;0.0;0.0;0.0;0.0;0.0;0.0;0.0;0.0;0.0;9.8;;1.0;1.0;1.0;1.0;1.0;1.0;1.0;1.0;1;1.0;1;1;1;1;1;1;1.0;1.0;1;1;1;1;1;1.0;1;1;1;1;1.0;1.0;0.0;1975;9;False
1975-10-01;349000;2;1;14.6;21.2;24.0;6.0;1;1;0;0;0.0;0.0;0.0;0.0;0.0;1.2;0.0;0.2;0.0;0.0;0.0;0.0;0.0;0.0;0.0;0.0;0.0;0.0;0.0;0.0;0.0;1.5;0.0;14.6;3.4;0.0;0.3;0.0;0.0;0.0;0.0;1.0;1.0;1.0;1.0;1.0;1.0;1.0;1.0;1;1.0;1;1;1;1;1;1;1.0;1.0;1;1;1;1;1;1.0;1;1;1;1;1.0;1.0;1.0;1975;10;False
1975-10-01;349000;1;1;14.6;21.2;24.0;6.0;1;1;0;0;0.0;0.0;0.0;0.0;0.0;1.2;0.0;0.2;0.0;0.0;0.0;0.0;0.0;0.0;0.0;0.0;0.0;0.0;0.0;0.0;0.0;1.5;0.0;14.6;3.4;0.0;0.3;0.0;0.0;0.0;0.0;1.0;1.0;1.0;1.0;1.0;1.0;1.0;1.0;1;1.0;1;1;1;1;1;1;1.0;1.0;1;1;1;1;1;1.0;1;1;1;1;1.0;1.0;1.0;1975;10;False
1975-11-01;349000;1;1;144.8;169.7;27.0;9.0;1;1;0;0;0.0;0.0;0.0;0.0;0.0;0.0;0.0;0.0;0.0;4.3;2.4;0.0;0.0;2.8;0.3;0.0;1.8;0.0;4.4;0.0;0.0;0.0;0.0;0.0;0.0;0.0;144.8;4.5;4.4;0.0;;1.0;1.0;1.0;1.0;1.0;1.0;1.0;1.0;1;1.0;1;1;1;1;1;1;1.0;1.0;1;1;1;1;1;1.0;1;1;1;1;1.0;1.0;0.0;1975;11;False
1975-11-01;349000;2;1;144.8;169.7;27.0;9.0;1;1;0;0;0.0;0.0;0.0;0.0;0.0;0.0;0.0;0.0;0.0;4.3;2.4;0.0;0.0;2.8;0.3;0.0;1.8;0.0;4.4;0.0;0.0;0.0;0.0;0.0;0.0;0.0;144.8;4.5;4.4;0.0;;1.0;1.0;1.0;1.0;1.0;1.0;1.0;1.0;1;1.0;1;1;1;1;1;1;1.0;1.0;1;1;1;1;1;1.0;1;1;1;1;1.0;1.0;0.0;1975;11;False
1975-12-01;349000;1;1;47.3;158.7;30.0;18.0;1;1;1;0;1.2;0.0;40.0;0.0;0.5;3.1;3.7;5.4;0.0;0.0;10.1;14.0;1.6;0.0;0.0;0.2;6.0;0.0;0.0;0.3;0.0;0.0;10.0;10.1;0.0;0.5;2.2;0.0;0.0;47.3;2.5;0.0;0.0;0.0;0.0;0.0;0.0;0.0;0.0;0;0.0;0;0;0;0;0;0;0.0;0.0;0;0;0;0;0;0.0;0;0;0;0;0.0;0.0;0.0;1975;12;False
1976-01-01;349000;1;1;62.8;334.5;5.0;24.0;1;1;1;0;1.4;1.2;9.2;0.0;62.8;2.6;0.0;10.4;0.9;22.3;5.2;0.2;0.0;0.0;38.8;0.0;7.3;7.4;2.8;57.0;0.0;24.6;0.0;20.5;5.4;20.0;2.2;2.2;28.2;0.3;1.6;0.0;0.0;0.0;0.0;0.0;0.0;0.0;0.0;0;0.0;0;0;0;0;0;0;0.0;0.0;0;0;0;0;0;0.0;0;0;0;0;0.0;0.0;0.0;1976;1;False
1976-02-01;349000;1;1;65.1;389.4;6.0;22.0;1;1;1;0;4.6;0.0;9.5;0.0;33.8;65.1;0.0;0.2;16.9;0.7;0.0;0.0;3.4;6.6;0.0;2.8;16.0;6.6;0.0;4.1;37.8;8.4;4.6;31.4;7.2;37.6;29.4;46.0;16.7;;;0.0;0.0;0.0;0.0;0.0;0.0;0.0;0.0;0;0.0;0;0;0;0;0;0;0.0;0.0;0;0;0;0;0;0.0;0;0;0;0;0.0;0.0;0.0;1976;2;False
1976-03-01;349000;1;1;37.0;350.0;11.0;27.0;1;1;1;0;18.8;0.0;13.3;0.7;14.7;35.8;25.4;0.8;0.0;25.7;37.0;25.1;0.6;3.6;13.4;7.9;6.6;0.4;6.1;0.0;8.2;2.5;0.0;1.4;11.0;11.4;24.2;22.0;29.6;2.7;1.1;0.0;0.0;0.0;0.0;0.0;0.0;0.0;0.0;0;0.0;0;0;0;0;0;0;0.0;0.0;0;0;0;0;0;0.0;0;0;0;0;0.0;0.0;0.0;1976;3;False
1976-04-01;349000;1;1;72.7;433.4;13.0;24.0;1;1;1;0;64.8;0.0;3.1;17.5;0.0;3.0;44.6;2.9;29.2;19.6;2.0;0.1;72.7;32.4;8.0;0.0;0.0;5.9;49.8;7.7;3.2;2.2;0.0;17.7;4.0;3.0;23.6;16.2;0.0;0.2;;0.0;0.0;0.0;0.0;0.0;0.0;0.0;0.0;0;0.0;0;0;0;0;0;0;0.0;0.0;0;0;0;0;0;0.0;0;0;0;0;0.0;0.0;0.0;1976;4;False
1976-05-01;349000;1;1;17.3;70.0;6.0;16.0;1;1;1;0;0.0;1.2;6.6;4.4;10.8;17.3;4.5;0.0;0.0;0.0;2.0;0.5;0.2;0.0;3.4;0.0;0.6;0.0;0.0;0.0;0.0;0.0;0.0;2.2;0.8;0.1;0.0;2.6;11.8;0.0;0.0;0.0;0.0;0.0;0.0;0.0;0.0;0.0;0.0;0;0.0;0;0;0;0;0;0;0.0;0.0;0;0;0;0;0;0.0;0;0;1;1;1.0;1.0;1.0;1976;5;False
1976-05-01;349000;2;1;11.8;14.4;29.0;;1;1;0;0;;;;;;;;;;;;;;;;;;;;;;;;;;;0.0;2.6;11.8;0.0;0.0;0.0;0.0;0.0;0.0;0.0;0.0;0.0;0.0;0;0.0;0;0;0;0;0;0;0.0;0.0;0;0;0;0;0;0.0;0;0;4;1;1.0;1.0;1.0;1976;5;False
1976-06-01;349000;2;1;24.0;66.5;6.0;9.0;1;1;0;0;0.8;0.0;8.8;0.0;0.0;24.0;0.0;0.0;9.0;0.0;0.0;0.0;5.5;12.2;5.6;0.0;0.2;0.0;0.0;0.0;0.4;0.0;0.0;0.0;0.0;0.0;0.0;0.0;0.0;0.0;;1.0;1.0;1.0;1.0;1.0;1.0;1.0;1.0;1;1.0;1;1;1;1;1;1;1.0;1.0;1;1;1;1;1;1.0;1;1;1;1;1.0;1.0;0.0;1976;6;False
1976-06-01;349000;1;1;24.0;66.5;6.0;9.0;1;1;0;0;0.8;0.0;8.8;0.0;0.0;24.0;0.0;0.0;9.0;0.0;0.0;0.0;5.5;12.2;5.6;0.0;0.2;0.0;0.0;0.0;0.4;0.0;0.0;0.0;0.0;0.0;0.0;0.0;0.0;0.0;;1.0;1.0;1.0;1.0;1.0;1.0;1.0;1.0;1;1.0;1;1;1;1;1;1;1.0;1.0;1;1;1;1;1;1.0;1;1;1;1;1.0;1.0;0.0;1976;6;False
1976-07-01;349000;1;1;17.5;36.3;3.0;6.0;1;1;0;0;0.0;0.8;17.5;0.0;0.0;0.0;6.4;0.0;4.6;0.0;0.0;0.0;4.4;0.0;2.6;0.0;0.0;0.0;0.0;0.0;0.0;0.0;0.0;0.0;0.0;0.0;0.0;0.0;0.0;0.0;0.0;1.0;1.0;1.0;1.0;1.0;1.0;1.0;1.0;1;1.0;1;1;1;1;1;1;1.0;1.0;1;1;1;1;1;1.0;1;1;1;1;1.0;1.0;1.0;1976;7;False
1976-07-01;349000;2;1;17.5;36.3;3.0;6.0;1;1;0;0;0.0;0.8;17.5;0.0;0.0;0.0;6.4;0.0;4.6;0.0;0.0;0.0;4.4;0.0;2.6;0.0;0.0;0.0;0.0;0.0;0.0;0.0;0.0;0.0;0.0;0.0;0.0;0.0;0.0;0.0;0.0;1.0;1.0;1.0;1.0;1.0;1.0;1.0;1.0;1;1.0;1;1;1;1;1;1;1.0;1.0;1;1;1;1;1;1.0;1;1;1;1;1.0;1.0;1.0;1976;7;False
1976-08-01;349000;2;1;9.9;22.0;23.0;4.0;1;1;0;0;0.0;0.0;0.0;0.0;0.0;0.0;0.0;0.0;0.0;0.0;0.0;0.0;0.0;6.8;0.0;0.0;0.0;0.0;0.0;0.0;0.0;0.0;9.9;0.0;0.0;0.0;0.0;0.0;0.0;2.3;3.0;1.0;1.0;1.0;1.0;1.0;1.0;1.0;1.0;1;1.0;1;1;1;1;1;1;1.0;1.0;1;1;1;1;1;1.0;1;1;1;1;1.0;1.0;1.0;1976;8;False
1976-08-01;349000;1;1;9.9;22.0;23.0;4.0;1;1;0;0;0.0;0.0;0.0;0.0;0.0;0.0;0.0;0.0;0.0;0.0;0.0;0.0;0.0;6.8;0.0;0.0;0.0;0.0;0.0;0.0;0.0;0.0;9.9;0.0;0.0;0.0;0.0;0.0;0.0;2.3;3.0;1.0;1.0;1.0;1.0;1.0;1.0;1.0;1.0;1;1.0;1;1;1;1;1;1;1.0;1.0;1;1;1;1;1;1.0;1;1;1;1;1.0;1.0;1.0;1976;8;False
1976-09-01;349000;2;1;3.2;3.3;30.0;2.0;1;1;0;0;0.0;0.0;0.0;0.0;0.0;0.0;0.0;0.0;0.0;0.0;0.0;0.0;0.0;0.0;0.0;0.0;0.1;0.0;0.0;0.0;0.0;0.0;0.0;0.0;0.0;0.0;0.0;0.0;0.0;3.2;;1.0;1.0;1.0;1.0;1.0;1.0;1.0;1.0;1;1.0;1;1;1;1;1;1;1.0;1.0;1;1;1;1;1;1.0;1;1;1;1;1.0;1.0;0.0;1976;9;False
1976-09-01;349000;1;1;3.2;3.3;30.0;2.0;1;1;0;0;0.0;0.0;0.0;0.0;0.0;0.0;0.0;0.0;0.0;0.0;0.0;0.0;0.0;0.0;0.0;0.0;0.1;0.0;0.0;0.0;0.0;0.0;0.0;0.0;0.0;0.0;0.0;0.0;0.0;3.2;;1.0;1.0;1.0;1.0;1.0;1.0;1.0;1.0;1;1.0;1;1;1;1;1;1;1.0;1.0;1;1;1;1;1;1.0;1;1;1;1;1.0;1.0;0.0;1976;9;False
1976-10-01;349000;1;1;15.3;25.8;9.0;5.0;1;1;0;0;0.0;0.0;0.0;0.0;0.0;0.0;0.0;0.2;15.3;0.0;0.0;0.0;0.0;0.0;6.1;4.0;0.0;0.0;0.0;0.0;0.0;0.0;0.0;0.2;0.0;0.0;0.0;0.0;0.0;0.0;0.0;1.0;1.0;1.0;1.0;1.0;1.0;1.0;1.0;1;1.0;1;1;1;1;1;1;1.0;1.0;1;1;1;1;1;1.0;1;1;1;1;1.0;1.0;1.0;1976;10;False
1976-10-01;349000;2;1;15.3;25.8;9.0;5.0;1;1;0;0;0.0;0.0;0.0;0.0;0.0;0.0;0.0;0.2;15.3;0.0;0.0;0.0;0.0;0.0;6.1;4.0;0.0;0.0;0.0;0.0;0.0;0.0;0.0;0.2;0.0;0.0;0.0;0.0;0.0;0.0;0.0;1.0;1.0;1.0;1.0;1.0;1.0;1.0;1.0;1;1.0;1;1;1;1;1;1;1.0;1.0;1;1;1;1;1;1.0;1;1;1;1;1.0;1.0;1.0;1976;10;False
1976-12-01;349000;1;1;62.5;216.5;21.0;12.0;1;1;0;0;0.2;0.0;0.0;0.1;29.2;12.0;0.0;0.0;0.0;0.0;0.0;0.0;0.0;0.0;0.0;0.0;0.0;0.0;0.0;0.0;62.5;39.7;0.0;29.4;1.5;0.0;0.0;3.2;6.0;27.2;5.5;1.0;1.0;1.0;1.0;1.0;1.0;1.0;1.0;1;1.0;1;1;1;1;1;1;1.0;1.0;1;1;1;1;1;1.0;1;1;1;1;1.0;1.0;1.0;1976;12;False
1976-12-01;349000;2;1;62.5;216.5;21.0;12.0;1;1;0;0;0.2;0.0;0.0;0.1;29.2;12.0;0.0;0.0;0.0;0.0;0.0;0.0;0.0;0.0;0.0;0.0;0.0;0.0;0.0;0.0;62.5;39.7;0.0;29.4;1.5;0.0;0.0;3.2;6.0;27.2;5.5;1.0;1.0;1.0;1.0;1.0;1.0;1.0;1.0;1;1.0;1;1;1;1;1;1;1.0;1.0;1;1;1;1;1;1.0;1;1;1;1;1.0;1.0;1.0;1976;12;False
1977-01-01;349000;2;1;127.8;537.8;12.0;27.0;1;1;0;0;4.4;7.8;0.0;20.7;0.2;36.8;21.3;5.4;15.0;19.7;13.6;127.8;29.9;0.4;16.0;0.0;2.6;1.2;0.6;0.2;0.0;5.6;2.9;20.9;68.9;3.5;13.6;0.0;71.8;6.4;20.6;1.0;1.0;1.0;1.0;1.0;1.0;1.0;1.0;1;1.0;1;1;1;1;1;1;1.0;1.0;1;1;1;1;1;1.0;1;1;1;1;1.0;1.0;1.0;1977;1;False
1977-01-01;349000;1;1;127.8;537.8;12.0;27.0;1;1;0;0;4.4;7.8;0.0;20.7;0.2;36.8;21.3;5.4;15.0;19.7;13.6;127.8;29.9;0.4;16.0;0.0;2.6;1.2;0.6;0.2;0.0;5.6;2.9;20.9;68.9;3.5;13.6;0.0;71.8;6.4;20.6;1.0;1.0;1.0;1.0;1.0;1.0;1.0;1.0;1;1.0;1;1;1;1;1;1;1.0;1.0;1;1;1;1;1;1.0;1;1;1;1;1.0;1.0;1.0;1977;1;False
1977-02-01;349000;2;1;87.1;611.4;6.0;27.0;1;1;0;0;85.8;6.2;26.2;13.1;0.0;87.1;10.0;38.1;3.0;62.6;28.0;11.1;34.8;18.3;0.2;2.2;0.2;22.7;43.8;2.2;1.2;0.5;14.6;5.2;1.9;71.0;21.3;0.1;;;;1.0;1.0;1.0;1.0;1.0;1.0;1.0;1.0;1;1.0;1;1;1;1;1;1;1.0;1.0;1;1;1;1;1;1.0;1;1;1;1;0.0;0.0;0.0;1977;2;False
1977-02-01;349000;1;1;87.1;611.4;6.0;27.0;1;1;0;0;85.8;6.2;26.2;13.1;0.0;87.1;10.0;38.1;3.0;62.6;28.0;11.1;34.8;18.3;0.2;2.2;0.2;22.7;43.8;2.2;1.2;0.5;14.6;5.2;1.9;71.0;21.3;0.1;;;;1.0;1.0;1.0;1.0;1.0;1.0;1.0;1.0;1;1.0;1;1;1;1;1;1;1.0;1.0;1;1;1;1;1;1.0;1;1;1;1;0.0;0.0;0.0;1977;2;False
1977-03-01;349000;2;1;63.8;525.5;31.0;29.0;1;1;0;0;8.2;32.1;37.2;39.4;18.1;10.2;9.8;27.4;22.1;9.9;11.4;32.4;17.4;16.5;2.0;4.1;0.0;22.9;4.9;13.0;2.1;3.6;12.6;2.6;0.0;43.8;8.1;2.9;8.7;38.3;63.8;1.0;1.0;1.0;1.0;1.0;1.0;1.0;1.0;1;1.0;1;1;1;1;1;1;1.0;1.0;1;1;1;1;1;1.0;1;1;1;1;1.0;1.0;1.0;1977;3;False
1977-03-01;349000;1;1;63.8;525.5;31.0;29.0;1;1;0;0;8.2;32.1;37.2;39.4;18.1;10.2;9.8;27.4;22.1;9.9;11.4;32.4;17.4;16.5;2.0;4.1;0.0;22.9;4.9;13.0;2.1;3.6;12.6;2.6;0.0;43.8;8.1;2.9;8.7;38.3;63.8;1.0;1.0;1.0;1.0;1.0;1.0;1.0;1.0;1;1.0;1;1;1;1;1;1;1.0;1.0;1;1;1;1;1;1.0;1;1;1;1;1.0;1.0;1.0;1977;3;False
1977-04-01;349000;2;1;88.0;586.0;22.0;28.0;1;1;0;0;9.8;35.8;0.3;55.3;1.2;0.6;0.0;31.5;21.4;1.2;2.4;0.3;9.0;22.9;6.3;0.3;0.9;25.2;0.0;4.7;1.1;88.0;44.7;22.5;25.0;61.8;24.0;2.0;81.4;6.4;;1.0;1.0;1.0;1.0;1.0;1.0;1.0;1.0;1;1.0;1;1;1;1;1;1;1.0;1.0;1;1;1;1;1;1.0;1;1;1;1;1.0;1.0;0.0;1977;4;False
1977-04-01;349000;1;1;88.0;586.0;22.0;28.0;1;1;0;0;9.8;35.8;0.3;55.3;1.2;0.6;0.0;31.5;21.4;1.2;2.4;0.3;9.0;22.9;6.3;0.3;0.9;25.2;0.0;4.7;1.1;88.0;44.7;22.5;25.0;61.8;24.0;2.0;81.4;6.4;;1.0;1.0;1.0;1.0;1.0;1.0;1.0;1.0;1;1.0;1;1;1;1;1;1;1.0;1.0;1;1;1;1;1;1.0;1;1;1;1;1.0;1.0;0.0;1977;4;False
1977-05-01;349000;2;1;81.8;313.0;14.0;26.0;1;1;0;0;0.0;36.6;7.5;1.8;1.9;10.2;16.1;5.6;1.6;0.3;0.2;0.2;0.5;81.8;16.2;20.7;4.2;42.0;4.8;0.4;31.5;0.0;5.3;7.8;1.7;0.0;0.8;0.0;0.3;13.0;0.0;1.0;1.0;1.0;1.0;1.0;1.0;1.0;1.0;1;1.0;1;1;1;1;1;1;1.0;1.0;1;1;1;1;1;1.0;1;1;1;1;1.0;1.0;1.0;1977;5;False
1977-05-01;349000;1;1;81.8;313.0;14.0;26.0;1;1;0;0;0.0;36.6;7.5;1.8;1.9;10.2;16.1;5.6;1.6;0.3;0.2;0.2;0.5;81.8;16.2;20.7;4.2;42.0;4.8;0.4;31.5;0.0;5.3;7.8;1.7;0.0;0.8;0.0;0.3;13.0;0.0;1.0;1.0;1.0;1.0;1.0;1.0;1.0;1.0;1;1.0;1;1;1;1;1;1;1.0;1.0;1;1;1;1;1;1.0;1;1;1;1;1.0;1.0;1.0;1977;5;False
1977-06-01;349000;1;1;15.6;73.0;12.0;13.0;1;1;0;0;0.0;0.0;5.2;5.3;7.5;5.3;0.0;0.1;6.9;0.0;0.0;15.6;5.2;0.0;0.0;0.0;0.0;0.8;1.7;0.0;0.0;3.0;14.4;2.0;0.0;0.0;0.0;0.0;0.0;0.0;;1.0;1.0;1.0;1.0;1.0;1.0;1.0;1.0;1;1.0;1;1;1;1;1;1;1.0;1.0;1;1;1;1;1;1.0;1;1;1;1;1.0;1.0;0.0;1977;6;False
1977-06-01;349000;2;1;15.6;73.0;12.0;13.0;1;1;0;0;0.0;0.0;5.2;5.3;7.5;5.3;0.0;0.1;6.9;0.0;0.0;15.6;5.2;0.0;0.0;0.0;0.0;0.8;1.7;0.0;0.0;3.0;14.4;2.0;0.0;0.0;0.0;0.0;0.0;0.0;;1.0;1.0;1.0;1.0;1.0;1.0;1.0;1.0;1;1.0;1;1;1;1;1;1;1.0;1.0;1;1;1;1;1;1.0;1;1;1;1;1.0;1.0;0.0;1977;6;False
1977-07-01;349000;2;1;30.3;37.1;18.0;7.0;1;1;0;0;0.0;0.0;0.0;0.0;0.0;1.7;1.4;0.0;0.0;0.0;0.0;0.0;0.3;0.0;0.0;0.0;0.0;30.3;0.0;0.0;0.0;0.5;0.0;0.0;0.0;0.0;2.7;0.2;0.0;0.0;0.0;1.0;1.0;1.0;1.0;1.0;1.0;1.0;1.0;1;1.0;1;1;1;1;1;1;1.0;1.0;1;1;1;1;1;1.0;1;1;1;1;1.0;1.0;1.0;1977;7;False
1977-07-01;349000;1;1;30.3;37.1;18.0;7.0;1;1;0;0;0.0;0.0;0.0;0.0;0.0;1.7;1.4;0.0;0.0;0.0;0.0;0.0;0.3;0.0;0.0;0.0;0.0;30.3;0.0;0.0;0.0;0.5;0.0;0.0;0.0;0.0;2.7;0.2;0.0;0.0;0.0;1.0;1.0;1.0;1.0;1.0;1.0;1.0;1.0;1;1.0;1;1;1;1;1;1;1.0;1.0;1;1;1;1;1;1.0;1;1;1;1;1.0;1.0;1.0;1977;7;False
1977-08-01;349000;1;1;1.6;3.2;12.0;4.0;1;1;0;0;0.0;0.0;0.0;0.0;1.2;0.0;0.0;0.1;0.0;0.0;0.0;1.6;0.0;0.0;0.0;0.0;0.0;0.0;0.0;0.0;0.0;0.0;0.0;0.0;0.0;0.0;0.0;0.0;0.0;0.3;0.0;1.0;1.0;1.0;1.0;1.0;1.0;1.0;1.0;1;1.0;1;1;1;1;1;1;1.0;1.0;1;1;1;1;1;1.0;1;1;1;1;1.0;1.0;1.0;1977;8;False
1977-08-01;349000;2;1;1.6;3.2;12.0;4.0;1;1;0;0;0.0;0.0;0.0;0.0;1.2;0.0;0.0;0.1;0.0;0.0;0.0;1.6;0.0;0.0;0.0;0.0;0.0;0.0;0.0;0.0;0.0;0.0;0.0;0.0;0.0;0.0;0.0;0.0;0.0;0.3;0.0;1.0;1.0;1.0;1.0;1.0;1.0;1.0;1.0;1;1.0;1;1;1;1;1;1;1.0;1.0;1;1;1;1;1;1.0;1;1;1;1;1.0;1.0;1.0;1977;8;False
1977-09-01;349000;1;1;16.5;29.0;29.0;6.0;1;1;0;0;0.0;1.2;0.0;0.0;0.0;0.0;0.0;0.0;0.0;0.0;0.0;0.0;0.0;0.0;0.0;0.0;0.0;0.0;0.0;5.5;0.0;0.0;0.0;0.0;0.0;0.0;3.8;1.9;16.5;0.1;;1.0;1.0;1.0;1.0;1.0;1.0;1.0;1.0;1;1.0;1;1;1;1;1;1;1.0;1.0;1;1;1;1;1;1.0;1;1;1;1;1.0;1.0;0.0;1977;9;False
1977-09-01;349000;2;1;16.5;29.0;29.0;6.0;1;1;0;0;0.0;1.2;0.0;0.0;0.0;0.0;0.0;0.0;0.0;0.0;0.0;0.0;0.0;0.0;0.0;0.0;0.0;0.0;0.0;5.5;0.0;0.0;0.0;0.0;0.0;0.0;3.8;1.9;16.5;0.1;;1.0;1.0;1.0;1.0;1.0;1.0;1.0;1.0;1;1.0;1;1;1;1;1;1;1.0;1.0;1;1;1;1;1;1.0;1;1;1;1;1.0;1.0;0.0;1977;9;False
1977-10-01;349000;2;1;44.2;95.6;16.0;10.0;1;1;0;0;0.0;0.9;0.0;0.0;0.0;0.0;2.9;0.0;0.1;0.1;7.4;0.0;0.0;0.0;0.0;44.2;0.0;0.0;0.0;2.7;0.0;0.0;0.0;0.0;0.4;0.0;0.0;20.0;0.0;0.0;16.9;1.0;1.0;1.0;1.0;1.0;1.0;1.0;1.0;1;1.0;1;1;1;1;1;1;1.0;1.0;1;1;1;1;1;1.0;1;1;1;1;1.0;1.0;1.0;1977;10;False
1977-10-01;349000;1;1;44.2;95.6;16.0;10.0;1;1;0;0;0.0;0.9;0.0;0.0;0.0;0.0;2.9;0.0;0.1;0.1;7.4;0.0;0.0;0.0;0.0;44.2;0.0;0.0;0.0;2.7;0.0;0.0;0.0;0.0;0.4;0.0;0.0;20.0;0.0;0.0;16.9;1.0;1.0;1.0;1.0;1.0;1.0;1.0;1.0;1;1.0;1;1;1;1;1;1;1.0;1.0;1;1;1;1;1;1.0;1;1;1;1;1.0;1.0;1.0;1977;10;False
1977-11-01;349000;1;1;5.6;16.9;29.0;9.0;1;1;0;0;0.0;0.0;0.0;0.0;0.0;0.0;0.1;4.2;0.0;2.8;0.7;0.0;0.0;0.0;0.0;0.0;0.2;0.1;0.0;0.0;0.0;0.0;0.0;0.0;0.6;2.6;0.0;0.0;5.6;0.0;;1.0;1.0;1.0;1.0;1.0;1.0;1.0;1.0;1;1.0;1;1;1;1;1;1;1.0;1.0;1;1;1;1;1;1.0;1;1;1;1;1.0;1.0;0.0;1977;11;False
1977-11-01;349000;2;1;5.6;16.9;29.0;9.0;1;1;0;0;0.0;0.0;0.0;0.0;0.0;0.0;0.1;4.2;0.0;2.8;0.7;0.0;0.0;0.0;0.0;0.0;0.2;0.1;0.0;0.0;0.0;0.0;0.0;0.0;0.6;2.6;0.0;0.0;5.6;0.0;;1.0;1.0;1.0;1.0;1.0;1.0;1.0;1.0;1;1.0;1;1;1;1;1;1;1.0;1.0;1;1;1;1;1;1.0;1;1;1;1;1.0;1.0;0.0;1977;11;False
1978-01-01;349000;2;1;70.8;428.2;2.0;26.0;1;1;0;0;70.8;36.9;2.6;0.0;44.8;6.9;11.8;5.4;13.2;9.8;38.9;55.5;0.1;14.8;0.0;14.2;0.0;0.2;0.2;0.0;1.4;21.8;1.7;7.0;24.3;0.0;10.2;15.3;2.6;8.6;9.2;1.0;1.0;1.0;1.0;1.0;1.0;1.0;1.0;1;1.0;1;1;1;1;1;1;1.0;1.0;1;1;1;1;1;1.0;1;1;1;1;1.0;1.0;1.0;1978;1;False
1978-01-01;349000;1;1;70.8;428.2;1.0;26.0;1;1;0;0;70.8;36.9;2.6;0.0;44.8;6.9;11.8;5.4;13.2;9.8;38.9;55.5;0.1;14.8;0.0;14.2;0.0;0.2;0.2;0.0;1.4;21.8;1.7;7.0;24.3;0.0;10.2;15.3;2.6;8.6;9.2;1.0;1.0;1.0;1.0;1.0;1.0;1.0;1.0;1;1.0;1;1;1;1;1;1;1.0;1.0;1;1;1;1;1;1.0;1;1;1;1;1.0;1.0;1.0;1978;1;False
1978-02-01;349000;1;1;36.0;260.7;24.0;23.0;1;1;0;0;0.8;7.5;12.1;6.5;17.2;0.4;1.8;0.6;17.2;29.8;7.8;0.0;0.0;0.0;1.1;0.0;16.9;9.3;0.0;1.0;2.9;19.5;31.5;36.0;9.4;1.5;22.5;7.4;;;;1.0;1.0;1.0;1.0;1.0;1.0;1.0;1.0;1;1.0;1;1;1;1;1;1;1.0;1.0;1;1;1;1;1;1.0;1;1;1;1;0.0;0.0;0.0;1978;2;False
1978-02-01;349000;2;1;36.0;260.7;24.0;23.0;1;1;0;0;0.8;7.5;12.1;6.5;17.2;0.4;1.8;0.6;17.2;29.8;7.8;0.0;0.0;0.0;1.1;0.0;16.9;9.3;0.0;1.0;2.9;19.5;31.5;36.0;9.4;1.5;22.5;7.4;;;;1.0;1.0;1.0;1.0;1.0;1.0;1.0;1.0;1;1.0;1;1;1;1;1;1;1.0;1.0;1;1;1;1;1;1.0;1;1;1;1;0.0;0.0;0.0;1978;2;False
1978-03-01;349000;2;1;64.5;408.1;4.0;26.0;1;1;0;0;9.9;0.0;35.3;64.5;8.0;20.1;17.8;7.7;0.0;0.0;0.0;0.4;1.0;3.7;5.6;27.9;30.7;8.3;15.4;1.8;9.6;6.4;32.5;1.0;37.2;0.0;27.4;7.9;26.2;1.0;0.8;1.0;1.0;1.0;1.0;1.0;1.0;1.0;1.0;1;1.0;1;1;1;1;1;1;1.0;1.0;1;1;1;1;1;1.0;1;1;1;1;1.0;1.0;1.0;1978;3;False
1978-03-01;349000;1;1;64.5;408.1;4.0;26.0;1;1;0;0;9.9;0.0;35.3;64.5;8.0;20.1;17.8;7.7;0.0;0.0;0.0;0.4;1.0;3.7;5.6;27.9;30.7;8.3;15.4;1.8;9.6;6.4;32.5;1.0;37.2;0.0;27.4;7.9;26.2;1.0;0.8;1.0;1.0;1.0;1.0;1.0;1.0;1.0;1.0;1;1.0;1;1;1;1;1;1;1.0;1.0;1;1;1;1;1;1.0;1;1;1;1;1.0;1.0;1.0;1978;3;False
1978-04-01;349000;2;1;99.2;555.1;18.0;26.0;1;1;0;0;30.9;0.2;0.1;30.2;68.3;0.2;4.2;9.6;7.3;8.1;1.7;0.8;44.2;19.9;4.0;0.0;0.0;99.2;62.9;0.0;45.5;8.0;1.5;48.1;0.0;30.8;3.3;2.9;17.5;5.7;;1.0;1.0;1.0;1.0;1.0;1.0;1.0;1.0;1;1.0;1;1;1;1;1;1;1.0;1.0;1;1;1;1;1;1.0;1;1;1;1;1.0;1.0;0.0;1978;4;False
1978-04-01;349000;1;1;99.2;555.1;18.0;26.0;1;1;0;0;30.9;0.2;0.1;30.2;68.3;0.2;4.2;9.6;7.3;8.1;1.7;0.8;44.2;19.9;4.0;0.0;0.0;99.2;62.9;0.0;45.5;8.0;1.5;48.1;0.0;30.8;3.3;2.9;17.5;5.7;;1.0;1.0;1.0;1.0;1.0;1.0;1.0;1.0;1;1.0;1;1;1;1;1;1;1.0;1.0;1;1;1;1;1;1.0;1;1;1;1;1.0;1.0;0.0;1978;4;False
1978-05-01;349000;2;1;51.0;357.7;10.0;26.0;1;1;0;0;4.2;9.7;19.4;8.4;38.6;11.3;0.1;1.1;16.5;51.0;15.4;1.6;1.4;0.4;1.8;0.0;0.0;0.0;0.2;47.9;1.7;28.1;19.3;23.7;0.1;3.0;0.0;0.0;6.5;17.0;29.3;1.0;1.0;1.0;1.0;1.0;1.0;1.0;1.0;1;1.0;1;1;1;1;1;1;1.0;1.0;1;1;1;1;1;1.0;1;1;1;1;1.0;1.0;1.0;1978;5;False
1978-05-01;349000;1;1;51.0;357.7;10.0;26.0;1;1;0;0;4.2;9.7;19.4;8.4;38.6;11.3;0.1;1.1;16.5;51.0;15.4;1.6;1.4;0.4;1.8;0.0;0.0;0.0;0.2;47.9;1.7;28.1;19.3;23.7;0.1;3.0;0.0;0.0;6.5;17.0;29.3;1.0;1.0;1.0;1.0;1.0;1.0;1.0;1.0;1;1.0;1;1;1;1;1;1;1.0;1.0;1;1;1;1;1;1.0;1;1;1;1;1.0;1.0;1.0;1978;5;False
1978-06-01;349000;1;1;47.2;100.0;1.0;10.0;1;1;0;0;47.2;4.1;0.0;0.0;0.4;0.0;0.1;32.2;0.3;4.6;0.0;0.0;0.0;3.3;0.0;0.0;0.0;6.4;0.0;0.0;0.0;0.0;0.0;0.0;0.0;0.0;0.0;1.4;0.0;0.0;;1.0;1.0;1.0;1.0;1.0;1.0;1.0;1.0;1;1.0;1;1;1;1;1;1;1.0;1.0;1;1;1;1;1;1.0;1;1;1;1;1.0;1.0;0.0;1978;6;False
1978-06-01;349000;2;1;47.2;100.0;2.0;10.0;1;1;0;0;47.2;4.1;0.0;0.0;0.4;0.0;0.1;32.2;0.3;4.6;0.0;0.0;0.0;3.3;0.0;0.0;0.0;6.4;0.0;0.0;0.0;0.0;0.0;0.0;0.0;0.0;0.0;1.4;0.0;0.0;;1.0;1.0;1.0;1.0;1.0;1.0;1.0;1.0;1;1.0;1;1;1;1;1;1;1.0;1.0;1;1;1;1;1;1.0;1;1;1;1;1.0;1.0;0.0;1978;6;False
1978-07-01;349000;2;1;20.0;116.3;3.0;14.0;1;1;0;0;0.0;0.0;20.0;0.0;0.0;10.8;3.1;0.0;8.2;2.0;0.0;14.8;1.4;0.0;0.0;3.8;0.7;0.0;0.0;0.0;0.0;19.1;0.2;0.0;0.0;0.0;6.8;0.0;15.2;0.0;10.2;1.0;1.0;1.0;1.0;1.0;1.0;1.0;1.0;1;1.0;1;1;1;1;1;1;1.0;1.0;1;1;1;1;1;1.0;1;1;1;1;1.0;1.0;1.0;1978;7;False
1978-07-01;349000;1;1;20.0;116.3;3.0;14.0;1;1;0;0;0.0;0.0;20.0;0.0;0.0;10.8;3.1;0.0;8.2;2.0;0.0;14.8;1.4;0.0;0.0;3.8;0.7;0.0;0.0;0.0;0.0;19.1;0.2;0.0;0.0;0.0;6.8;0.0;15.2;0.0;10.2;1.0;1.0;1.0;1.0;1.0;1.0;1.0;1.0;1;1.0;1;1;1;1;1;1;1.0;1.0;1;1;1;1;1;1.0;1;1;1;1;1.0;1.0;1.0;1978;7;False
1978-08-01;349000;1;1;4.1;10.0;20.0;6.0;1;1;0;0;0.0;0.0;0.0;0.0;0.0;0.0;0.0;0.0;0.0;0.0;0.1;0.0;0.0;0.0;0.0;0.0;2.0;0.0;0.0;4.1;0.6;0.0;0.0;0.0;0.0;0.6;0.0;0.0;0.0;0.0;2.6;1.0;1.0;1.0;1.0;1.0;1.0;1.0;1.0;1;1.0;1;1;1;1;1;1;1.0;1.0;1;1;1;1;1;1.0;1;1;1;1;1.0;1.0;1.0;1978;8;False
1978-08-01;349000;2;1;4.1;10.0;20.0;6.0;1;1;0;0;0.0;0.0;0.0;0.0;0.0;0.0;0.0;0.0;0.0;0.0;0.1;0.0;0.0;0.0;0.0;0.0;2.0;0.0;0.0;4.1;0.6;0.0;0.0;0.0;0.0;0.6;0.0;0.0;0.0;0.0;2.6;1.0;1.0;1.0;1.0;1.0;1.0;1.0;1.0;1;1.0;1;1;1;1;1;1;1.0;1.0;1;1;1;1;1;1.0;1;1;1;1;1.0;1.0;1.0;1978;8;False
1978-09-01;349000;2;1;9.2;15.9;22.0;3.0;1;1;0;0;0.0;0.0;0.0;0.0;0.0;0.0;0.0;0.0;0.0;0.0;0.0;0.0;0.0;0.0;2.0;0.0;0.0;0.0;0.0;0.0;0.0;9.2;0.0;0.0;0.0;0.0;0.0;0.0;4.7;0.0;;1.0;1.0;1.0;1.0;1.0;1.0;1.0;1.0;1;1.0;1;1;1;1;1;1;1.0;1.0;1;1;1;1;1;1.0;1;1;1;1;1.0;1.0;0.0;1978;9;False
1978-09-01;349000;1;1;9.2;15.9;22.0;3.0;1;1;0;0;0.0;0.0;0.0;0.0;0.0;0.0;0.0;0.0;0.0;0.0;0.0;0.0;0.0;0.0;2.0;0.0;0.0;0.0;0.0;0.0;0.0;9.2;0.0;0.0;0.0;0.0;0.0;0.0;4.7;0.0;;1.0;1.0;1.0;1.0;1.0;1.0;1.0;1.0;1;1.0;1;1;1;1;1;1;1.0;1.0;1;1;1;1;1;1.0;1;1;1;1;1.0;1.0;0.0;1978;9;False
1978-10-01;349000;1;1;16.5;51.4;1.0;9.0;1;1;0;0;16.5;0.0;0.0;1.7;0.0;0.0;0.0;0.0;3.3;11.8;0.0;0.0;0.0;0.0;0.0;0.0;0.2;0.0;0.0;0.0;0.1;0.0;0.0;0.0;0.0;11.0;0.0;0.0;0.0;6.7;0.1;1.0;1.0;1.0;1.0;1.0;1.0;1.0;1.0;1;1.0;1;1;1;1;1;1;1.0;1.0;1;1;1;1;1;1.0;1;1;1;1;1.0;1.0;1.0;1978;10;False
1978-10-01;349000;2;1;16.5;51.4;1.0;9.0;1;1;0;0;16.5;0.0;0.0;1.7;0.0;0.0;0.0;0.0;3.3;11.8;0.0;0.0;0.0;0.0;0.0;0.0;0.2;0.0;0.0;0.0;0.1;0.0;0.0;0.0;0.0;11.0;0.0;0.0;0.0;6.7;0.1;1.0;1.0;1.0;1.0;1.0;1.0;1.0;1.0;1;1.0;1;1;1;1;1;1;1.0;1.0;1;1;1;1;1;1.0;1;1;1;1;1.0;1.0;1.0;1978;10;False
1978-12-01;349000;1;1;42.2;109.9;25.0;14.0;1;1;0;0;0.0;0.0;0.0;11.4;0.0;0.4;0.0;9.0;0.0;4.0;0.4;0.1;0.4;0.0;2.2;0.0;0.0;0.0;0.0;0.0;18.4;7.8;0.0;7.4;42.2;6.0;0.0;0.0;0.0;0.0;0.2;1.0;1.0;1.0;1.0;1.0;1.0;1.0;1.0;1;1.0;1;1;1;1;1;1;1.0;1.0;1;1;1;1;1;1.0;1;1;1;1;1.0;1.0;1.0;1978;12;False
1978-12-01;349000;2;1;42.2;109.9;25.0;14.0;1;1;0;0;0.0;0.0;0.0;11.4;0.0;0.4;0.0;9.0;0.0;4.0;0.4;0.1;0.4;0.0;2.2;0.0;0.0;0.0;0.0;0.0;18.4;7.8;0.0;7.4;42.2;6.0;0.0;0.0;0.0;0.0;0.2;1.0;1.0;1.0;1.0;1.0;1.0;1.0;1.0;1;1.0;1;1;1;1;1;1;1.0;1.0;1;1;1;1;1;1.0;1;1;1;1;1.0;1.0;1.0;1978;12;False
1979-01-01;349000;2;1;111.3;339.1;17.0;24.0;1;1;0;0;0.1;0.0;1.8;0.0;0.0;0.0;9.8;0.0;8.4;1.2;0.0;0.8;11.3;16.8;2.4;18.6;111.3;7.9;0.0;1.7;0.8;58.7;0.6;19.6;3.2;10.2;5.1;20.1;1.1;3.9;23.7;1.0;1.0;1.0;1.0;1.0;1.0;1.0;1.0;1;1.0;1;1;1;1;1;1;1.0;1.0;1;1;1;1;1;1.0;1;1;1;1;1.0;1.0;1.0;1979;1;False
1979-01-01;349000;1;1;111.3;339.1;17.0;24.0;1;1;0;0;0.1;0.0;1.8;0.0;0.0;0.0;9.8;0.0;8.4;1.2;0.0;0.8;11.3;16.8;2.4;18.6;111.3;7.9;0.0;1.7;0.8;58.7;0.6;19.6;3.2;10.2;5.1;20.1;1.1;3.9;23.7;1.0;1.0;1.0;1.0;1.0;1.0;1.0;1.0;1;1.0;1;1;1;1;1;1;1.0;1.0;1;1;1;1;1;1.0;1;1;1;1;1.0;1.0;1.0;1979;1;False
1979-02-01;349000;1;1;49.5;284.8;4.0;26.0;1;1;0;0;15.2;0.0;32.8;49.5;33.2;2.1;20.8;16.2;20.7;0.1;4.7;14.2;5.6;3.7;0.4;0.1;0.0;0.1;0.8;2.6;1.4;8.9;8.7;2.8;20.0;4.7;0.2;15.3;;;;1.0;1.0;1.0;1.0;1.0;1.0;1.0;1.0;1;1.0;1;1;1;1;1;1;1.0;1.0;1;1;1;1;1;1.0;1;1;1;1;0.0;0.0;0.0;1979;2;False
1979-02-01;349000;2;1;49.5;284.8;4.0;26.0;1;1;0;0;15.2;0.0;32.8;49.5;33.2;2.1;20.8;16.2;20.7;0.1;4.7;14.2;5.6;3.7;0.4;0.1;0.0;0.1;0.8;2.6;1.4;8.9;8.7;2.8;20.0;4.7;0.2;15.3;;;;1.0;1.0;1.0;1.0;1.0;1.0;1.0;1.0;1;1.0;1;1;1;1;1;1;1.0;1.0;1;1;1;1;1;1.0;1;1;1;1;0.0;0.0;0.0;1979;2;False
1979-03-01;349000;2;1;67.1;419.3;29.0;25.0;1;1;0;0;39.8;18.4;0.0;21.8;16.9;38.6;0.0;0.6;0.0;37.6;26.0;2.0;10.2;41.4;15.6;6.2;19.9;16.5;1.0;5.8;4.4;17.8;0.2;0.3;6.2;0.0;0.0;0.0;67.1;4.5;0.5;1.0;1.0;1.0;1.0;1.0;1.0;1.0;1.0;1;1.0;1;1;1;1;1;1;1.0;1.0;1;1;1;1;1;1.0;1;1;1;1;1.0;1.0;1.0;1979;3;False
1979-03-01;349000;1;1;67.1;419.3;29.0;25.0;1;1;0;0;39.8;18.4;0.0;21.8;16.9;38.6;0.0;0.6;0.0;37.6;26.0;2.0;10.2;41.4;15.6;6.2;19.9;16.5;1.0;5.8;4.4;17.8;0.2;0.3;6.2;0.0;0.0;0.0;67.1;4.5;0.5;1.0;1.0;1.0;1.0;1.0;1.0;1.0;1.0;1;1.0;1;1;1;1;1;1;1.0;1.0;1;1;1;1;1;1.0;1;1;1;1;1.0;1.0;1.0;1979;3;False
1979-04-01;349000;2;1;30.1;168.7;2.0;19.0;1;1;0;0;30.1;0.0;2.0;0.0;0.0;2.3;0.0;0.0;0.4;0.0;0.0;0.3;2.8;5.3;13.3;0.3;0.2;0.1;18.0;0.0;0.0;20.9;0.0;11.7;18.5;28.3;0.0;6.1;0.6;7.5;;1.0;1.0;1.0;1.0;1.0;1.0;1.0;1.0;1;1.0;1;1;1;1;1;1;1.0;1.0;1;1;1;1;1;1.0;1;1;1;1;1.0;1.0;0.0;1979;4;False
1979-04-01;349000;1;1;30.1;168.7;1.0;19.0;1;1;0;0;30.1;0.0;2.0;0.0;0.0;2.3;0.0;0.0;0.4;0.0;0.0;0.3;2.8;5.3;13.3;0.3;0.2;0.1;18.0;0.0;0.0;20.9;0.0;11.7;18.5;28.3;0.0;6.1;0.6;7.5;;1.0;1.0;1.0;1.0;1.0;1.0;1.0;1.0;1;1.0;1;1;1;1;1;1;1.0;1.0;1;1;1;1;1;1.0;1;1;1;1;1.0;1.0;0.0;1979;4;False
1979-05-01;349000;2;1;41.6;184.4;6.0;23.0;1;1;0;0;2.5;28.1;15.8;0.3;0.7;41.6;3.4;1.3;1.9;0.0;0.0;0.0;14.5;0.0;5.0;0.3;8.3;6.0;7.4;2.0;0.0;2.2;0.8;4.2;0.0;0.0;5.7;5.0;12.2;0.0;15.2;1.0;1.0;1.0;1.0;1.0;1.0;1.0;1.0;1;1.0;1;1;1;1;1;1;1.0;1.0;1;1;1;1;1;1.0;1;1;1;1;1.0;1.0;1.0;1979;5;False
1979-05-01;349000;1;1;41.6;184.4;6.0;23.0;1;1;0;0;2.5;28.1;15.8;0.3;0.7;41.6;3.4;1.3;1.9;0.0;0.0;0.0;14.5;0.0;5.0;0.3;8.3;6.0;7.4;2.0;0.0;2.2;0.8;4.2;0.0;0.0;5.7;5.0;12.2;0.0;15.2;1.0;1.0;1.0;1.0;1.0;1.0;1.0;1.0;1;1.0;1;1;1;1;1;1;1.0;1.0;1;1;1;1;1;1.0;1;1;1;1;1.0;1.0;1.0;1979;5;False
1979-06-01;349000;1;1;76.4;78.9;1.0;5.0;1;1;0;0;76.4;0.0;0.3;0.0;0.0;0.0;0.0;0.0;0.0;0.0;0.2;1.9;0.0;0.0;0.0;0.0;0.0;0.0;0.0;0.0;0.1;0.0;0.0;0.0;0.0;0.0;0.0;0.0;0.0;0.0;;1.0;1.0;1.0;1.0;1.0;1.0;1.0;1.0;1;1.0;1;1;1;1;1;1;1.0;1.0;1;1;1;1;1;1.0;1;1;1;1;1.0;1.0;0.0;1979;6;False
1979-06-01;349000;2;1;76.4;78.9;2.0;5.0;1;1;0;0;76.4;0.0;0.3;0.0;0.0;0.0;0.0;0.0;0.0;0.0;0.2;1.9;0.0;0.0;0.0;0.0;0.0;0.0;0.0;0.0;0.1;0.0;0.0;0.0;0.0;0.0;0.0;0.0;0.0;0.0;;1.0;1.0;1.0;1.0;1.0;1.0;1.0;1.0;1;1.0;1;1;1;1;1;1;1.0;1.0;1;1;1;1;1;1.0;1;1;1;1;1.0;1.0;0.0;1979;6;False
1979-07-01;349000;2;1;2.6;2.7;12.0;2.0;1;1;0;0;0.0;0.0;0.0;0.1;0.0;0.0;0.0;0.0;0.0;0.0;0.0;2.6;0.0;0.0;0.0;0.0;0.0;0.0;0.0;0.0;0.0;0.0;0.0;0.0;0.0;0.0;0.0;0.0;0.0;0.0;0.0;1.0;1.0;1.0;1.0;1.0;1.0;1.0;1.0;1;1.0;1;1;1;1;1;1;1.0;1.0;1;1;1;1;1;1.0;1;1;1;1;1.0;1.0;1.0;1979;7;False
1979-07-01;349000;1;1;2.6;2.7;12.0;2.0;1;1;0;0;0.0;0.0;0.0;0.1;0.0;0.0;0.0;0.0;0.0;0.0;0.0;2.6;0.0;0.0;0.0;0.0;0.0;0.0;0.0;0.0;0.0;0.0;0.0;0.0;0.0;0.0;0.0;0.0;0.0;0.0;0.0;1.0;1.0;1.0;1.0;1.0;1.0;1.0;1.0;1;1.0;1;1;1;1;1;1;1.0;1.0;1;1;1;1;1;1.0;1;1;1;1;1.0;1.0;1.0;1979;7;False
1979-08-01;349000;1;1;36.2;101.7;29.0;10.0;1;1;0;0;0.0;0.0;0.0;0.0;0.0;0.0;0.0;0.0;0.0;0.0;0.0;0.0;0.0;1.3;0.0;0.0;0.0;0.0;1.4;0.0;0.0;2.0;28.0;12.9;0.1;0.0;0.0;3.4;36.2;13.2;3.2;1.0;1.0;1.0;1.0;1.0;1.0;1.0;1.0;1;1.0;1;1;1;1;1;1;1.0;1.0;1;1;1;1;1;1.0;1;1;1;1;1.0;1.0;1.0;1979;8;False
1979-08-01;349000;2;1;36.2;101.7;29.0;10.0;1;1;0;0;0.0;0.0;0.0;0.0;0.0;0.0;0.0;0.0;0.0;0.0;0.0;0.0;0.0;1.3;0.0;0.0;0.0;0.0;1.4;0.0;0.0;2.0;28.0;12.9;0.1;0.0;0.0;3.4;36.2;13.2;3.2;1.0;1.0;1.0;1.0;1.0;1.0;1.0;1.0;1;1.0;1;1;1;1;1;1;1.0;1.0;1;1;1;1;1;1.0;1;1;1;1;1.0;1.0;1.0;1979;8;False
1979-09-01;349000;2;1;29.9;77.8;7.0;17.0;1;1;0;0;2.4;4.7;0.0;0.0;1.2;0.0;29.9;3.0;1.3;0.1;0.4;0.0;0.0;0.0;0.0;0.0;0.2;0.1;0.0;0.0;0.4;8.0;19.7;0.4;0.4;0.0;0.0;0.0;5.2;0.4;;1.0;1.0;1.0;1.0;1.0;1.0;1.0;1.0;1;1.0;1;1;1;1;1;1;1.0;1.0;1;1;1;1;1;1.0;1;1;1;1;1.0;1.0;0.0;1979;9;False
1979-09-01;349000;1;1;29.9;77.8;7.0;17.0;1;1;0;0;2.4;4.7;0.0;0.0;1.2;0.0;29.9;3.0;1.3;0.1;0.4;0.0;0.0;0.0;0.0;0.0;0.2;0.1;0.0;0.0;0.4;8.0;19.7;0.4;0.4;0.0;0.0;0.0;5.2;0.4;;1.0;1.0;1.0;1.0;1.0;1.0;1.0;1.0;1;1.0;1;1;1;1;1;1;1.0;1.0;1;1;1;1;1;1.0;1;1;1;1;1.0;1.0;0.0;1979;9;False
1979-10-01;349000;2;1;36.4;78.9;19.0;7.0;1;1;0;0;0.0;0.0;0.0;0.0;0.0;0.0;0.0;0.0;0.0;0.0;0.0;0.0;0.0;0.0;0.0;0.0;0.0;0.6;36.4;0.0;0.0;28.2;0.7;12.0;0.2;0.0;0.8;0.0;0.0;0.0;0.0;1.0;1.0;1.0;1.0;1.0;1.0;1.0;1.0;1;1.0;1;1;1;1;1;1;1.0;1.0;1;1;1;1;1;1.0;1;1;1;1;1.0;1.0;1.0;1979;10;False
1979-10-01;349000;1;1;36.4;78.9;19.0;7.0;1;1;0;0;0.0;0.0;0.0;0.0;0.0;0.0;0.0;0.0;0.0;0.0;0.0;0.0;0.0;0.0;0.0;0.0;0.0;0.6;36.4;0.0;0.0;28.2;0.7;12.0;0.2;0.0;0.8;0.0;0.0;0.0;0.0;1.0;1.0;1.0;1.0;1.0;1.0;1.0;1.0;1;1.0;1;1;1;1;1;1;1.0;1.0;1;1;1;1;1;1.0;1;1;1;1;1.0;1.0;1.0;1979;10;False
1979-11-01;349000;1;1;44.4;128.8;13.0;8.0;1;1;0;0;0.0;0.0;0.0;0.0;0.0;0.0;0.0;0.0;0.0;0.0;0.0;0.0;44.4;0.0;0.0;9.1;0.0;2.3;0.0;0.0;0.0;30.4;0.2;0.0;0.2;0.0;0.0;0.0;38.2;4.0;;1.0;1.0;1.0;1.0;1.0;1.0;1.0;1.0;1;1.0;1;1;1;1;1;1;1.0;1.0;1;1;1;1;1;1.0;1;1;1;1;1.0;1.0;0.0;1979;11;False
1979-11-01;349000;2;1;44.4;128.8;13.0;8.0;1;1;0;0;0.0;0.0;0.0;0.0;0.0;0.0;0.0;0.0;0.0;0.0;0.0;0.0;44.4;0.0;0.0;9.1;0.0;2.3;0.0;0.0;0.0;30.4;0.2;0.0;0.2;0.0;0.0;0.0;38.2;4.0;;1.0;1.0;1.0;1.0;1.0;1.0;1.0;1.0;1;1.0;1;1;1;1;1;1;1.0;1.0;1;1;1;1;1;1.0;1;1;1;1;1.0;1.0;0.0;1979;11;False
1979-12-01;349000;1;1;68.9;194.9;30.0;;1;1;0;0;0.1;0.0;0.0;0.0;0.0;0.0;0.0;;;;;;;;22.4;0.0;0.5;0.2;14.7;9.1;0.0;0.1;4.6;0.0;0.0;6.6;22.1;0.2;40.2;68.9;5.2;1.0;1.0;1.0;1.0;1.0;1.0;1.0;0.0;0;0.0;0;0;0;0;4;1;1.0;1.0;1;1;1;1;1;1.0;1;1;1;1;1.0;1.0;1.0;1979;12;False
1979-12-01;349000;2;1;68.9;194.9;30.0;;1;1;0;0;0.1;0.0;0.0;0.0;0.0;0.0;0.0;;;;;;;;22.4;0.0;0.5;0.2;14.7;9.1;0.0;0.1;4.6;0.0;0.0;6.6;22.1;0.2;40.2;68.9;5.2;1.0;1.0;1.0;1.0;1.0;1.0;1.0;0.0;0;0.0;0;0;0;0;4;1;1.0;1.0;1;1;1;1;1;1.0;1;1;1;1;1.0;1.0;1.0;1979;12;False
1980-01-01;349000;2;1;65.8;382.6;9.0;27.0;1;1;0;1;0.3;22.8;10.0;3.1;0.4;1.8;1.6;4.2;65.8;19.1;9.6;45.6;23.9;14.0;31.5;0.0;25.3;1.6;3.3;0.0;11.0;7.4;16.1;11.9;0.0;0.0;3.6;7.2;8.7;32.4;0.4;1.0;1.0;1.0;1.0;1.0;1.0;1.0;1.0;1;1.0;1;1;1;1;1;1;1.0;1.0;1;1;1;1;1;1.0;1;1;1;1;1.0;1.0;1.0;1980;1;False
1980-01-01;349000;1;1;65.8;382.6;9.0;27.0;1;1;0;1;0.3;22.8;10.0;3.1;0.4;1.8;1.6;4.2;65.8;19.1;9.6;45.6;23.9;14.0;31.5;0.0;25.3;1.6;3.3;0.0;11.0;7.4;16.1;11.9;0.0;0.0;3.6;7.2;8.7;32.4;0.4;1.0;1.0;1.0;1.0;1.0;1.0;1.0;1.0;1;1.0;1;1;1;1;1;1;1.0;1.0;1;1;1;1;1;1.0;1;1;1;1;1.0;1.0;1.0;1980;1;False
1980-02-01;349000;2;1;76.9;520.4;24.0;29.0;1;1;0;1;23.0;25.0;14.7;13.2;2.6;0.6;5.2;1.9;0.5;57.8;3.0;2.5;25.5;6.9;47.4;6.2;15.2;7.9;8.8;24.3;2.5;5.0;4.0;76.9;9.2;16.9;35.6;67.4;10.7;;;1.0;1.0;1.0;1.0;1.0;1.0;1.0;1.0;1;1.0;1;1;1;1;1;1;1.0;1.0;1;1;1;1;1;1.0;1;1;1;1;1.0;0.0;0.0;1980;2;False
1980-02-01;349000;1;1;76.9;520.4;24.0;29.0;1;1;0;1;23.0;25.0;14.7;13.2;2.6;0.6;5.2;1.9;0.5;57.8;3.0;2.5;25.5;6.9;47.4;6.2;15.2;7.9;8.8;24.3;2.5;5.0;4.0;76.9;9.2;16.9;35.6;67.4;10.7;;;1.0;1.0;1.0;1.0;1.0;1.0;1.0;1.0;1;1.0;1;1;1;1;1;1;1.0;1.0;1;1;1;1;1;1.0;1;1;1;1;1.0;0.0;0.0;1980;2;False
1980-03-01;349000;1;1;64.5;336.4;18.0;25.0;1;1;0;1;22.9;40.4;8.7;0.8;45.8;1.0;0.0;3.2;0.2;0.0;0.0;1.6;0.0;17.3;0.2;12.9;12.0;64.5;19.4;0.5;32.9;10.7;0.0;22.1;4.5;5.3;0.8;0.3;0.0;8.2;0.2;1.0;1.0;1.0;1.0;1.0;1.0;1.0;1.0;1;1.0;1;1;1;1;1;1;1.0;1.0;1;1;1;1;1;1.0;1;1;1;1;1.0;1.0;1.0;1980;3;False
1980-03-01;349000;2;1;64.5;336.4;18.0;25.0;1;1;0;1;22.9;40.4;8.7;0.8;45.8;1.0;0.0;3.2;0.2;0.0;0.0;1.6;0.0;17.3;0.2;12.9;12.0;64.5;19.4;0.5;32.9;10.7;0.0;22.1;4.5;5.3;0.8;0.3;0.0;8.2;0.2;1.0;1.0;1.0;1.0;1.0;1.0;1.0;1.0;1;1.0;1;1;1;1;1;1;1.0;1.0;1;1;1;1;1;1.0;1;1;1;1;1.0;1.0;1.0;1980;3;False
1980-04-01;349000;2;1;51.4;290.0;10.0;21.0;1;1;0;1;6.2;0.0;0.4;0.6;0.2;31.1;8.0;35.3;0.2;51.4;5.8;38.3;40.1;2.5;0.0;6.1;10.1;5.4;0.0;0.0;0.0;0.0;0.0;1.5;0.0;7.9;27.0;5.1;0.0;6.8;;1.0;1.0;1.0;1.0;1.0;1.0;1.0;1.0;1;1.0;1;1;1;1;1;1;1.0;1.0;1;1;1;1;1;1.0;1;1;1;1;1.0;1.0;0.0;1980;4;False
1980-04-01;349000;1;1;51.4;290.0;10.0;21.0;1;1;0;1;6.2;0.0;0.4;0.6;0.2;31.1;8.0;35.3;0.2;51.4;5.8;38.3;40.1;2.5;0.0;6.1;10.1;5.4;0.0;0.0;0.0;0.0;0.0;1.5;0.0;7.9;27.0;5.1;0.0;6.8;;1.0;1.0;1.0;1.0;1.0;1.0;1.0;1.0;1;1.0;1;1;1;1;1;1;1.0;1.0;1;1;1;1;1;1.0;1;1;1;1;1.0;1.0;0.0;1980;4;False
1980-05-01;349000;2;1;37.1;144.9;17.0;14.0;1;1;0;1;23.8;7.0;0.3;13.5;17.1;3.6;11.4;6.3;0.0;0.0;7.3;0.0;0.0;0.0;0.0;0.0;37.1;6.2;0.0;4.3;0.0;0.0;0.0;0.0;0.2;0.0;6.8;0.0;0.0;0.0;0.0;1.0;1.0;1.0;1.0;1.0;1.0;1.0;1.0;1;1.0;1;1;1;1;1;1;1.0;1.0;1;1;1;1;1;1.0;1;1;1;1;1.0;1.0;1.0;1980;5;False
1980-05-01;349000;1;1;37.1;144.9;17.0;14.0;1;1;0;1;23.8;7.0;0.3;13.5;17.1;3.6;11.4;6.3;0.0;0.0;7.3;0.0;0.0;0.0;0.0;0.0;37.1;6.2;0.0;4.3;0.0;0.0;0.0;0.0;0.2;0.0;6.8;0.0;0.0;0.0;0.0;1.0;1.0;1.0;1.0;1.0;1.0;1.0;1.0;1;1.0;1;1;1;1;1;1;1.0;1.0;1;1;1;1;1;1.0;1;1;1;1;1.0;1.0;1.0;1980;5;False
1980-06-01;349000;1;1;8.0;20.4;24.0;4.0;1;1;0;1;0.0;0.0;0.0;5.5;0.0;2.1;0.0;0.0;0.0;0.0;0.0;0.0;0.0;0.0;0.0;0.0;0.0;0.0;0.0;0.0;0.0;0.0;4.8;8.0;0.0;0.0;0.0;0.0;0.0;0.0;;1.0;1.0;1.0;1.0;1.0;1.0;1.0;1.0;1;1.0;1;1;1;1;1;1;1.0;1.0;1;1;1;1;1;1.0;1;1;1;1;1.0;1.0;0.0;1980;6;False
1980-06-01;349000;2;1;8.0;20.4;24.0;4.0;1;1;0;1;0.0;0.0;0.0;5.5;0.0;2.1;0.0;0.0;0.0;0.0;0.0;0.0;0.0;0.0;0.0;0.0;0.0;0.0;0.0;0.0;0.0;0.0;4.8;8.0;0.0;0.0;0.0;0.0;0.0;0.0;;1.0;1.0;1.0;1.0;1.0;1.0;1.0;1.0;1;1.0;1;1;1;1;1;1;1.0;1.0;1;1;1;1;1;1.0;1;1;1;1;1.0;1.0;0.0;1980;6;False
1980-07-01;349000;2;1;7.5;12.4;2.0;6.0;1;1;0;1;0.0;7.5;0.0;2.1;0.0;0.0;0.0;0.0;0.0;0.0;0.0;2.0;0.0;0.4;0.0;0.0;0.0;0.0;0.0;0.0;0.0;0.0;0.0;0.0;0.0;0.2;0.0;0.0;0.0;0.2;0.0;1.0;1.0;1.0;1.0;1.0;1.0;1.0;1.0;1;1.0;1;1;1;1;1;1;1.0;1.0;1;1;1;1;1;1.0;1;1;1;1;1.0;1.0;1.0;1980;7;False
1980-07-01;349000;1;1;7.5;12.4;2.0;6.0;1;1;0;1;0.0;7.5;0.0;2.1;0.0;0.0;0.0;0.0;0.0;0.0;0.0;2.0;0.0;0.4;0.0;0.0;0.0;0.0;0.0;0.0;0.0;0.0;0.0;0.0;0.0;0.2;0.0;0.0;0.0;0.2;0.0;1.0;1.0;1.0;1.0;1.0;1.0;1.0;1.0;1;1.0;1;1;1;1;1;1;1.0;1.0;1;1;1;1;1;1.0;1;1;1;1;1.0;1.0;1.0;1980;7;False
1980-08-01;349000;1;1;7.1;7.9;21.0;4.0;1;1;0;1;0.0;0.0;0.0;0.0;0.0;0.0;0.0;0.0;0.0;0.0;0.0;0.0;0.0;0.0;0.0;0.0;0.0;0.0;0.0;0.0;7.1;0.2;0.0;0.0;0.0;0.2;0.0;0.0;0.0;0.4;0.0;1.0;1.0;1.0;1.0;1.0;1.0;1.0;1.0;1;1.0;1;1;1;1;1;1;1.0;1.0;1;1;1;1;1;1.0;1;1;1;1;1.0;1.0;1.0;1980;8;False
1980-08-01;349000;2;1;7.1;7.9;21.0;4.0;1;1;0;1;0.0;0.0;0.0;0.0;0.0;0.0;0.0;0.0;0.0;0.0;0.0;0.0;0.0;0.0;0.0;0.0;0.0;0.0;0.0;0.0;7.1;0.2;0.0;0.0;0.0;0.2;0.0;0.0;0.0;0.4;0.0;1.0;1.0;1.0;1.0;1.0;1.0;1.0;1.0;1;1.0;1;1;1;1;1;1;1.0;1.0;1;1;1;1;1;1.0;1;1;1;1;1.0;1.0;1.0;1980;8;False
1980-09-01;349000;2;1;5.6;6.4;29.0;4.0;1;1;0;1;0.0;0.0;0.0;0.0;0.0;0.0;0.0;0.0;0.0;0.0;0.0;0.0;0.0;0.0;0.0;0.0;0.0;0.0;0.0;0.0;0.0;0.0;0.0;0.0;0.4;0.0;0.3;0.1;5.6;0.0;;1.0;1.0;1.0;1.0;1.0;1.0;1.0;1.0;1;1.0;1;1;1;1;1;1;1.0;1.0;1;1;1;1;1;1.0;1;1;1;1;1.0;1.0;0.0;1980;9;False
1980-09-01;349000;1;1;5.6;6.4;29.0;4.0;1;1;0;1;0.0;0.0;0.0;0.0;0.0;0.0;0.0;0.0;0.0;0.0;0.0;0.0;0.0;0.0;0.0;0.0;0.0;0.0;0.0;0.0;0.0;0.0;0.0;0.0;0.4;0.0;0.3;0.1;5.6;0.0;;1.0;1.0;1.0;1.0;1.0;1.0;1.0;1.0;1;1.0;1;1;1;1;1;1;1.0;1.0;1;1;1;1;1;1.0;1;1;1;1;1.0;1.0;0.0;1980;9;False
1980-10-01;349000;1;1;22.6;43.6;20.0;6.0;1;1;0;1;0.0;0.2;10.2;2.1;0.0;0.0;0.0;0.0;0.0;0.0;0.0;0.0;0.0;0.0;0.0;0.0;1.8;0.0;0.0;22.6;0.0;0.0;0.0;0.0;0.0;6.7;0.0;0.0;0.0;0.0;0.0;1.0;1.0;1.0;1.0;1.0;1.0;1.0;1.0;1;1.0;1;1;1;1;1;1;1.0;1.0;1;1;1;1;1;1.0;1;1;1;1;1.0;1.0;1.0;1980;10;False
1980-10-01;349000;2;1;22.6;43.6;20.0;6.0;1;1;0;1;0.0;0.2;10.2;2.1;0.0;0.0;0.0;0.0;0.0;0.0;0.0;0.0;0.0;0.0;0.0;0.0;1.8;0.0;0.0;22.6;0.0;0.0;0.0;0.0;0.0;6.7;0.0;0.0;0.0;0.0;0.0;1.0;1.0;1.0;1.0;1.0;1.0;1.0;1.0;1;1.0;1;1;1;1;1;1;1.0;1.0;1;1;1;1;1;1.0;1;1;1;1;1.0;1.0;1.0;1980;10;False
1980-11-01;349000;1;1;111.0;193.7;16.0;17.0;1;1;0;1;6.3;0.0;0.0;0.4;0.2;0.0;0.2;0.2;0.2;12.8;29.0;0.0;5.8;0.0;0.0;111.0;0.0;0.1;2.2;19.0;5.1;0.0;0.0;0.4;0.0;0.2;0.0;0.0;0.6;0.0;;1.0;1.0;1.0;1.0;1.0;1.0;1.0;1.0;1;1.0;1;1;1;1;1;1;1.0;1.0;1;1;1;1;1;1.0;1;1;1;1;1.0;1.0;0.0;1980;11;False
1980-11-01;349000;2;1;111.0;193.7;16.0;17.0;1;1;0;1;6.3;0.0;0.0;0.4;0.2;0.0;0.2;0.2;0.2;12.8;29.0;0.0;5.8;0.0;0.0;111.0;0.0;0.1;2.2;19.0;5.1;0.0;0.0;0.4;0.0;0.2;0.0;0.0;0.6;0.0;;1.0;1.0;1.0;1.0;1.0;1.0;1.0;1.0;1;1.0;1;1;1;1;1;1;1.0;1.0;1;1;1;1;1;1.0;1;1;1;1;1.0;1.0;0.0;1980;11;False
1980-12-01;349000;1;1;41.4;147.4;31.0;12.0;1;1;0;1;0.0;0.0;0.0;0.0;0.0;0.0;0.0;0.0;0.0;0.0;0.0;0.0;1.5;0.0;0.0;0.0;0.0;0.0;5.8;2.8;8.4;0.0;27.0;18.1;0.1;0.0;1.1;6.0;35.0;0.2;41.4;1.0;1.0;1.0;1.0;1.0;1.0;1.0;1.0;1;1.0;1;1;1;1;1;1;1.0;1.0;1;1;1;1;1;1.0;1;1;1;1;1.0;1.0;1.0;1980;12;False
1980-12-01;349000;2;1;41.4;147.4;31.0;12.0;1;1;0;1;0.0;0.0;0.0;0.0;0.0;0.0;0.0;0.0;0.0;0.0;0.0;0.0;1.5;0.0;0.0;0.0;0.0;0.0;5.8;2.8;8.4;0.0;27.0;18.1;0.1;0.0;1.1;6.0;35.0;0.2;41.4;1.0;1.0;1.0;1.0;1.0;1.0;1.0;1.0;1;1.0;1;1;1;1;1;1;1.0;1.0;1;1;1;1;1;1.0;1;1;1;1;1.0;1.0;1.0;1980;12;False
1981-01-01;349000;1;1;53.4;255.1;29.0;20.0;1;1;0;1;18.2;0.0;0.0;19.7;0.0;0.0;29.4;0.0;0.0;3.6;0.0;9.6;1.2;0.0;0.0;0.1;1.9;3.0;27.4;0.0;1.0;0.0;41.2;1.6;21.2;2.2;0.7;3.3;53.4;1.0;15.4;1.0;1.0;1.0;1.0;1.0;1.0;1.0;1.0;1;1.0;1;1;1;1;1;1;1.0;1.0;1;1;1;1;1;1.0;1;1;1;1;1.0;1.0;1.0;1981;1;False
1981-01-01;349000;2;1;53.4;255.1;29.0;20.0;1;1;0;1;18.2;0.0;0.0;19.7;0.0;0.0;29.4;0.0;0.0;3.6;0.0;9.6;1.2;0.0;0.0;0.1;1.9;3.0;27.4;0.0;1.0;0.0;41.2;1.6;21.2;2.2;0.7;3.3;53.4;1.0;15.4;1.0;1.0;1.0;1.0;1.0;1.0;1.0;1.0;1;1.0;1;1;1;1;1;1;1.0;1.0;1;1;1;1;1;1.0;1;1;1;1;1.0;1.0;1.0;1981;1;False
1981-02-01;349000;1;1;58.0;342.3;7.0;25.0;1;1;0;1;6.2;49.4;16.1;17.6;6.6;0.0;58.0;47.7;10.4;1.8;1.0;6.3;30.9;7.6;3.4;6.8;16.2;22.7;7.6;0.3;11.2;0.2;2.1;5.2;0.0;0.0;0.8;6.2;;;;1.0;1.0;1.0;1.0;1.0;1.0;1.0;1.0;1;1.0;1;1;1;1;1;1;1.0;1.0;1;1;1;1;1;1.0;1;1;1;1;0.0;0.0;0.0;1981;2;False
1981-02-01;349000;2;1;58.0;342.3;7.0;25.0;1;1;0;1;6.2;49.4;16.1;17.6;6.6;0.0;58.0;47.7;10.4;1.8;1.0;6.3;30.9;7.6;3.4;6.8;16.2;22.7;7.6;0.3;11.2;0.2;2.1;5.2;0.0;0.0;0.8;6.2;;;;1.0;1.0;1.0;1.0;1.0;1.0;1.0;1.0;1;1.0;1;1;1;1;1;1;1.0;1.0;1;1;1;1;1;1.0;1;1;1;1;0.0;0.0;0.0;1981;2;False
1981-03-01;349000;2;1;159.3;338.5;12.0;25.0;1;1;0;1;1.1;0.0;0.6;0.1;2.2;0.0;2.1;1.0;0.0;13.1;9.6;159.3;0.5;0.0;0.0;0.8;0.0;2.4;9.8;5.9;0.6;41.2;0.1;1.5;17.0;0.1;56.8;6.6;0.4;4.1;1.6;1.0;1.0;1.0;1.0;1.0;1.0;1.0;1.0;1;1.0;1;1;1;1;1;1;1.0;1.0;1;1;1;1;1;1.0;1;1;1;1;1.0;1.0;1.0;1981;3;False
1981-03-01;349000;1;1;159.3;338.5;12.0;25.0;1;1;0;1;1.1;0.0;0.6;0.1;2.2;0.0;2.1;1.0;0.0;13.1;9.6;159.3;0.5;0.0;0.0;0.8;0.0;2.4;9.8;5.9;0.6;41.2;0.1;1.5;17.0;0.1;56.8;6.6;0.4;4.1;1.6;1.0;1.0;1.0;1.0;1.0;1.0;1.0;1.0;1;1.0;1;1;1;1;1;1;1.0;1.0;1;1;1;1;1;1.0;1;1;1;1;1.0;1.0;1.0;1981;3;False
1981-04-01;349000;1;1;42.7;198.8;7.0;16.0;1;1;0;1;0.5;5.3;0.8;19.7;17.2;0.3;42.7;0.0;0.0;0.0;0.0;0.0;0.0;42.4;28.9;19.2;0.0;5.4;0.0;1.5;11.7;1.4;0.0;0.0;0.0;0.0;0.0;0.2;1.6;0.0;;1.0;1.0;1.0;1.0;1.0;1.0;1.0;1.0;1;1.0;1;1;1;1;1;1;1.0;1.0;1;1;1;1;1;1.0;1;1;1;1;1.0;1.0;0.0;1981;4;False
1981-04-01;349000;2;1;42.7;198.8;7.0;16.0;1;1;0;1;0.5;5.3;0.8;19.7;17.2;0.3;42.7;0.0;0.0;0.0;0.0;0.0;0.0;42.4;28.9;19.2;0.0;5.4;0.0;1.5;11.7;1.4;0.0;0.0;0.0;0.0;0.0;0.2;1.6;0.0;;1.0;1.0;1.0;1.0;1.0;1.0;1.0;1.0;1;1.0;1;1;1;1;1;1;1.0;1.0;1;1;1;1;1;1.0;1;1;1;1;1.0;1.0;0.0;1981;4;False
1981-05-01;349000;1;1;28.7;127.4;18.0;11.0;1;1;0;1;9.5;0.0;0.0;25.2;0.4;0.0;0.0;0.0;0.0;0.0;0.0;0.0;0.0;0.0;0.0;0.0;1.8;28.7;24.7;22.5;2.9;0.0;0.0;1.1;0.0;0.0;0.0;0.0;0.0;9.8;0.8;1.0;1.0;1.0;1.0;1.0;1.0;1.0;1.0;1;1.0;1;1;1;1;1;1;1.0;1.0;1;1;1;1;1;1.0;1;1;1;1;1.0;1.0;1.0;1981;5;False
1981-05-01;349000;2;1;28.7;127.4;18.0;11.0;1;1;0;1;9.5;0.0;0.0;25.2;0.4;0.0;0.0;0.0;0.0;0.0;0.0;0.0;0.0;0.0;0.0;0.0;1.8;28.7;24.7;22.5;2.9;0.0;0.0;1.1;0.0;0.0;0.0;0.0;0.0;9.8;0.8;1.0;1.0;1.0;1.0;1.0;1.0;1.0;1.0;1;1.0;1;1;1;1;1;1;1.0;1.0;1;1;1;1;1;1.0;1;1;1;1;1.0;1.0;1.0;1981;5;False
1981-06-01;349000;1;1;18.3;37.1;1.0;10.0;1;1;0;1;18.3;0.0;0.0;0.0;7.8;0.5;1.1;0.4;0.0;2.0;2.3;0.0;0.0;0.0;0.0;2.2;0.0;0.2;2.3;0.0;0.0;0.0;0.0;0.0;0.0;0.0;0.0;0.0;0.0;0.0;;1.0;1.0;1.0;1.0;1.0;1.0;1.0;1.0;1;1.0;1;1;1;1;1;1;1.0;1.0;1;1;1;1;1;1.0;1;1;1;1;1.0;1.0;0.0;1981;6;False
1981-06-01;349000;2;1;18.3;37.1;1.0;10.0;1;1;0;1;18.3;0.0;0.0;0.0;7.8;0.5;1.1;0.4;0.0;2.0;2.3;0.0;0.0;0.0;0.0;2.2;0.0;0.2;2.3;0.0;0.0;0.0;0.0;0.0;0.0;0.0;0.0;0.0;0.0;0.0;;1.0;1.0;1.0;1.0;1.0;1.0;1.0;1.0;1;1.0;1;1;1;1;1;1;1.0;1.0;1;1;1;1;1;1.0;1;1;1;1;1.0;1.0;0.0;1981;6;False
1981-07-01;349000;2;1;46.7;58.5;20.0;5.0;1;1;0;1;0.0;0.2;0.0;0.0;0.0;0.0;0.0;0.0;0.0;0.0;0.0;0.0;0.0;0.0;0.0;0.0;0.0;0.0;0.0;46.7;4.1;0.0;0.4;7.1;0.0;0.0;0.0;0.0;0.0;0.0;0.0;1.0;1.0;1.0;1.0;1.0;1.0;1.0;1.0;1;1.0;1;1;1;1;1;1;1.0;1.0;1;1;1;1;1;1.0;1;1;1;1;1.0;1.0;1.0;1981;7;False
1981-07-01;349000;1;1;46.7;58.5;20.0;5.0;1;1;0;1;0.0;0.2;0.0;0.0;0.0;0.0;0.0;0.0;0.0;0.0;0.0;0.0;0.0;0.0;0.0;0.0;0.0;0.0;0.0;46.7;4.1;0.0;0.4;7.1;0.0;0.0;0.0;0.0;0.0;0.0;0.0;1.0;1.0;1.0;1.0;1.0;1.0;1.0;1.0;1;1.0;1;1;1;1;1;1;1.0;1.0;1;1;1;1;1;1.0;1;1;1;1;1.0;1.0;1.0;1981;7;False
1981-08-01;349000;1;1;12.9;12.9;18.0;1.0;1;1;0;1;0.0;0.0;0.0;0.0;0.0;0.0;0.0;0.0;0.0;0.0;0.0;0.0;0.0;0.0;0.0;0.0;0.0;12.9;0.0;0.0;0.0;0.0;0.0;0.0;0.0;0.0;0.0;0.0;0.0;0.0;0.0;1.0;1.0;1.0;1.0;1.0;1.0;1.0;1.0;1;1.0;1;1;1;1;1;1;1.0;1.0;1;1;1;1;1;1.0;1;1;1;1;1.0;1.0;1.0;1981;8;False
1981-08-01;349000;2;1;12.9;12.9;18.0;1.0;1;1;0;1;0.0;0.0;0.0;0.0;0.0;0.0;0.0;0.0;0.0;0.0;0.0;0.0;0.0;0.0;0.0;0.0;0.0;12.9;0.0;0.0;0.0;0.0;0.0;0.0;0.0;0.0;0.0;0.0;0.0;0.0;0.0;1.0;1.0;1.0;1.0;1.0;1.0;1.0;1.0;1;1.0;1;1;1;1;1;1;1.0;1.0;1;1;1;1;1;1.0;1;1;1;1;1.0;1.0;1.0;1981;8;False
1981-09-01;349000;2;1;1.6;2.6;24.0;3.0;1;1;0;1;0.0;0.0;0.0;0.0;0.0;0.0;0.3;0.0;0.0;0.0;0.0;0.0;0.0;0.0;0.0;0.0;0.0;0.0;0.7;0.0;0.0;0.0;0.0;1.6;0.0;0.0;0.0;0.0;0.0;0.0;;1.0;1.0;1.0;1.0;1.0;1.0;1.0;1.0;1;1.0;1;1;1;1;1;1;1.0;1.0;1;1;1;1;1;1.0;1;1;1;1;1.0;1.0;0.0;1981;9;False
1981-09-01;349000;1;1;1.6;2.6;24.0;3.0;1;1;0;1;0.0;0.0;0.0;0.0;0.0;0.0;0.3;0.0;0.0;0.0;0.0;0.0;0.0;0.0;0.0;0.0;0.0;0.0;0.7;0.0;0.0;0.0;0.0;1.6;0.0;0.0;0.0;0.0;0.0;0.0;;1.0;1.0;1.0;1.0;1.0;1.0;1.0;1.0;1;1.0;1;1;1;1;1;1;1.0;1.0;1;1;1;1;1;1.0;1;1;1;1;1.0;1.0;0.0;1981;9;False
1981-10-01;349000;1;1;27.4;50.8;26.0;3.0;1;1;0;1;0.0;0.0;0.0;0.0;0.0;0.0;0.0;0.0;0.0;0.0;22.5;0.0;0.0;0.9;0.0;0.0;0.0;0.0;0.0;0.0;0.0;0.0;0.0;0.0;0.0;27.4;0.0;0.0;0.0;0.0;0.0;1.0;1.0;1.0;1.0;1.0;1.0;1.0;1.0;1;1.0;1;1;1;1;1;1;1.0;1.0;1;1;1;1;1;1.0;1;1;1;1;1.0;1.0;1.0;1981;10;False
1981-10-01;349000;2;1;27.4;50.8;26.0;3.0;1;1;0;1;0.0;0.0;0.0;0.0;0.0;0.0;0.0;0.0;0.0;0.0;22.5;0.0;0.0;0.9;0.0;0.0;0.0;0.0;0.0;0.0;0.0;0.0;0.0;0.0;0.0;27.4;0.0;0.0;0.0;0.0;0.0;1.0;1.0;1.0;1.0;1.0;1.0;1.0;1.0;1;1.0;1;1;1;1;1;1;1.0;1.0;1;1;1;1;1;1.0;1;1;1;1;1.0;1.0;1.0;1981;10;False
1981-11-01;349000;1;1;90.2;187.0;23.0;10.0;1;1;0;1;0.0;0.2;3.2;0.0;0.0;0.0;0.0;0.0;0.0;63.8;11.6;0.0;0.0;0.0;0.0;0.0;0.0;4.1;0.4;0.0;0.0;0.0;90.2;11.4;1.7;0.4;0.0;0.0;0.0;0.0;;1.0;1.0;1.0;1.0;1.0;1.0;1.0;1.0;1;1.0;1;1;1;1;1;1;1.0;1.0;1;1;1;1;1;1.0;1;1;1;1;1.0;1.0;0.0;1981;11;False
1981-11-01;349000;2;1;90.2;187.0;23.0;10.0;1;1;0;1;0.0;0.2;3.2;0.0;0.0;0.0;0.0;0.0;0.0;63.8;11.6;0.0;0.0;0.0;0.0;0.0;0.0;4.1;0.4;0.0;0.0;0.0;90.2;11.4;1.7;0.4;0.0;0.0;0.0;0.0;;1.0;1.0;1.0;1.0;1.0;1.0;1.0;1.0;1;1.0;1;1;1;1;1;1;1.0;1.0;1;1;1;1;1;1.0;1;1;1;1;1.0;1.0;0.0;1981;11;False
1981-12-01;349000;1;1;46.6;147.8;21.0;16.0;1;1;0;1;0.0;0.0;0.0;0.0;0.0;10.0;0.0;0.0;13.0;0.0;9.5;0.0;0.2;0.0;29.8;1.4;6.1;8.0;3.7;0.0;46.6;8.0;0.0;0.0;1.9;0.4;4.5;0.4;4.3;0.0;0.0;1.0;1.0;1.0;1.0;1.0;1.0;1.0;1.0;1;1.0;1;1;1;1;1;1;1.0;1.0;1;1;1;1;1;1.0;1;1;1;1;1.0;1.0;1.0;1981;12;False
1981-12-01;349000;2;1;46.6;147.8;21.0;16.0;1;1;0;1;0.0;0.0;0.0;0.0;0.0;10.0;0.0;0.0;13.0;0.0;9.5;0.0;0.2;0.0;29.8;1.4;6.1;8.0;3.7;0.0;46.6;8.0;0.0;0.0;1.9;0.4;4.5;0.4;4.3;0.0;0.0;1.0;1.0;1.0;1.0;1.0;1.0;1.0;1.0;1;1.0;1;1;1;1;1;1;1.0;1.0;1;1;1;1;1;1.0;1;1;1;1;1.0;1.0;1.0;1981;12;False
1982-01-01;349000;1;1;62.3;489.4;19.0;25.0;1;1;0;1;2.2;3.6;10.1;54.0;2.7;0.0;14.7;2.4;0.0;0.4;1.2;0.0;0.0;0.0;9.2;4.8;5.9;1.7;62.3;0.0;14.4;52.4;0.2;4.8;56.6;7.6;47.8;9.6;48.4;42.3;30.1;1.0;1.0;1.0;1.0;1.0;1.0;1.0;1.0;1;1.0;1;1;1;1;1;1;1.0;1.0;1;1;1;1;1;1.0;1;1;1;1;1.0;1.0;1.0;1982;1;False
1982-01-01;349000;2;1;62.3;489.4;19.0;25.0;1;1;0;1;2.2;3.6;10.1;54.0;2.7;0.0;14.7;2.4;0.0;0.4;1.2;0.0;0.0;0.0;9.2;4.8;5.9;1.7;62.3;0.0;14.4;52.4;0.2;4.8;56.6;7.6;47.8;9.6;48.4;42.3;30.1;1.0;1.0;1.0;1.0;1.0;1.0;1.0;1.0;1;1.0;1;1;1;1;1;1;1.0;1.0;1;1;1;1;1;1.0;1;1;1;1;1.0;1.0;1.0;1982;1;False
1982-02-01;349000;1;1;88.5;684.0;14.0;27.0;1;1;0;1;71.6;15.8;14.5;30.2;27.5;33.4;27.0;8.8;4.7;7.8;4.7;3.0;25.8;88.5;27.3;26.6;71.8;2.8;55.0;1.2;12.0;1.6;62.2;1.2;0.0;40.3;1.3;17.4;;;;1.0;1.0;1.0;1.0;1.0;1.0;1.0;1.0;1;1.0;1;1;1;1;1;1;1.0;1.0;1;1;1;1;1;1.0;1;1;1;1;0.0;0.0;0.0;1982;2;False
1982-02-01;349000;2;1;88.5;684.0;14.0;27.0;1;1;0;1;71.6;15.8;14.5;30.2;27.5;33.4;27.0;8.8;4.7;7.8;4.7;3.0;25.8;88.5;27.3;26.6;71.8;2.8;55.0;1.2;12.0;1.6;62.2;1.2;0.0;40.3;1.3;17.4;;;;1.0;1.0;1.0;1.0;1.0;1.0;1.0;1.0;1;1.0;1;1;1;1;1;1;1.0;1.0;1;1;1;1;1;1.0;1;1;1;1;0.0;0.0;0.0;1982;2;False
1982-03-01;349000;1;1;156.0;487.4;27.0;26.0;1;1;0;1;3.6;21.0;42.5;1.8;0.0;3.0;21.2;46.4;1.9;14.7;20.6;6.2;3.2;0.0;0.0;0.0;0.3;4.9;16.7;4.2;32.3;20.2;11.3;10.7;4.3;5.5;156.0;0.5;7.9;26.5;0.0;1.0;1.0;1.0;1.0;1.0;1.0;1.0;1.0;1;1.0;1;1;1;1;1;1;1.0;1.0;1;1;1;1;1;1.0;1;1;1;1;1.0;1.0;1.0;1982;3;False
1982-03-01;349000;2;1;156.0;487.4;27.0;26.0;1;1;0;1;3.6;21.0;42.5;1.8;0.0;3.0;21.2;46.4;1.9;14.7;20.6;6.2;3.2;0.0;0.0;0.0;0.3;4.9;16.7;4.2;32.3;20.2;11.3;10.7;4.3;5.5;156.0;0.5;7.9;26.5;0.0;1.0;1.0;1.0;1.0;1.0;1.0;1.0;1.0;1;1.0;1;1;1;1;1;1;1.0;1.0;1;1;1;1;1;1.0;1;1;1;1;1.0;1.0;1.0;1982;3;False
1982-04-01;349000;2;1;51.8;280.3;18.0;23.0;1;1;0;1;0.5;0.0;1.2;0.2;23.2;1.6;0.0;11.7;3.6;4.4;0.0;22.3;17.9;0.6;0.0;6.8;18.2;51.8;5.4;13.2;0.2;0.0;0.0;3.3;47.3;22.3;0.0;11.1;5.4;8.1;;1.0;1.0;1.0;1.0;1.0;1.0;1.0;1.0;1;1.0;1;1;1;1;1;1;1.0;1.0;1;1;1;1;1;1.0;1;1;1;1;1.0;1.0;0.0;1982;4;False
1982-04-01;349000;1;1;51.8;280.3;18.0;23.0;1;1;0;1;0.5;0.0;1.2;0.2;23.2;1.6;0.0;11.7;3.6;4.4;0.0;22.3;17.9;0.6;0.0;6.8;18.2;51.8;5.4;13.2;0.2;0.0;0.0;3.3;47.3;22.3;0.0;11.1;5.4;8.1;;1.0;1.0;1.0;1.0;1.0;1.0;1.0;1.0;1;1.0;1;1;1;1;1;1;1.0;1.0;1;1;1;1;1;1.0;1;1;1;1;1.0;1.0;0.0;1982;4;False
1982-05-01;349000;1;1;79.4;225.6;1.0;14.0;1;1;0;1;79.4;61.4;6.0;38.4;4.0;8.8;0.6;0.0;0.0;0.0;0.0;0.0;0.4;0.2;0.0;0.0;0.0;14.8;0.0;0.3;0.0;0.0;0.0;0.0;8.3;0.4;0.0;2.6;0.0;0.0;0.0;1.0;1.0;1.0;1.0;1.0;1.0;1.0;1.0;1;1.0;1;1;1;1;1;1;1.0;1.0;1;1;1;1;1;1.0;1;1;1;1;1.0;1.0;1.0;1982;5;False
1982-05-01;349000;2;1;79.4;225.6;2.0;14.0;1;1;0;1;79.4;61.4;6.0;38.4;4.0;8.8;0.6;0.0;0.0;0.0;0.0;0.0;0.4;0.2;0.0;0.0;0.0;14.8;0.0;0.3;0.0;0.0;0.0;0.0;8.3;0.4;0.0;2.6;0.0;0.0;0.0;1.0;1.0;1.0;1.0;1.0;1.0;1.0;1.0;1;1.0;1;1;1;1;1;1;1.0;1.0;1;1;1;1;1;1.0;1;1;1;1;1.0;1.0;1.0;1982;5;False
1982-06-01;349000;1;1;10.3;17.3;8.0;5.0;1;1;0;1;0.0;0.0;0.0;0.0;1.8;0.0;0.0;10.3;0.0;0.0;0.0;0.0;1.8;3.1;0.0;0.0;0.0;0.0;0.0;0.0;0.0;0.0;0.3;0.0;0.0;0.0;0.0;0.0;0.0;0.0;;1.0;1.0;1.0;1.0;1.0;1.0;1.0;1.0;1;1.0;1;1;1;1;1;1;1.0;1.0;1;1;1;1;1;1.0;1;1;1;1;1.0;1.0;0.0;1982;6;False
1982-06-01;349000;2;1;10.3;17.3;8.0;5.0;1;1;0;1;0.0;0.0;0.0;0.0;1.8;0.0;0.0;10.3;0.0;0.0;0.0;0.0;1.8;3.1;0.0;0.0;0.0;0.0;0.0;0.0;0.0;0.0;0.3;0.0;0.0;0.0;0.0;0.0;0.0;0.0;;1.0;1.0;1.0;1.0;1.0;1.0;1.0;1.0;1;1.0;1;1;1;1;1;1;1.0;1.0;1;1;1;1;1;1.0;1;1;1;1;1.0;1.0;0.0;1982;6;False
1982-07-01;349000;1;1;23.0;55.6;22.0;8.0;1;1;0;1;0.0;0.0;3.4;0.0;0.0;0.0;0.0;0.0;0.0;0.0;0.0;0.0;0.0;0.0;0.0;0.0;0.6;0.0;0.0;15.0;4.5;23.0;0.0;0.0;0.0;0.0;0.0;0.0;4.2;0.4;4.5;1.0;1.0;1.0;1.0;1.0;1.0;1.0;1.0;1;1.0;1;1;1;1;1;1;1.0;1.0;1;1;1;1;1;1.0;1;1;1;1;1.0;1.0;1.0;1982;7;False
1982-07-01;349000;2;1;23.0;55.6;22.0;8.0;1;1;0;1;0.0;0.0;3.4;0.0;0.0;0.0;0.0;0.0;0.0;0.0;0.0;0.0;0.0;0.0;0.0;0.0;0.6;0.0;0.0;15.0;4.5;23.0;0.0;0.0;0.0;0.0;0.0;0.0;4.2;0.4;4.5;1.0;1.0;1.0;1.0;1.0;1.0;1.0;1.0;1;1.0;1;1;1;1;1;1;1.0;1.0;1;1;1;1;1;1.0;1;1;1;1;1.0;1.0;1.0;1982;7;False
1982-08-01;349000;1;1;19.4;32.2;3.0;8.0;1;1;0;1;1.2;0.0;19.4;0.0;0.0;2.0;0.0;0.0;0.0;0.0;0.0;0.0;0.0;1.2;0.0;0.0;0.0;0.0;0.0;0.0;0.0;3.3;1.6;0.4;0.0;0.0;0.0;0.0;0.0;3.1;0.0;1.0;1.0;1.0;1.0;1.0;1.0;1.0;1.0;1;1.0;1;1;1;1;1;1;1.0;1.0;1;1;1;1;1;1.0;1;1;1;1;1.0;1.0;1.0;1982;8;False
1982-08-01;349000;2;1;19.4;32.2;3.0;8.0;1;1;0;1;1.2;0.0;19.4;0.0;0.0;2.0;0.0;0.0;0.0;0.0;0.0;0.0;0.0;1.2;0.0;0.0;0.0;0.0;0.0;0.0;0.0;3.3;1.6;0.4;0.0;0.0;0.0;0.0;0.0;3.1;0.0;1.0;1.0;1.0;1.0;1.0;1.0;1.0;1.0;1;1.0;1;1;1;1;1;1;1.0;1.0;1;1;1;1;1;1.0;1;1;1;1;1.0;1.0;1.0;1982;8;False
1982-09-01;349000;1;1;22.9;60.1;18.0;7.0;1;1;0;1;0.0;0.0;0.0;6.8;0.0;0.0;0.0;0.0;0.0;0.0;0.0;2.4;0.0;0.0;0.0;2.0;13.7;22.9;0.0;0.0;0.0;0.0;0.0;10.7;0.0;0.0;1.6;0.0;0.0;0.0;;1.0;1.0;1.0;1.0;1.0;1.0;1.0;1.0;1;1.0;1;1;1;1;1;1;1.0;1.0;1;1;1;1;1;1.0;1;1;1;1;1.0;1.0;0.0;1982;9;False
1982-09-01;349000;2;1;22.9;60.1;18.0;7.0;1;1;0;1;0.0;0.0;0.0;6.8;0.0;0.0;0.0;0.0;0.0;0.0;0.0;2.4;0.0;0.0;0.0;2.0;13.7;22.9;0.0;0.0;0.0;0.0;0.0;10.7;0.0;0.0;1.6;0.0;0.0;0.0;;1.0;1.0;1.0;1.0;1.0;1.0;1.0;1.0;1;1.0;1;1;1;1;1;1;1.0;1.0;1;1;1;1;1;1.0;1;1;1;1;1.0;1.0;0.0;1982;9;False
1982-10-01;349000;2;1;29.0;73.1;29.0;9.0;1;1;0;1;7.8;0.0;0.0;2.5;0.0;0.0;0.0;0.0;0.0;0.0;0.0;0.0;0.0;0.0;0.1;18.4;0.0;0.0;0.6;3.7;3.9;0.0;0.0;0.0;0.0;0.0;0.0;0.0;29.0;7.1;0.0;1.0;1.0;1.0;1.0;1.0;1.0;1.0;1.0;1;1.0;1;1;1;1;1;1;1.0;1.0;1;1;1;1;1;1.0;1;1;1;1;1.0;1.0;1.0;1982;10;False
1982-10-01;349000;1;1;29.0;73.1;29.0;9.0;1;1;0;1;7.8;0.0;0.0;2.5;0.0;0.0;0.0;0.0;0.0;0.0;0.0;0.0;0.0;0.0;0.1;18.4;0.0;0.0;0.6;3.7;3.9;0.0;0.0;0.0;0.0;0.0;0.0;0.0;29.0;7.1;0.0;1.0;1.0;1.0;1.0;1.0;1.0;1.0;1.0;1;1.0;1;1;1;1;1;1;1.0;1.0;1;1;1;1;1;1.0;1;1;1;1;1.0;1.0;1.0;1982;10;False
1982-11-01;349000;1;1;30.0;68.1;28.0;4.0;1;1;0;1;0.0;0.0;0.0;28.0;0.0;0.0;0.0;0.0;0.4;0.0;0.0;0.0;0.0;0.0;0.0;0.0;0.0;0.0;0.0;0.0;0.0;0.0;0.0;0.0;0.0;0.0;0.0;30.0;0.0;9.7;;1.0;1.0;1.0;1.0;1.0;1.0;1.0;1.0;1;1.0;1;1;1;1;1;1;1.0;1.0;1;1;1;1;1;1.0;1;1;1;1;1.0;1.0;0.0;1982;11;False
1982-11-01;349000;2;1;30.0;68.1;28.0;4.0;1;1;0;1;0.0;0.0;0.0;28.0;0.0;0.0;0.0;0.0;0.4;0.0;0.0;0.0;0.0;0.0;0.0;0.0;0.0;0.0;0.0;0.0;0.0;0.0;0.0;0.0;0.0;0.0;0.0;30.0;0.0;9.7;;1.0;1.0;1.0;1.0;1.0;1.0;1.0;1.0;1;1.0;1;1;1;1;1;1;1.0;1.0;1;1;1;1;1;1.0;1;1;1;1;1.0;1.0;0.0;1982;11;False
1982-12-01;349000;2;1;83.0;166.0;30.0;9.0;1;1;0;1;0.0;0.0;0.1;0.0;25.5;0.0;0.0;3.0;0.0;3.1;2.5;0.0;0.0;0.0;0.0;0.0;0.0;0.0;0.0;0.0;0.0;0.0;0.0;0.0;0.0;44.2;0.0;0.6;0.0;83.0;4.0;1.0;1.0;1.0;1.0;1.0;1.0;1.0;1.0;1;1.0;1;1;1;1;1;1;1.0;1.0;1;1;1;1;1;1.0;1;1;1;1;1.0;1.0;1.0;1982;12;False
1982-12-01;349000;1;1;83.0;166.0;30.0;9.0;1;1;0;1;0.0;0.0;0.1;0.0;25.5;0.0;0.0;3.0;0.0;3.1;2.5;0.0;0.0;0.0;0.0;0.0;0.0;0.0;0.0;0.0;0.0;0.0;0.0;0.0;0.0;44.2;0.0;0.6;0.0;83.0;4.0;1.0;1.0;1.0;1.0;1.0;1.0;1.0;1.0;1;1.0;1;1;1;1;1;1;1.0;1.0;1;1;1;1;1;1.0;1;1;1;1;1.0;1.0;1.0;1982;12;False
1983-01-01;349000;2;1;57.9;193.4;31.0;16.0;1;1;0;1;2.8;6.7;5.6;3.3;0.0;0.0;0.0;0.0;0.0;0.0;0.0;0.0;0.2;0.0;0.0;0.0;0.0;0.0;0.0;0.2;3.5;24.7;1.2;2.2;0.0;4.0;2.1;33.2;15.6;30.2;57.9;1.0;1.0;1.0;1.0;1.0;1.0;1.0;1.0;1;1.0;1;1;1;1;1;1;1.0;1.0;1;1;1;1;1;1.0;1;1;1;1;1.0;1.0;1.0;1983;1;False
1983-01-01;349000;1;1;57.9;193.4;31.0;16.0;1;1;0;1;2.8;6.7;5.6;3.3;0.0;0.0;0.0;0.0;0.0;0.0;0.0;0.0;0.2;0.0;0.0;0.0;0.0;0.0;0.0;0.2;3.5;24.7;1.2;2.2;0.0;4.0;2.1;33.2;15.6;30.2;57.9;1.0;1.0;1.0;1.0;1.0;1.0;1.0;1.0;1;1.0;1;1;1;1;1;1;1.0;1.0;1;1;1;1;1;1.0;1;1;1;1;1.0;1.0;1.0;1983;1;False
1983-02-01;349000;1;1;95.0;357.6;6.0;22.0;1;1;0;1;20.3;7.1;14.9;1.5;29.9;95.0;21.1;36.5;16.9;0.0;0.3;8.1;0.0;22.2;7.0;15.9;0.5;49.8;3.0;1.5;0.4;0.7;1.8;0.0;0.0;0.0;0.0;3.2;;;;1.0;1.0;1.0;1.0;1.0;1.0;1.0;1.0;1;1.0;1;1;1;1;1;1;1.0;1.0;1;1;1;1;1;1.0;1;1;1;1;0.0;0.0;0.0;1983;2;False
1983-02-01;349000;2;1;95.0;357.6;6.0;22.0;1;1;0;1;20.3;7.1;14.9;1.5;29.9;95.0;21.1;36.5;16.9;0.0;0.3;8.1;0.0;22.2;7.0;15.9;0.5;49.8;3.0;1.5;0.4;0.7;1.8;0.0;0.0;0.0;0.0;3.2;;;;1.0;1.0;1.0;1.0;1.0;1.0;1.0;1.0;1;1.0;1;1;1;1;1;1;1.0;1.0;1;1;1;1;1;1.0;1;1;1;1;0.0;0.0;0.0;1983;2;False
1983-03-01;349000;1;1;86.6;361.4;25.0;26.0;1;1;0;1;0.0;0.0;2.0;0.2;3.1;6.4;22.3;17.0;7.4;0.4;0.6;2.3;1.4;0.0;3.8;6.0;9.9;4.6;0.0;0.0;11.4;37.0;12.7;39.8;86.6;8.7;31.2;7.2;11.4;7.0;21.0;1.0;1.0;1.0;1.0;1.0;1.0;1.0;1.0;1;1.0;1;1;1;1;1;1;1.0;1.0;1;1;1;1;1;1.0;1;1;1;1;1.0;1.0;1.0;1983;3;False
1983-03-01;349000;2;1;86.6;361.4;25.0;26.0;1;1;0;1;0.0;0.0;2.0;0.2;3.1;6.4;22.3;17.0;7.4;0.4;0.6;2.3;1.4;0.0;3.8;6.0;9.9;4.6;0.0;0.0;11.4;37.0;12.7;39.8;86.6;8.7;31.2;7.2;11.4;7.0;21.0;1.0;1.0;1.0;1.0;1.0;1.0;1.0;1.0;1;1.0;1;1;1;1;1;1;1.0;1.0;1;1;1;1;1;1.0;1;1;1;1;1.0;1.0;1.0;1983;3;False
1983-04-01;349000;1;1;39.6;192.3;10.0;21.0;1;1;0;1;21.9;22.6;1.9;0.0;0.8;0.1;4.3;0.0;10.5;39.6;6.4;6.4;0.0;8.2;10.0;0.0;5.4;14.8;8.9;0.0;2.2;5.9;0.1;0.3;1.4;20.6;0.0;0.0;0.0;0.0;;1.0;1.0;1.0;1.0;1.0;1.0;1.0;1.0;1;1.0;1;1;1;1;1;1;1.0;1.0;1;1;1;1;1;1.0;1;1;1;1;1.0;1.0;0.0;1983;4;False
1983-04-01;349000;2;1;39.6;192.3;10.0;21.0;1;1;0;1;21.9;22.6;1.9;0.0;0.8;0.1;4.3;0.0;10.5;39.6;6.4;6.4;0.0;8.2;10.0;0.0;5.4;14.8;8.9;0.0;2.2;5.9;0.1;0.3;1.4;20.6;0.0;0.0;0.0;0.0;;1.0;1.0;1.0;1.0;1.0;1.0;1.0;1.0;1;1.0;1;1;1;1;1;1;1.0;1.0;1;1;1;1;1;1.0;1;1;1;1;1.0;1.0;0.0;1983;4;False
1983-05-01;349000;2;1;73.8;201.8;12.0;20.0;1;1;0;1;0.6;2.1;2.2;7.0;20.4;0.0;1.0;0.0;0.0;0.0;2.8;73.8;27.0;3.6;31.8;2.2;0.0;9.2;0.4;0.0;2.6;0.4;2.2;9.8;0.0;0.0;0.0;2.5;0.2;0.0;0.0;1.0;1.0;1.0;1.0;1.0;1.0;1.0;1.0;1;1.0;1;1;1;1;1;1;1.0;1.0;1;1;1;1;1;1.0;1;1;1;1;1.0;1.0;1.0;1983;5;False
1983-05-01;349000;1;1;73.8;201.8;12.0;20.0;1;1;0;1;0.6;2.1;2.2;7.0;20.4;0.0;1.0;0.0;0.0;0.0;2.8;73.8;27.0;3.6;31.8;2.2;0.0;9.2;0.4;0.0;2.6;0.4;2.2;9.8;0.0;0.0;0.0;2.5;0.2;0.0;0.0;1.0;1.0;1.0;1.0;1.0;1.0;1.0;1.0;1;1.0;1;1;1;1;1;1;1.0;1.0;1;1;1;1;1;1.0;1;1;1;1;1.0;1.0;1.0;1983;5;False
1983-06-01;349000;2;1;18.0;43.9;10.0;7.0;1;1;0;1;0.0;6.0;0.0;9.2;0.0;0.0;0.0;0.0;0.0;18.0;0.0;0.0;0.0;0.0;0.0;7.0;0.1;0.0;2.9;0.0;0.0;0.0;0.0;0.0;0.0;0.7;0.0;0.0;0.0;0.0;;1.0;1.0;1.0;1.0;1.0;1.0;1.0;1.0;1;1.0;1;1;1;1;1;1;1.0;1.0;1;1;1;1;1;1.0;1;1;1;1;1.0;1.0;0.0;1983;6;False
1983-06-01;349000;1;1;18.0;43.9;10.0;7.0;1;1;0;1;0.0;6.0;0.0;9.2;0.0;0.0;0.0;0.0;0.0;18.0;0.0;0.0;0.0;0.0;0.0;7.0;0.1;0.0;2.9;0.0;0.0;0.0;0.0;0.0;0.0;0.7;0.0;0.0;0.0;0.0;;1.0;1.0;1.0;1.0;1.0;1.0;1.0;1.0;1;1.0;1;1;1;1;1;1;1.0;1.0;1;1;1;1;1;1.0;1;1;1;1;1.0;1.0;0.0;1983;6;False
1983-07-01;349000;1;1;11.2;25.5;2.0;9.0;1;1;0;1;0.0;11.2;0.0;0.0;0.0;0.0;0.0;0.0;0.0;0.0;1.0;0.0;0.0;0.0;7.4;3.1;0.6;1.0;0.4;0.1;0.0;0.7;0.0;0.0;0.0;0.0;0.0;0.0;0.0;0.0;0.0;1.0;1.0;1.0;1.0;1.0;1.0;1.0;1.0;1;1.0;1;1;1;1;1;1;1.0;1.0;1;1;1;1;1;1.0;1;1;1;1;1.0;1.0;1.0;1983;7;False
1983-07-01;349000;2;1;11.2;25.5;2.0;9.0;1;1;0;1;0.0;11.2;0.0;0.0;0.0;0.0;0.0;0.0;0.0;0.0;1.0;0.0;0.0;0.0;7.4;3.1;0.6;1.0;0.4;0.1;0.0;0.7;0.0;0.0;0.0;0.0;0.0;0.0;0.0;0.0;0.0;1.0;1.0;1.0;1.0;1.0;1.0;1.0;1.0;1;1.0;1;1;1;1;1;1;1.0;1.0;1;1;1;1;1;1.0;1;1;1;1;1.0;1.0;1.0;1983;7;False
1983-08-01;349000;2;1;7.2;21.0;6.0;7.0;1;1;0;1;0.0;0.0;0.0;0.0;0.0;7.2;0.0;0.0;0.0;0.0;0.0;2.9;2.2;2.2;0.0;0.0;0.0;0.0;0.0;0.0;0.0;1.1;1.3;4.1;0.0;0.0;0.0;0.0;0.0;0.0;0.0;1.0;1.0;1.0;1.0;1.0;1.0;1.0;1.0;1;1.0;1;1;1;1;1;1;1.0;1.0;1;1;1;1;1;1.0;1;1;1;1;1.0;1.0;1.0;1983;8;False
1983-08-01;349000;1;1;7.2;21.0;6.0;7.0;1;1;0;1;0.0;0.0;0.0;0.0;0.0;7.2;0.0;0.0;0.0;0.0;0.0;2.9;2.2;2.2;0.0;0.0;0.0;0.0;0.0;0.0;0.0;1.1;1.3;4.1;0.0;0.0;0.0;0.0;0.0;0.0;0.0;1.0;1.0;1.0;1.0;1.0;1.0;1.0;1.0;1;1.0;1;1;1;1;1;1;1.0;1.0;1;1;1;1;1;1.0;1;1;1;1;1.0;1.0;1.0;1983;8;False
1983-09-01;349000;1;1;6.2;16.7;18.0;7.0;1;1;0;1;0.0;0.0;0.0;0.0;0.0;0.0;0.0;0.0;0.0;0.0;0.9;0.0;2.4;0.0;0.0;0.0;0.0;6.2;1.2;0.0;0.0;0.0;2.3;0.0;0.0;0.0;0.0;0.0;0.8;2.9;;1.0;1.0;1.0;1.0;1.0;1.0;1.0;1.0;1;1.0;1;1;1;1;1;1;1.0;1.0;1;1;1;1;1;1.0;1;1;1;1;1.0;1.0;0.0;1983;9;False
1983-09-01;349000;2;1;6.2;16.7;18.0;7.0;1;1;0;1;0.0;0.0;0.0;0.0;0.0;0.0;0.0;0.0;0.0;0.0;0.9;0.0;2.4;0.0;0.0;0.0;0.0;6.2;1.2;0.0;0.0;0.0;2.3;0.0;0.0;0.0;0.0;0.0;0.8;2.9;;1.0;1.0;1.0;1.0;1.0;1.0;1.0;1.0;1;1.0;1;1;1;1;1;1;1.0;1.0;1;1;1;1;1;1.0;1;1;1;1;1.0;1.0;0.0;1983;9;False
1983-10-01;349000;1;1;7.4;15.3;26.0;3.0;1;1;0;1;0.0;0.0;0.0;0.0;0.0;1.6;0.0;6.3;0.0;0.0;0.0;0.0;0.0;0.0;0.0;0.0;0.0;0.0;0.0;0.0;0.0;0.0;0.0;0.0;0.0;7.4;0.0;0.0;0.0;0.0;0.0;1.0;1.0;1.0;1.0;1.0;1.0;1.0;1.0;1;1.0;1;1;1;1;1;1;1.0;1.0;1;1;1;1;1;1.0;1;1;1;1;1.0;1.0;1.0;1983;10;False
1983-10-01;349000;2;1;7.4;15.3;26.0;3.0;1;1;0;1;0.0;0.0;0.0;0.0;0.0;1.6;0.0;6.3;0.0;0.0;0.0;0.0;0.0;0.0;0.0;0.0;0.0;0.0;0.0;0.0;0.0;0.0;0.0;0.0;0.0;7.4;0.0;0.0;0.0;0.0;0.0;1.0;1.0;1.0;1.0;1.0;1.0;1.0;1.0;1;1.0;1;1;1;1;1;1;1.0;1.0;1;1;1;1;1;1.0;1;1;1;1;1.0;1.0;1.0;1983;10;False
1983-11-01;349000;2;1;8.0;18.1;20.0;6.0;1;1;0;1;0.4;0.0;5.9;0.0;0.0;0.3;0.0;0.0;0.0;0.0;0.0;0.0;0.0;0.0;0.0;0.0;0.0;0.0;0.0;8.0;0.0;0.0;0.0;0.0;1.7;0.0;0.0;0.0;1.8;0.0;;1.0;1.0;1.0;1.0;1.0;1.0;1.0;1.0;1;1.0;1;1;1;1;1;1;1.0;1.0;1;1;1;1;1;1.0;1;1;1;1;1.0;1.0;0.0;1983;11;False
1983-11-01;349000;1;1;8.0;18.1;20.0;6.0;1;1;0;1;0.4;0.0;5.9;0.0;0.0;0.3;0.0;0.0;0.0;0.0;0.0;0.0;0.0;0.0;0.0;0.0;0.0;0.0;0.0;8.0;0.0;0.0;0.0;0.0;1.7;0.0;0.0;0.0;1.8;0.0;;1.0;1.0;1.0;1.0;1.0;1.0;1.0;1.0;1;1.0;1;1;1;1;1;1;1.0;1.0;1;1;1;1;1;1.0;1;1;1;1;1.0;1.0;0.0;1983;11;False
1983-12-01;349000;2;1;48.8;246.0;23.0;18.0;1;1;0;1;6.0;0.0;0.0;0.0;6.4;9.4;0.0;3.5;12.6;0.0;0.0;2.0;8.9;0.0;2.8;8.6;0.0;27.9;0.0;0.0;0.0;3.9;48.8;20.9;15.7;20.0;37.2;0.0;1.6;9.8;0.0;1.0;1.0;1.0;1.0;1.0;1.0;1.0;1.0;1;1.0;1;1;1;1;1;1;1.0;1.0;1;1;1;1;1;1.0;1;1;1;1;1.0;1.0;1.0;1983;12;False
1983-12-01;349000;1;1;48.8;246.0;23.0;18.0;1;1;0;1;6.0;0.0;0.0;0.0;6.4;9.4;0.0;3.5;12.6;0.0;0.0;2.0;8.9;0.0;2.8;8.6;0.0;27.9;0.0;0.0;0.0;3.9;48.8;20.9;15.7;20.0;37.2;0.0;1.6;9.8;0.0;1.0;1.0;1.0;1.0;1.0;1.0;1.0;1.0;1;1.0;1;1;1;1;1;1;1.0;1.0;1;1;1;1;1;1.0;1;1;1;1;1.0;1.0;1.0;1983;12;False
1984-01-01;349000;1;1;48.5;303.1;25.0;27.0;1;1;0;1;0.0;19.1;0.0;0.4;4.5;35.0;9.1;9.4;6.4;0.3;13.3;2.4;0.0;0.0;0.6;5.4;25.0;0.8;24.8;6.4;3.8;6.6;5.2;36.4;48.5;0.8;22.1;1.7;2.2;0.3;12.6;1.0;1.0;1.0;1.0;1.0;1.0;1.0;1.0;1;1.0;1;1;1;1;1;1;1.0;1.0;1;1;1;1;1;1.0;1;1;1;1;1.0;1.0;1.0;1984;1;False
1984-01-01;349000;2;1;48.5;303.1;25.0;27.0;1;1;0;1;0.0;19.1;0.0;0.4;4.5;35.0;9.1;9.4;6.4;0.3;13.3;2.4;0.0;0.0;0.6;5.4;25.0;0.8;24.8;6.4;3.8;6.6;5.2;36.4;48.5;0.8;22.1;1.7;2.2;0.3;12.6;1.0;1.0;1.0;1.0;1.0;1.0;1.0;1.0;1;1.0;1;1;1;1;1;1;1.0;1.0;1;1;1;1;1;1.0;1;1;1;1;1.0;1.0;1.0;1984;1;False
1984-02-01;349000;2;1;99.0;650.2;16.0;29.0;1;1;0;1;4.9;17.6;43.3;23.0;8.8;43.9;9.5;39.2;3.1;2.2;13.2;2.2;20.4;42.1;45.8;99.0;82.6;0.4;12.7;26.6;47.2;12.6;3.2;0.2;23.6;12.0;8.6;2.2;0.1;;;1.0;1.0;1.0;1.0;1.0;1.0;1.0;1.0;1;1.0;1;1;1;1;1;1;1.0;1.0;1;1;1;1;1;1.0;1;1;1;1;1.0;0.0;0.0;1984;2;False
1984-02-01;349000;1;1;99.0;650.2;16.0;29.0;1;1;0;1;4.9;17.6;43.3;23.0;8.8;43.9;9.5;39.2;3.1;2.2;13.2;2.2;20.4;42.1;45.8;99.0;82.6;0.4;12.7;26.6;47.2;12.6;3.2;0.2;23.6;12.0;8.6;2.2;0.1;;;1.0;1.0;1.0;1.0;1.0;1.0;1.0;1.0;1;1.0;1;1;1;1;1;1;1.0;1.0;1;1;1;1;1;1.0;1;1;1;1;1.0;0.0;0.0;1984;2;False
1984-03-01;349000;1;1;59.5;417.2;26.0;29.0;1;1;0;1;19.7;23.8;14.8;1.1;5.9;20.8;19.6;5.3;54.8;8.2;0.0;12.0;2.5;6.1;0.0;7.3;11.3;12.6;26.5;1.7;24.1;4.1;0.7;12.2;1.9;59.5;23.4;0.7;1.8;33.3;1.5;1.0;1.0;1.0;1.0;1.0;1.0;1.0;1.0;1;1.0;1;1;1;1;1;1;1.0;1.0;1;1;1;1;1;1.0;1;1;1;1;1.0;1.0;1.0;1984;3;False
1984-03-01;349000;2;1;59.5;417.2;26.0;29.0;1;1;0;1;19.7;23.8;14.8;1.1;5.9;20.8;19.6;5.3;54.8;8.2;0.0;12.0;2.5;6.1;0.0;7.3;11.3;12.6;26.5;1.7;24.1;4.1;0.7;12.2;1.9;59.5;23.4;0.7;1.8;33.3;1.5;1.0;1.0;1.0;1.0;1.0;1.0;1.0;1.0;1;1.0;1;1;1;1;1;1;1.0;1.0;1;1;1;1;1;1.0;1;1;1;1;1.0;1.0;1.0;1984;3;False
1984-04-01;349000;1;1;134.8;668.0;19.0;30.0;1;1;0;1;16.9;33.6;3.4;8.3;26.1;1.1;10.6;13.2;40.4;6.5;13.8;33.8;5.6;33.9;7.3;10.6;14.5;13.5;134.8;32.4;27.5;2.2;7.0;1.7;1.3;45.1;46.1;61.5;2.7;12.6;;1.0;1.0;1.0;1.0;1.0;1.0;1.0;1.0;1;1.0;1;1;1;1;1;1;1.0;1.0;1;1;1;1;1;1.0;1;1;1;1;1.0;1.0;0.0;1984;4;False
1984-04-01;349000;2;1;134.8;668.0;19.0;30.0;1;1;0;1;16.9;33.6;3.4;8.3;26.1;1.1;10.6;13.2;40.4;6.5;13.8;33.8;5.6;33.9;7.3;10.6;14.5;13.5;134.8;32.4;27.5;2.2;7.0;1.7;1.3;45.1;46.1;61.5;2.7;12.6;;1.0;1.0;1.0;1.0;1.0;1.0;1.0;1.0;1;1.0;1;1;1;1;1;1;1.0;1.0;1;1;1;1;1;1.0;1;1;1;1;1.0;1.0;0.0;1984;4;False
1984-05-01;349000;2;1;48.6;273.2;4.0;23.0;1;1;0;1;0.6;1.5;15.7;48.6;6.8;25.8;0.5;20.2;2.9;28.3;31.4;0.0;0.4;2.8;3.2;13.2;4.7;0.0;0.0;0.0;2.0;2.0;0.0;20.9;18.9;8.5;13.6;0.0;0.7;0.0;0.0;1.0;1.0;1.0;1.0;1.0;1.0;1.0;1.0;1;1.0;1;1;1;1;1;1;1.0;1.0;1;1;1;1;1;1.0;1;1;1;1;1.0;1.0;1.0;1984;5;False
1984-05-01;349000;1;1;48.6;273.2;4.0;23.0;1;1;0;1;0.6;1.5;15.7;48.6;6.8;25.8;0.5;20.2;2.9;28.3;31.4;0.0;0.4;2.8;3.2;13.2;4.7;0.0;0.0;0.0;2.0;2.0;0.0;20.9;18.9;8.5;13.6;0.0;0.7;0.0;0.0;1.0;1.0;1.0;1.0;1.0;1.0;1.0;1.0;1;1.0;1;1;1;1;1;1;1.0;1.0;1;1;1;1;1;1.0;1;1;1;1;1.0;1.0;1.0;1984;5;False
1984-06-01;349000;2;1;19.3;48.5;11.0;9.0;1;1;0;1;0.0;0.0;0.0;0.0;0.0;2.9;4.3;1.5;0.4;0.0;19.3;13.2;0.0;0.1;0.1;0.0;0.0;0.0;0.0;0.0;0.0;0.0;0.0;0.0;0.0;0.0;0.0;0.0;0.0;6.7;;1.0;1.0;1.0;1.0;1.0;1.0;1.0;1.0;1;1.0;1;1;1;1;1;1;1.0;1.0;1;1;1;1;1;1.0;1;1;1;1;1.0;1.0;0.0;1984;6;False
1984-06-01;349000;1;1;19.3;48.5;11.0;9.0;1;1;0;1;0.0;0.0;0.0;0.0;0.0;2.9;4.3;1.5;0.4;0.0;19.3;13.2;0.0;0.1;0.1;0.0;0.0;0.0;0.0;0.0;0.0;0.0;0.0;0.0;0.0;0.0;0.0;0.0;0.0;6.7;;1.0;1.0;1.0;1.0;1.0;1.0;1.0;1.0;1;1.0;1;1;1;1;1;1;1.0;1.0;1;1;1;1;1;1.0;1;1;1;1;1.0;1.0;0.0;1984;6;False
1984-07-01;349000;1;1;27.4;39.1;25.0;7.0;1;1;0;1;0.0;0.7;0.0;0.0;0.0;0.0;0.0;0.0;0.0;0.0;0.0;0.0;0.0;0.0;0.0;0.0;0.0;2.5;2.9;0.0;0.0;0.0;0.2;0.0;27.4;0.1;0.0;0.0;0.0;0.0;5.3;1.0;1.0;1.0;1.0;1.0;1.0;1.0;1.0;1;1.0;1;1;1;1;1;1;1.0;1.0;1;1;1;1;1;1.0;1;1;1;1;1.0;1.0;1.0;1984;7;False
1984-07-01;349000;2;1;27.4;39.1;25.0;7.0;1;1;0;1;0.0;0.7;0.0;0.0;0.0;0.0;0.0;0.0;0.0;0.0;0.0;0.0;0.0;0.0;0.0;0.0;0.0;2.5;2.9;0.0;0.0;0.0;0.2;0.0;27.4;0.1;0.0;0.0;0.0;0.0;5.3;1.0;1.0;1.0;1.0;1.0;1.0;1.0;1.0;1;1.0;1;1;1;1;1;1;1.0;1.0;1;1;1;1;1;1.0;1;1;1;1;1.0;1.0;1.0;1984;7;False
1984-08-01;349000;2;1;20.2;50.6;14.0;8.0;1;1;0;1;0.0;0.0;0.0;0.0;0.0;0.0;0.0;2.5;0.0;0.0;0.0;0.0;0.0;20.2;4.2;0.3;0.0;0.0;0.0;0.6;0.0;0.0;0.0;0.0;0.0;0.0;0.0;0.6;3.6;0.0;18.6;1.0;1.0;1.0;1.0;1.0;1.0;1.0;1.0;1;1.0;1;1;1;1;1;1;1.0;1.0;1;1;1;1;1;1.0;1;1;1;1;1.0;1.0;1.0;1984;8;False
1984-08-01;349000;1;1;20.2;50.6;14.0;8.0;1;1;0;1;0.0;0.0;0.0;0.0;0.0;0.0;0.0;2.5;0.0;0.0;0.0;0.0;0.0;20.2;4.2;0.3;0.0;0.0;0.0;0.6;0.0;0.0;0.0;0.0;0.0;0.0;0.0;0.6;3.6;0.0;18.6;1.0;1.0;1.0;1.0;1.0;1.0;1.0;1.0;1;1.0;1;1;1;1;1;1;1.0;1.0;1;1;1;1;1;1.0;1;1;1;1;1.0;1.0;1.0;1984;8;False
1984-09-01;349000;1;1;17.1;63.8;11.0;18.0;1;1;0;1;7.4;5.2;2.8;0.9;9.7;0.0;0.2;1.5;7.4;0.0;17.1;0.2;0.0;0.0;1.4;0.0;0.0;3.7;1.0;0.0;0.0;0.5;1.6;0.0;0.7;0.0;0.0;1.4;1.1;0.0;;1.0;1.0;1.0;1.0;1.0;1.0;1.0;1.0;1;1.0;1;1;1;1;1;1;1.0;1.0;1;1;1;1;1;1.0;1;1;1;1;1.0;1.0;0.0;1984;9;False
1984-09-01;349000;2;1;17.1;63.8;11.0;18.0;1;1;0;1;7.4;5.2;2.8;0.9;9.7;0.0;0.2;1.5;7.4;0.0;17.1;0.2;0.0;0.0;1.4;0.0;0.0;3.7;1.0;0.0;0.0;0.5;1.6;0.0;0.7;0.0;0.0;1.4;1.1;0.0;;1.0;1.0;1.0;1.0;1.0;1.0;1.0;1.0;1;1.0;1;1;1;1;1;1;1.0;1.0;1;1;1;1;1;1.0;1;1;1;1;1.0;1.0;0.0;1984;9;False
1984-10-01;349000;2;1;41.2;144.2;29.0;19.0;1;1;0;1;0.0;13.9;2.8;5.4;0.0;0.0;0.0;0.8;0.0;0.0;23.1;1.0;0.1;0.4;0.0;0.5;0.0;0.0;0.0;1.1;0.2;9.5;0.0;0.0;0.9;5.3;21.1;2.1;41.2;14.4;0.4;1.0;1.0;1.0;1.0;1.0;1.0;1.0;1.0;1;1.0;1;1;1;1;1;1;1.0;1.0;1;1;1;1;1;1.0;1;1;1;1;1.0;1.0;1.0;1984;10;False
1984-10-01;349000;1;1;41.2;144.2;29.0;19.0;1;1;0;1;0.0;13.9;2.8;5.4;0.0;0.0;0.0;0.8;0.0;0.0;23.1;1.0;0.1;0.4;0.0;0.5;0.0;0.0;0.0;1.1;0.2;9.5;0.0;0.0;0.9;5.3;21.1;2.1;41.2;14.4;0.4;1.0;1.0;1.0;1.0;1.0;1.0;1.0;1.0;1;1.0;1;1;1;1;1;1;1.0;1.0;1;1;1;1;1;1.0;1;1;1;1;1.0;1.0;1.0;1984;10;False
1984-11-01;349000;1;1;42.9;100.1;3.0;14.0;1;1;0;1;0.0;3.5;42.9;0.0;6.4;5.1;17.8;5.4;1.0;0.1;0.0;1.1;0.0;0.0;2.7;0.0;2.5;0.4;0.0;0.0;0.0;0.0;0.0;0.0;0.0;7.5;0.0;3.7;0.0;0.0;;1.0;1.0;1.0;1.0;1.0;1.0;1.0;1.0;1;1.0;1;1;1;1;1;1;1.0;1.0;1;1;1;1;1;1.0;1;1;1;1;1.0;1.0;0.0;1984;11;False
1984-11-01;349000;2;1;42.9;100.1;3.0;14.0;1;1;0;1;0.0;3.5;42.9;0.0;6.4;5.1;17.8;5.4;1.0;0.1;0.0;1.1;0.0;0.0;2.7;0.0;2.5;0.4;0.0;0.0;0.0;0.0;0.0;0.0;0.0;7.5;0.0;3.7;0.0;0.0;;1.0;1.0;1.0;1.0;1.0;1.0;1.0;1.0;1;1.0;1;1;1;1;1;1;1.0;1.0;1;1;1;1;1;1.0;1;1;1;1;1.0;1.0;0.0;1984;11;False
1984-12-01;349000;2;1;65.6;230.8;11.0;15.0;1;1;0;1;0.0;0.0;45.4;0.0;0.2;0.0;0.0;0.4;0.0;0.0;65.6;4.5;0.0;0.0;0.0;0.0;0.0;0.0;0.0;0.0;11.6;0.4;2.4;0.0;11.9;49.5;4.5;19.5;14.1;0.6;0.2;1.0;1.0;1.0;1.0;1.0;1.0;1.0;1.0;1;1.0;1;1;1;1;1;1;1.0;1.0;1;1;1;1;1;1.0;1;1;1;1;1.0;1.0;1.0;1984;12;False
1984-12-01;349000;1;1;65.6;230.8;11.0;15.0;1;1;0;1;0.0;0.0;45.4;0.0;0.2;0.0;0.0;0.4;0.0;0.0;65.6;4.5;0.0;0.0;0.0;0.0;0.0;0.0;0.0;0.0;11.6;0.4;2.4;0.0;11.9;49.5;4.5;19.5;14.1;0.6;0.2;1.0;1.0;1.0;1.0;1.0;1.0;1.0;1.0;1;1.0;1;1;1;1;1;1;1.0;1.0;1;1;1;1;1;1.0;1;1;1;1;1.0;1.0;1.0;1984;12;False
1985-01-01;349000;2;1;91.1;469.5;21.0;29.0;1;1;0;1;0.6;7.7;27.1;34.1;0.0;1.7;8.2;2.0;4.2;13.5;33.1;1.3;43.1;2.6;16.7;21.5;10.0;8.9;0.3;0.7;91.1;5.7;16.3;1.4;0.0;22.4;33.8;55.1;1.3;1.2;3.9;1.0;1.0;1.0;1.0;1.0;1.0;1.0;1.0;1;1.0;1;1;1;1;1;1;1.0;1.0;1;1;1;1;1;1.0;1;1;1;1;1.0;1.0;1.0;1985;1;False
1985-01-01;349000;1;1;91.1;469.5;21.0;29.0;1;1;0;1;0.6;7.7;27.1;34.1;0.0;1.7;8.2;2.0;4.2;13.5;33.1;1.3;43.1;2.6;16.7;21.5;10.0;8.9;0.3;0.7;91.1;5.7;16.3;1.4;0.0;22.4;33.8;55.1;1.3;1.2;3.9;1.0;1.0;1.0;1.0;1.0;1.0;1.0;1.0;1;1.0;1;1;1;1;1;1;1.0;1.0;1;1;1;1;1;1.0;1;1;1;1;1.0;1.0;1.0;1985;1;False
1985-02-01;349000;1;1;84.6;538.7;3.0;25.0;1;1;0;1;20.8;62.3;84.6;4.3;11.0;0.8;0.0;3.1;0.3;13.2;0.0;4.5;23.7;9.1;6.4;24.3;12.0;26.4;7.6;40.1;23.3;0.0;75.2;49.7;4.9;0.3;14.1;16.7;;;;1.0;1.0;1.0;1.0;1.0;1.0;1.0;1.0;1;1.0;1;1;1;1;1;1;1.0;1.0;1;1;1;1;1;1.0;1;1;1;1;0.0;0.0;0.0;1985;2;False
1985-02-01;349000;2;1;84.6;538.7;3.0;25.0;1;1;0;1;20.8;62.3;84.6;4.3;11.0;0.8;0.0;3.1;0.3;13.2;0.0;4.5;23.7;9.1;6.4;24.3;12.0;26.4;7.6;40.1;23.3;0.0;75.2;49.7;4.9;0.3;14.1;16.7;;;;1.0;1.0;1.0;1.0;1.0;1.0;1.0;1.0;1;1.0;1;1;1;1;1;1;1.0;1.0;1;1;1;1;1;1.0;1;1;1;1;0.0;0.0;0.0;1985;2;False
1985-03-01;349000;1;1;77.9;424.0;8.0;29.0;1;1;0;1;10.3;1.2;36.4;16.1;4.8;10.5;6.2;77.9;2.1;21.7;2.5;1.1;27.8;18.5;0.7;24.1;5.4;42.5;24.7;0.0;0.0;21.9;5.8;3.2;9.7;0.9;8.1;1.9;5.2;11.3;21.5;1.0;1.0;1.0;1.0;1.0;1.0;1.0;1.0;1;1.0;1;1;1;1;1;1;1.0;1.0;1;1;1;1;1;1.0;1;1;1;1;1.0;1.0;1.0;1985;3;False
1985-03-01;349000;2;1;77.9;424.0;8.0;29.0;1;1;0;1;10.3;1.2;36.4;16.1;4.8;10.5;6.2;77.9;2.1;21.7;2.5;1.1;27.8;18.5;0.7;24.1;5.4;42.5;24.7;0.0;0.0;21.9;5.8;3.2;9.7;0.9;8.1;1.9;5.2;11.3;21.5;1.0;1.0;1.0;1.0;1.0;1.0;1.0;1.0;1;1.0;1;1;1;1;1;1;1.0;1.0;1;1;1;1;1;1.0;1;1;1;1;1.0;1.0;1.0;1985;3;False
1985-04-01;349000;2;1;45.0;340.5;8.0;27.0;1;1;0;1;15.2;7.1;5.1;0.7;0.0;0.0;2.8;45.0;10.3;17.4;40.6;4.7;0.5;16.8;0.1;43.9;1.5;1.0;4.7;10.7;20.6;0.0;14.0;0.5;9.8;5.3;21.9;14.2;3.8;22.3;;1.0;1.0;1.0;1.0;1.0;1.0;1.0;1.0;1;1.0;1;1;1;1;1;1;1.0;1.0;1;1;1;1;1;1.0;1;1;1;1;1.0;1.0;0.0;1985;4;False
1985-04-01;349000;1;1;45.0;340.5;8.0;27.0;1;1;0;1;15.2;7.1;5.1;0.7;0.0;0.0;2.8;45.0;10.3;17.4;40.6;4.7;0.5;16.8;0.1;43.9;1.5;1.0;4.7;10.7;20.6;0.0;14.0;0.5;9.8;5.3;21.9;14.2;3.8;22.3;;1.0;1.0;1.0;1.0;1.0;1.0;1.0;1.0;1;1.0;1;1;1;1;1;1;1.0;1.0;1;1;1;1;1;1.0;1;1;1;1;1.0;1.0;0.0;1985;4;False
1985-05-01;349000;1;1;52.7;311.5;24.0;22.0;1;1;0;1;2.6;0.0;6.3;15.8;15.9;5.8;5.9;8.3;13.5;30.7;52.1;1.2;0.0;3.3;15.9;0.0;0.6;0.0;7.4;1.3;27.3;2.3;27.7;52.7;0.0;0.0;14.1;0.8;0.0;0.0;0.0;1.0;1.0;1.0;1.0;1.0;1.0;1.0;1.0;1;1.0;1;1;1;1;1;1;1.0;1.0;1;1;1;1;1;1.0;1;1;1;1;1.0;1.0;1.0;1985;5;False
1985-05-01;349000;2;1;52.7;311.5;24.0;22.0;1;1;0;1;2.6;0.0;6.3;15.8;15.9;5.8;5.9;8.3;13.5;30.7;52.1;1.2;0.0;3.3;15.9;0.0;0.6;0.0;7.4;1.3;27.3;2.3;27.7;52.7;0.0;0.0;14.1;0.8;0.0;0.0;0.0;1.0;1.0;1.0;1.0;1.0;1.0;1.0;1.0;1;1.0;1;1;1;1;1;1;1.0;1.0;1;1;1;1;1;1.0;1;1;1;1;1.0;1.0;1.0;1985;5;False
1985-06-01;349000;1;1;14.7;65.1;14.0;11.0;1;1;0;1;0.0;0.0;0.0;0.0;10.4;0.2;4.4;0.0;2.0;0.0;0.0;0.0;1.4;14.7;6.4;2.9;13.5;0.0;7.0;2.2;0.0;0.0;0.0;0.0;0.0;0.0;0.0;0.0;0.0;0.0;;1.0;1.0;1.0;1.0;1.0;1.0;1.0;1.0;1;1.0;1;1;1;1;1;1;1.0;1.0;1;1;1;1;1;1.0;1;1;1;1;1.0;1.0;0.0;1985;6;False
1985-06-01;349000;2;1;14.7;65.1;14.0;11.0;1;1;0;1;0.0;0.0;0.0;0.0;10.4;0.2;4.4;0.0;2.0;0.0;0.0;0.0;1.4;14.7;6.4;2.9;13.5;0.0;7.0;2.2;0.0;0.0;0.0;0.0;0.0;0.0;0.0;0.0;0.0;0.0;;1.0;1.0;1.0;1.0;1.0;1.0;1.0;1.0;1;1.0;1;1;1;1;1;1;1.0;1.0;1;1;1;1;1;1.0;1;1;1;1;1.0;1.0;0.0;1985;6;False
1985-07-01;349000;1;1;11.1;23.0;5.0;10.0;1;1;0;1;0.0;0.0;0.0;0.0;11.1;0.0;0.3;0.0;2.4;0.9;0.0;0.0;0.0;1.2;0.7;0.0;0.0;0.7;0.0;0.0;0.0;0.0;0.0;0.6;2.0;3.1;0.0;0.0;0.0;0.0;0.0;1.0;1.0;1.0;1.0;1.0;1.0;1.0;1.0;1;1.0;1;1;1;1;1;1;1.0;1.0;1;1;1;1;1;1.0;1;1;1;1;1.0;1.0;1.0;1985;7;False
1985-07-01;349000;2;1;11.1;23.0;5.0;10.0;1;1;0;1;0.0;0.0;0.0;0.0;11.1;0.0;0.3;0.0;2.4;0.9;0.0;0.0;0.0;1.2;0.7;0.0;0.0;0.7;0.0;0.0;0.0;0.0;0.0;0.6;2.0;3.1;0.0;0.0;0.0;0.0;0.0;1.0;1.0;1.0;1.0;1.0;1.0;1.0;1.0;1;1.0;1;1;1;1;1;1;1.0;1.0;1;1;1;1;1;1.0;1;1;1;1;1.0;1.0;1.0;1985;7;False
1985-08-01;349000;2;1;14.7;38.3;26.0;5.0;1;1;0;1;0.0;0.0;0.0;0.0;0.0;0.0;0.0;0.0;0.0;0.0;0.0;0.0;0.0;14.1;0.0;0.0;0.0;0.0;0.0;0.0;0.0;0.0;0.0;0.0;1.9;14.7;0.0;0.0;2.7;4.9;0.0;1.0;1.0;1.0;1.0;1.0;1.0;1.0;1.0;1;1.0;1;1;1;1;1;1;1.0;1.0;1;1;1;1;1;1.0;1;1;1;1;1.0;1.0;1.0;1985;8;False
1985-08-01;349000;1;1;14.7;38.3;26.0;5.0;1;1;0;1;0.0;0.0;0.0;0.0;0.0;0.0;0.0;0.0;0.0;0.0;0.0;0.0;0.0;14.1;0.0;0.0;0.0;0.0;0.0;0.0;0.0;0.0;0.0;0.0;1.9;14.7;0.0;0.0;2.7;4.9;0.0;1.0;1.0;1.0;1.0;1.0;1.0;1.0;1.0;1;1.0;1;1;1;1;1;1;1.0;1.0;1;1;1;1;1;1.0;1;1;1;1;1.0;1.0;1.0;1985;8;False
1985-09-01;349000;1;1;3.3;11.1;27.0;5.0;1;1;0;1;1.3;0.0;2.4;0.0;0.0;0.0;0.0;0.0;0.0;0.9;0.0;3.2;0.0;0.0;0.0;0.0;0.0;0.0;0.0;0.0;0.0;0.0;0.0;0.0;0.0;0.0;3.3;0.0;0.0;0.0;;1.0;1.0;1.0;1.0;1.0;1.0;1.0;1.0;1;1.0;1;1;1;1;1;1;1.0;1.0;1;1;1;1;1;1.0;1;1;1;1;1.0;1.0;0.0;1985;9;False
1985-09-01;349000;2;1;3.3;11.1;27.0;5.0;1;1;0;1;1.3;0.0;2.4;0.0;0.0;0.0;0.0;0.0;0.0;0.9;0.0;3.2;0.0;0.0;0.0;0.0;0.0;0.0;0.0;0.0;0.0;0.0;0.0;0.0;0.0;0.0;3.3;0.0;0.0;0.0;;1.0;1.0;1.0;1.0;1.0;1.0;1.0;1.0;1;1.0;1;1;1;1;1;1;1.0;1.0;1;1;1;1;1;1.0;1;1;1;1;1.0;1.0;0.0;1985;9;False
1985-10-01;349000;1;1;42.8;91.7;29.0;11.0;1;1;0;1;0.0;0.0;0.0;0.0;0.0;0.2;0.0;10.2;0.0;0.0;7.4;22.5;0.0;0.0;0.0;0.0;0.1;1.1;0.0;0.0;0.0;0.0;0.0;0.0;0.0;1.0;0.0;0.2;42.8;0.4;5.8;1.0;1.0;1.0;1.0;1.0;1.0;1.0;1.0;1;1.0;1;1;1;1;1;1;1.0;1.0;1;1;1;1;1;1.0;1;1;1;1;1.0;1.0;1.0;1985;10;False
1985-10-01;349000;2;1;42.8;91.7;29.0;11.0;1;1;0;1;0.0;0.0;0.0;0.0;0.0;0.2;0.0;10.2;0.0;0.0;7.4;22.5;0.0;0.0;0.0;0.0;0.1;1.1;0.0;0.0;0.0;0.0;0.0;0.0;0.0;1.0;0.0;0.2;42.8;0.4;5.8;1.0;1.0;1.0;1.0;1.0;1.0;1.0;1.0;1;1.0;1;1;1;1;1;1;1.0;1.0;1;1;1;1;1;1.0;1;1;1;1;1.0;1.0;1.0;1985;10;False
1985-11-01;349000;2;1;39.3;116.4;27.0;13.0;1;1;0;1;0.0;0.0;0.4;0.5;0.0;0.0;1.9;0.0;0.0;18.4;8.2;0.0;0.0;0.0;0.0;0.0;13.7;0.0;11.7;0.0;0.9;8.3;4.2;4.9;0.0;0.0;39.3;4.0;0.0;0.0;;1.0;1.0;1.0;1.0;1.0;1.0;1.0;1.0;1;1.0;1;1;1;1;1;1;1.0;1.0;1;1;1;1;1;1.0;1;1;1;1;1.0;1.0;0.0;1985;11;False
1985-11-01;349000;1;1;39.3;116.4;27.0;13.0;1;1;0;1;0.0;0.0;0.4;0.5;0.0;0.0;1.9;0.0;0.0;18.4;8.2;0.0;0.0;0.0;0.0;0.0;13.7;0.0;11.7;0.0;0.9;8.3;4.2;4.9;0.0;0.0;39.3;4.0;0.0;0.0;;1.0;1.0;1.0;1.0;1.0;1.0;1.0;1.0;1;1.0;1;1;1;1;1;1;1.0;1.0;1;1;1;1;1;1.0;1;1;1;1;1.0;1.0;0.0;1985;11;False
1985-12-01;349000;1;1;49.3;379.5;6.0;23.0;1;1;0;1;3.4;12.2;0.0;0.0;0.0;49.3;30.5;37.8;1.2;0.4;0.0;21.3;12.9;0.8;0.4;0.0;13.9;1.2;14.2;29.6;10.7;41.3;36.3;0.0;33.3;0.0;2.7;5.5;3.9;0.0;16.7;1.0;1.0;1.0;1.0;1.0;1.0;1.0;1.0;1;1.0;1;1;1;1;1;1;1.0;1.0;1;1;1;1;1;1.0;1;1;1;1;1.0;1.0;1.0;1985;12;False
1985-12-01;349000;2;1;49.3;379.5;6.0;23.0;1;1;0;1;3.4;12.2;0.0;0.0;0.0;49.3;30.5;37.8;1.2;0.4;0.0;21.3;12.9;0.8;0.4;0.0;13.9;1.2;14.2;29.6;10.7;41.3;36.3;0.0;33.3;0.0;2.7;5.5;3.9;0.0;16.7;1.0;1.0;1.0;1.0;1.0;1.0;1.0;1.0;1;1.0;1;1;1;1;1;1;1.0;1.0;1;1;1;1;1;1.0;1;1;1;1;1.0;1.0;1.0;1985;12;False
1986-01-01;349000;1;1;178.1;401.0;31.0;23.0;1;1;0;1;10.8;0.0;1.7;3.2;0.0;0.0;63.6;82.0;3.1;2.3;3.8;0.6;0.0;0.0;1.2;2.7;1.2;1.4;0.0;0.0;4.4;1.6;15.2;4.2;0.1;0.4;0.0;6.2;7.8;5.4;178.1;1.0;1.0;1.0;1.0;1.0;1.0;1.0;1.0;1;1.0;1;1;1;1;1;1;1.0;1.0;1;1;1;1;1;1.0;1;1;1;1;1.0;1.0;1.0;1986;1;False
1986-01-01;349000;2;1;178.1;401.0;31.0;23.0;1;1;0;1;10.8;0.0;1.7;3.2;0.0;0.0;63.6;82.0;3.1;2.3;3.8;0.6;0.0;0.0;1.2;2.7;1.2;1.4;0.0;0.0;4.4;1.6;15.2;4.2;0.1;0.4;0.0;6.2;7.8;5.4;178.1;1.0;1.0;1.0;1.0;1.0;1.0;1.0;1.0;1;1.0;1;1;1;1;1;1;1.0;1.0;1;1;1;1;1;1.0;1;1;1;1;1.0;1.0;1.0;1986;1;False
1986-02-01;349000;1;1;50.6;381.8;15.0;25.0;1;1;0;1;7.5;2.7;23.4;12.0;12.4;0.0;32.6;5.1;0.5;21.2;22.5;19.8;0.0;1.7;50.6;1.2;17.5;20.4;15.9;14.8;4.5;7.6;0.0;19.9;13.0;19.0;16.3;19.7;;;;1.0;1.0;1.0;1.0;1.0;1.0;1.0;1.0;1;1.0;1;1;1;1;1;1;1.0;1.0;1;1;1;1;1;1.0;1;1;1;1;0.0;0.0;0.0;1986;2;False
1986-02-01;349000;2;1;50.6;381.8;15.0;25.0;1;1;0;1;7.5;2.7;23.4;12.0;12.4;0.0;32.6;5.1;0.5;21.2;22.5;19.8;0.0;1.7;50.6;1.2;17.5;20.4;15.9;14.8;4.5;7.6;0.0;19.9;13.0;19.0;16.3;19.7;;;;1.0;1.0;1.0;1.0;1.0;1.0;1.0;1.0;1;1.0;1;1;1;1;1;1;1.0;1.0;1;1;1;1;1;1.0;1;1;1;1;0.0;0.0;0.0;1986;2;False
1986-03-01;349000;1;1;105.2;540.9;3.0;30.0;1;1;0;1;6.0;0.0;105.2;2.3;10.3;0.4;9.7;31.7;43.0;1.8;1.4;62.6;16.2;44.7;0.2;21.6;28.2;9.7;4.9;16.5;15.6;16.0;3.0;2.7;9.5;35.7;1.4;14.0;12.3;2.1;12.2;1.0;1.0;1.0;1.0;1.0;1.0;1.0;1.0;1;1.0;1;1;1;1;1;1;1.0;1.0;1;1;1;1;1;1.0;1;1;1;1;1.0;1.0;1.0;1986;3;False
1986-03-01;349000;2;1;105.2;540.9;3.0;30.0;1;1;0;1;6.0;0.0;105.2;2.3;10.3;0.4;9.7;31.7;43.0;1.8;1.4;62.6;16.2;44.7;0.2;21.6;28.2;9.7;4.9;16.5;15.6;16.0;3.0;2.7;9.5;35.7;1.4;14.0;12.3;2.1;12.2;1.0;1.0;1.0;1.0;1.0;1.0;1.0;1.0;1;1.0;1;1;1;1;1;1;1.0;1.0;1;1;1;1;1;1.0;1;1;1;1;1.0;1.0;1.0;1986;3;False
1986-04-01;349000;1;1;86.3;554.2;3.0;27.0;1;1;0;1;58.7;16.9;86.3;6.0;0.0;0.6;33.0;24.3;20.0;15.1;40.8;5.2;2.0;9.9;1.8;13.2;1.4;3.6;14.3;6.2;0.0;20.9;34.9;0.0;2.3;31.5;28.4;16.9;27.8;32.2;;1.0;1.0;1.0;1.0;1.0;1.0;1.0;1.0;1;1.0;1;1;1;1;1;1;1.0;1.0;1;1;1;1;1;1.0;1;1;1;1;1.0;1.0;0.0;1986;4;False
1986-04-01;349000;2;1;86.3;554.2;3.0;27.0;1;1;0;1;58.7;16.9;86.3;6.0;0.0;0.6;33.0;24.3;20.0;15.1;40.8;5.2;2.0;9.9;1.8;13.2;1.4;3.6;14.3;6.2;0.0;20.9;34.9;0.0;2.3;31.5;28.4;16.9;27.8;32.2;;1.0;1.0;1.0;1.0;1.0;1.0;1.0;1.0;1;1.0;1;1;1;1;1;1;1.0;1.0;1;1;1;1;1;1.0;1;1;1;1;1.0;1.0;0.0;1986;4;False
1986-05-01;349000;2;1;32.2;173.1;3.0;21.0;1;1;0;1;0.0;9.4;32.2;6.5;1.5;22.1;5.2;0.0;1.4;0.0;10.7;0.3;6.4;2.4;21.0;6.9;0.0;0.0;0.0;8.1;14.4;0.0;1.8;6.6;2.1;1.7;0.0;4.7;0.0;0.0;7.7;1.0;1.0;1.0;1.0;1.0;1.0;1.0;1.0;1;1.0;1;1;1;1;1;1;1.0;1.0;1;1;1;1;1;1.0;1;1;1;1;1.0;1.0;1.0;1986;5;False
1986-05-01;349000;1;1;32.2;173.1;3.0;21.0;1;1;0;1;0.0;9.4;32.2;6.5;1.5;22.1;5.2;0.0;1.4;0.0;10.7;0.3;6.4;2.4;21.0;6.9;0.0;0.0;0.0;8.1;14.4;0.0;1.8;6.6;2.1;1.7;0.0;4.7;0.0;0.0;7.7;1.0;1.0;1.0;1.0;1.0;1.0;1.0;1.0;1;1.0;1;1;1;1;1;1;1.0;1.0;1;1;1;1;1;1.0;1;1;1;1;1.0;1.0;1.0;1986;5;False
1986-06-01;349000;2;1;54.2;193.1;2.0;11.0;1;1;0;1;54.2;27.6;26.1;48.6;10.3;10.0;0.0;0.4;0.0;0.0;0.0;0.0;0.0;2.7;0.0;0.0;0.0;0.0;0.0;6.0;0.0;0.0;0.0;0.0;0.0;0.0;0.0;2.3;4.9;0.0;;1.0;1.0;1.0;1.0;1.0;1.0;1.0;1.0;1;1.0;1;1;1;1;1;1;1.0;1.0;1;1;1;1;1;1.0;1;1;1;1;1.0;1.0;0.0;1986;6;False
1986-06-01;349000;1;1;54.2;193.1;1.0;11.0;1;1;0;1;54.2;27.6;26.1;48.6;10.3;10.0;0.0;0.4;0.0;0.0;0.0;0.0;0.0;2.7;0.0;0.0;0.0;0.0;0.0;6.0;0.0;0.0;0.0;0.0;0.0;0.0;0.0;2.3;4.9;0.0;;1.0;1.0;1.0;1.0;1.0;1.0;1.0;1.0;1;1.0;1;1;1;1;1;1;1.0;1.0;1;1;1;1;1;1.0;1;1;1;1;1.0;1.0;0.0;1986;6;False
1986-07-01;349000;2;1;7.2;21.0;26.0;9.0;1;1;0;1;0.0;2.8;0.0;0.0;0.0;0.0;2.4;0.3;1.5;0.0;0.0;0.0;0.0;0.0;0.0;0.0;0.0;0.0;1.4;0.0;0.6;0.0;0.0;0.0;0.0;7.2;0.0;2.4;0.0;2.4;0.0;1.0;1.0;1.0;1.0;1.0;1.0;1.0;1.0;1;1.0;1;1;1;1;1;1;1.0;1.0;1;1;1;1;1;1.0;1;1;1;1;1.0;1.0;1.0;1986;7;False
1986-07-01;349000;1;1;7.2;21.0;26.0;9.0;1;1;0;1;0.0;2.8;0.0;0.0;0.0;0.0;2.4;0.3;1.5;0.0;0.0;0.0;0.0;0.0;0.0;0.0;0.0;0.0;1.4;0.0;0.6;0.0;0.0;0.0;0.0;7.2;0.0;2.4;0.0;2.4;0.0;1.0;1.0;1.0;1.0;1.0;1.0;1.0;1.0;1;1.0;1;1;1;1;1;1;1.0;1.0;1;1;1;1;1;1.0;1;1;1;1;1.0;1.0;1.0;1986;7;False
1986-08-01;349000;1;1;9.4;38.1;30.0;7.0;1;1;0;1;0.0;0.0;0.0;0.0;0.0;0.0;0.0;0.0;0.0;5.3;0.0;0.0;3.6;0.0;0.0;0.0;0.0;0.0;0.0;0.0;1.1;0.0;0.0;0.0;0.0;0.2;0.0;0.0;9.2;9.4;9.3;1.0;1.0;1.0;1.0;1.0;1.0;1.0;1.0;1;1.0;1;1;1;1;1;1;1.0;1.0;1;1;1;1;1;1.0;1;1;1;1;1.0;1.0;1.0;1986;8;False
1986-08-01;349000;2;1;9.4;38.1;30.0;7.0;1;1;0;1;0.0;0.0;0.0;0.0;0.0;0.0;0.0;0.0;0.0;5.3;0.0;0.0;3.6;0.0;0.0;0.0;0.0;0.0;0.0;0.0;1.1;0.0;0.0;0.0;0.0;0.2;0.0;0.0;9.2;9.4;9.3;1.0;1.0;1.0;1.0;1.0;1.0;1.0;1.0;1;1.0;1;1;1;1;1;1;1.0;1.0;1;1;1;1;1;1.0;1;1;1;1;1.0;1.0;1.0;1986;8;False
1986-09-01;349000;2;1;8.2;28.9;4.0;5.0;1;1;0;1;7.2;0.0;6.8;8.2;0.0;0.0;0.0;0.0;0.0;0.0;0.0;0.0;0.0;0.0;0.0;0.0;0.0;0.0;5.5;0.0;0.0;0.0;0.0;0.0;0.0;0.0;0.0;1.2;0.0;0.0;;1.0;1.0;1.0;1.0;1.0;1.0;1.0;1.0;1;1.0;1;1;1;1;1;1;1.0;1.0;1;1;1;1;1;1.0;1;1;1;1;1.0;1.0;0.0;1986;9;False
1986-09-01;349000;1;1;8.2;28.9;4.0;5.0;1;1;0;1;7.2;0.0;6.8;8.2;0.0;0.0;0.0;0.0;0.0;0.0;0.0;0.0;0.0;0.0;0.0;0.0;0.0;0.0;5.5;0.0;0.0;0.0;0.0;0.0;0.0;0.0;0.0;1.2;0.0;0.0;;1.0;1.0;1.0;1.0;1.0;1.0;1.0;1.0;1;1.0;1;1;1;1;1;1;1.0;1.0;1;1;1;1;1;1.0;1;1;1;1;1.0;1.0;0.0;1986;9;False
1986-10-01;349000;1;1;83.0;299.3;8.0;15.0;1;1;0;1;15.5;55.9;9.8;0.0;0.0;0.8;0.0;83.0;0.0;4.3;23.4;1.1;13.8;2.2;7.6;0.0;0.0;1.4;0.0;0.0;0.0;0.0;0.0;0.0;0.0;50.9;18.1;0.0;11.5;0.0;0.0;1.0;1.0;1.0;1.0;1.0;1.0;1.0;1.0;1;1.0;1;1;1;1;1;1;1.0;1.0;1;1;1;1;1;1.0;1;1;1;1;1.0;1.0;1.0;1986;10;False
1986-10-01;349000;2;1;83.0;299.3;8.0;15.0;1;1;0;1;15.5;55.9;9.8;0.0;0.0;0.8;0.0;83.0;0.0;4.3;23.4;1.1;13.8;2.2;7.6;0.0;0.0;1.4;0.0;0.0;0.0;0.0;0.0;0.0;0.0;50.9;18.1;0.0;11.5;0.0;0.0;1.0;1.0;1.0;1.0;1.0;1.0;1.0;1.0;1;1.0;1;1;1;1;1;1;1.0;1.0;1;1;1;1;1;1.0;1;1;1;1;1.0;1.0;1.0;1986;10;False
1986-11-01;349000;1;1;39.5;168.3;15.0;16.0;1;1;0;1;11.0;0.0;0.0;2.8;6.6;0.8;0.0;9.7;0.0;0.0;0.0;0.0;0.0;39.4;39.5;10.1;0.0;1.0;0.0;1.9;6.2;0.7;19.1;0.0;2.3;15.0;0.0;0.0;0.0;2.2;;1.0;1.0;1.0;1.0;1.0;1.0;1.0;1.0;1;1.0;1;1;1;1;1;1;1.0;1.0;1;1;1;1;1;1.0;1;1;1;1;1.0;1.0;0.0;1986;11;False
1986-11-01;349000;2;1;39.5;168.3;15.0;16.0;1;1;0;1;11.0;0.0;0.0;2.8;6.6;0.8;0.0;9.7;0.0;0.0;0.0;0.0;0.0;39.4;39.5;10.1;0.0;1.0;0.0;1.9;6.2;0.7;19.1;0.0;2.3;15.0;0.0;0.0;0.0;2.2;;1.0;1.0;1.0;1.0;1.0;1.0;1.0;1.0;1;1.0;1;1;1;1;1;1;1.0;1.0;1;1;1;1;1;1.0;1;1;1;1;1.0;1.0;0.0;1986;11;False
1986-12-01;349000;2;1;106.4;265.4;29.0;13.0;1;1;0;1;4.5;8.4;0.0;3.5;34.8;0.0;0.0;0.0;0.0;0.0;0.0;0.0;0.0;11.4;0.0;0.0;0.0;0.0;0.0;0.0;24.3;0.0;0.0;0.0;12.4;5.1;10.3;26.4;106.4;1.6;16.3;1.0;1.0;1.0;1.0;1.0;1.0;1.0;1.0;1;1.0;1;1;1;1;1;1;1.0;1.0;1;1;1;1;1;1.0;1;1;1;1;1.0;1.0;1.0;1986;12;False
1986-12-01;349000;1;1;106.4;265.4;29.0;13.0;1;1;0;1;4.5;8.4;0.0;3.5;34.8;0.0;0.0;0.0;0.0;0.0;0.0;0.0;0.0;11.4;0.0;0.0;0.0;0.0;0.0;0.0;24.3;0.0;0.0;0.0;12.4;5.1;10.3;26.4;106.4;1.6;16.3;1.0;1.0;1.0;1.0;1.0;1.0;1.0;1.0;1;1.0;1;1;1;1;1;1;1.0;1.0;1;1;1;1;1;1.0;1;1;1;1;1.0;1.0;1.0;1986;12;False
1987-01-01;349000;2;1;32.4;148.5;4.0;19.0;1;1;0;1;0.0;1.1;5.4;32.4;0.0;4.7;3.1;0.0;0.0;0.0;6.2;1.3;5.0;0.0;0.9;0.3;0.0;4.1;20.4;3.3;0.0;0.2;1.2;22.4;9.7;0.0;0.0;0.0;10.9;15.9;0.0;1.0;1.0;1.0;1.0;1.0;1.0;1.0;1.0;1;1.0;1;1;1;1;1;1;1.0;1.0;1;1;1;1;1;1.0;1;1;1;1;1.0;1.0;1.0;1987;1;False
1987-01-01;349000;1;1;32.4;148.5;4.0;19.0;1;1;0;1;0.0;1.1;5.4;32.4;0.0;4.7;3.1;0.0;0.0;0.0;6.2;1.3;5.0;0.0;0.9;0.3;0.0;4.1;20.4;3.3;0.0;0.2;1.2;22.4;9.7;0.0;0.0;0.0;10.9;15.9;0.0;1.0;1.0;1.0;1.0;1.0;1.0;1.0;1.0;1;1.0;1;1;1;1;1;1;1.0;1.0;1;1;1;1;1;1.0;1;1;1;1;1.0;1.0;1.0;1987;1;False
1987-02-01;349000;2;1;104.9;393.3;17.0;21.0;1;1;0;1;0.0;0.0;0.0;0.0;1.3;9.8;5.9;11.1;23.8;0.3;59.1;20.0;0.5;4.4;1.9;34.0;104.9;14.1;3.7;7.0;21.9;0.0;23.7;13.0;32.7;0.0;0.2;0.0;;;;1.0;1.0;1.0;1.0;1.0;1.0;1.0;1.0;1;1.0;1;1;1;1;1;1;1.0;1.0;1;1;1;1;1;1.0;1;1;1;1;0.0;0.0;0.0;1987;2;False
1987-02-01;349000;1;1;104.9;393.3;17.0;21.0;1;1;0;1;0.0;0.0;0.0;0.0;1.3;9.8;5.9;11.1;23.8;0.3;59.1;20.0;0.5;4.4;1.9;34.0;104.9;14.1;3.7;7.0;21.9;0.0;23.7;13.0;32.7;0.0;0.2;0.0;;;;1.0;1.0;1.0;1.0;1.0;1.0;1.0;1.0;1;1.0;1;1;1;1;1;1;1.0;1.0;1;1;1;1;1;1.0;1;1;1;1;0.0;0.0;0.0;1987;2;False
1987-03-01;349000;2;1;102.8;594.2;16.0;28.0;1;1;0;1;12.0;49.6;9.8;38.4;1.3;1.0;4.3;78.7;14.8;13.2;11.9;0.0;27.5;0.0;2.9;102.8;27.7;5.0;19.8;8.7;1.4;0.0;57.3;2.4;1.4;62.7;10.6;17.0;5.6;0.6;5.8;1.0;1.0;1.0;1.0;1.0;1.0;1.0;1.0;1;1.0;1;1;1;1;1;1;1.0;1.0;1;1;1;1;1;1.0;1;1;1;1;1.0;1.0;1.0;1987;3;False
1987-03-01;349000;1;1;102.8;594.2;16.0;28.0;1;1;0;1;12.0;49.6;9.8;38.4;1.3;1.0;4.3;78.7;14.8;13.2;11.9;0.0;27.5;0.0;2.9;102.8;27.7;5.0;19.8;8.7;1.4;0.0;57.3;2.4;1.4;62.7;10.6;17.0;5.6;0.6;5.8;1.0;1.0;1.0;1.0;1.0;1.0;1.0;1.0;1;1.0;1;1;1;1;1;1;1.0;1.0;1;1;1;1;1;1.0;1;1;1;1;1.0;1.0;1.0;1987;3;False
1987-04-01;349000;1;1;102.0;354.8;27.0;26.0;1;1;0;1;2.6;2.0;2.4;0.2;40.1;43.5;1.2;1.2;4.9;0.0;10.8;5.7;35.8;9.6;12.8;0.0;9.4;1.9;2.0;14.8;0.0;0.2;0.2;11.5;2.0;19.9;102.0;0.0;8.6;9.5;;1.0;1.0;1.0;1.0;1.0;1.0;1.0;1.0;1;1.0;1;1;1;1;1;1;1.0;1.0;1;1;1;1;1;1.0;1;1;1;1;1.0;1.0;0.0;1987;4;False
1987-04-01;349000;2;1;102.0;354.8;27.0;26.0;1;1;0;1;2.6;2.0;2.4;0.2;40.1;43.5;1.2;1.2;4.9;0.0;10.8;5.7;35.8;9.6;12.8;0.0;9.4;1.9;2.0;14.8;0.0;0.2;0.2;11.5;2.0;19.9;102.0;0.0;8.6;9.5;;1.0;1.0;1.0;1.0;1.0;1.0;1.0;1.0;1;1.0;1;1;1;1;1;1;1.0;1.0;1;1;1;1;1;1.0;1;1;1;1;1.0;1.0;0.0;1987;4;False
1987-05-01;349000;1;1;53.7;174.9;19.0;17.0;1;1;0;1;3.4;21.4;37.3;19.9;6.8;1.4;5.1;10.3;0.0;5.4;0.0;0.6;0.4;0.0;0.0;0.0;0.0;0.0;53.7;0.0;0.1;0.0;0.0;0.0;4.6;2.8;1.1;0.0;0.0;0.6;0.0;1.0;1.0;1.0;1.0;1.0;1.0;1.0;1.0;1;1.0;1;1;1;1;1;1;1.0;1.0;1;1;1;1;1;1.0;1;1;1;1;1.0;1.0;1.0;1987;5;False
1987-05-01;349000;2;1;53.7;174.9;19.0;17.0;1;1;0;1;3.4;21.4;37.3;19.9;6.8;1.4;5.1;10.3;0.0;5.4;0.0;0.6;0.4;0.0;0.0;0.0;0.0;0.0;53.7;0.0;0.1;0.0;0.0;0.0;4.6;2.8;1.1;0.0;0.0;0.6;0.0;1.0;1.0;1.0;1.0;1.0;1.0;1.0;1.0;1;1.0;1;1;1;1;1;1;1.0;1.0;1;1;1;1;1;1.0;1;1;1;1;1.0;1.0;1.0;1987;5;False
1987-06-01;349000;1;1;90.2;140.5;18.0;13.0;1;1;0;1;0.0;2.1;0.0;0.0;0.0;0.0;0.0;3.0;0.8;15.0;15.1;0.0;1.6;3.7;0.0;0.0;0.0;90.2;2.4;0.0;3.4;0.0;0.0;0.0;0.0;1.8;0.6;0.0;0.0;0.8;;1.0;1.0;1.0;1.0;1.0;1.0;1.0;1.0;1;1.0;1;1;1;1;1;1;1.0;1.0;1;1;1;1;1;1.0;1;1;1;1;1.0;1.0;0.0;1987;6;False
1987-06-01;349000;2;1;90.2;140.5;18.0;13.0;1;1;0;1;0.0;2.1;0.0;0.0;0.0;0.0;0.0;3.0;0.8;15.0;15.1;0.0;1.6;3.7;0.0;0.0;0.0;90.2;2.4;0.0;3.4;0.0;0.0;0.0;0.0;1.8;0.6;0.0;0.0;0.8;;1.0;1.0;1.0;1.0;1.0;1.0;1.0;1.0;1;1.0;1;1;1;1;1;1;1.0;1.0;1;1;1;1;1;1.0;1;1;1;1;1.0;1.0;0.0;1987;6;False
1987-07-01;349000;1;1;1.4;3.4;28.0;4.0;1;1;0;1;0.0;0.0;0.0;1.2;0.0;0.0;0.4;0.0;0.0;0.0;0.0;0.0;0.4;0.0;0.0;0.0;0.0;0.0;0.0;0.0;0.0;0.0;0.0;0.0;0.0;0.0;0.0;1.4;0.0;0.0;0.0;1.0;1.0;1.0;1.0;1.0;1.0;1.0;1.0;1;1.0;1;1;1;1;1;1;1.0;1.0;1;1;1;1;1;1.0;1;1;1;1;1.0;1.0;1.0;1987;7;False
1987-07-01;349000;2;1;1.4;3.4;28.0;4.0;1;1;0;1;0.0;0.0;0.0;1.2;0.0;0.0;0.4;0.0;0.0;0.0;0.0;0.0;0.4;0.0;0.0;0.0;0.0;0.0;0.0;0.0;0.0;0.0;0.0;0.0;0.0;0.0;0.0;1.4;0.0;0.0;0.0;1.0;1.0;1.0;1.0;1.0;1.0;1.0;1.0;1;1.0;1;1;1;1;1;1;1.0;1.0;1;1;1;1;1;1.0;1;1;1;1;1.0;1.0;1.0;1987;7;False
1987-08-01;349000;1;1;8.6;21.4;22.0;9.0;1;1;0;1;0.0;1.2;0.0;0.2;0.0;0.2;0.0;0.0;0.0;0.0;0.0;2.6;0.0;0.0;0.0;0.0;0.0;0.0;0.3;0.0;0.0;8.6;0.0;3.8;0.0;2.4;0.0;0.0;0.0;0.0;2.1;1.0;1.0;1.0;1.0;1.0;1.0;1.0;1.0;1;1.0;1;1;1;1;1;1;1.0;1.0;1;1;1;1;1;1.0;1;1;1;1;1.0;1.0;1.0;1987;8;False
1987-08-01;349000;2;1;8.6;21.4;22.0;9.0;1;1;0;1;0.0;1.2;0.0;0.2;0.0;0.2;0.0;0.0;0.0;0.0;0.0;2.6;0.0;0.0;0.0;0.0;0.0;0.0;0.3;0.0;0.0;8.6;0.0;3.8;0.0;2.4;0.0;0.0;0.0;0.0;2.1;1.0;1.0;1.0;1.0;1.0;1.0;1.0;1.0;1;1.0;1;1;1;1;1;1;1.0;1.0;1;1;1;1;1;1.0;1;1;1;1;1.0;1.0;1.0;1987;8;False
1987-09-01;349000;1;1;20.0;30.6;26.0;5.0;1;1;0;1;0.0;0.0;0.0;0.0;0.0;0.0;0.0;0.0;0.0;0.0;0.0;0.0;0.0;0.0;0.0;0.0;0.0;0.0;0.0;0.0;0.2;0.0;7.4;0.0;0.0;20.0;0.0;1.4;1.6;0.0;;1.0;1.0;1.0;1.0;1.0;1.0;1.0;1.0;1;1.0;1;1;1;1;1;1;1.0;1.0;1;1;1;1;1;1.0;1;1;1;1;1.0;1.0;0.0;1987;9;False
1987-09-01;349000;2;1;20.0;30.6;26.0;5.0;1;1;0;1;0.0;0.0;0.0;0.0;0.0;0.0;0.0;0.0;0.0;0.0;0.0;0.0;0.0;0.0;0.0;0.0;0.0;0.0;0.0;0.0;0.2;0.0;7.4;0.0;0.0;20.0;0.0;1.4;1.6;0.0;;1.0;1.0;1.0;1.0;1.0;1.0;1.0;1.0;1;1.0;1;1;1;1;1;1;1.0;1.0;1;1;1;1;1;1.0;1;1;1;1;1.0;1.0;0.0;1987;9;False
1987-10-01;349000;1;1;6.2;12.0;5.0;4.0;1;1;0;1;0.0;0.0;0.0;0.0;6.2;1.0;0.0;0.0;0.0;0.0;0.0;0.0;0.0;0.0;0.0;0.0;0.0;0.0;0.0;0.0;0.0;0.0;3.4;0.0;0.0;0.0;0.0;0.0;0.0;1.4;0.0;1.0;1.0;1.0;1.0;1.0;1.0;1.0;1.0;1;1.0;1;1;1;1;1;1;1.0;1.0;1;1;1;1;1;1.0;1;1;1;1;1.0;1.0;1.0;1987;10;False
1987-10-01;349000;2;1;6.2;12.0;5.0;4.0;1;1;0;1;0.0;0.0;0.0;0.0;6.2;1.0;0.0;0.0;0.0;0.0;0.0;0.0;0.0;0.0;0.0;0.0;0.0;0.0;0.0;0.0;0.0;0.0;3.4;0.0;0.0;0.0;0.0;0.0;0.0;1.4;0.0;1.0;1.0;1.0;1.0;1.0;1.0;1.0;1.0;1;1.0;1;1;1;1;1;1;1.0;1.0;1;1;1;1;1;1.0;1;1;1;1;1.0;1.0;1.0;1987;10;False
1987-11-01;349000;1;1;38.8;42.5;13.0;5.0;1;1;0;1;0.4;0.0;0.0;0.3;0.0;0.0;0.0;0.0;0.0;0.0;0.0;0.0;38.8;0.0;0.0;0.0;0.0;0.0;0.9;2.1;0.0;0.0;0.0;0.0;0.0;0.0;0.0;0.0;0.0;0.0;;1.0;1.0;1.0;1.0;1.0;1.0;1.0;1.0;1;1.0;1;1;1;1;1;1;1.0;1.0;1;1;1;1;1;1.0;1;1;1;1;1.0;1.0;0.0;1987;11;False
1987-11-01;349000;2;1;38.8;42.5;13.0;5.0;1;1;0;1;0.4;0.0;0.0;0.3;0.0;0.0;0.0;0.0;0.0;0.0;0.0;0.0;38.8;0.0;0.0;0.0;0.0;0.0;0.9;2.1;0.0;0.0;0.0;0.0;0.0;0.0;0.0;0.0;0.0;0.0;;1.0;1.0;1.0;1.0;1.0;1.0;1.0;1.0;1;1.0;1;1;1;1;1;1;1.0;1.0;1;1;1;1;1;1.0;1;1;1;1;1.0;1.0;0.0;1987;11;False
1987-12-01;349000;1;1;84.3;169.5;22.0;9.0;1;1;0;1;0.0;0.0;0.0;0.0;0.0;0.0;0.0;0.0;0.0;13.4;0.0;0.0;0.0;0.0;0.0;23.7;32.9;1.7;0.0;0.0;0.0;84.3;1.5;0.0;0.0;4.0;5.2;2.8;0.0;0.0;0.0;1.0;1.0;1.0;1.0;1.0;1.0;1.0;1.0;1;1.0;1;1;1;1;1;1;1.0;1.0;1;1;1;1;1;1.0;1;1;1;1;1.0;1.0;1.0;1987;12;False
1987-12-01;349000;2;1;84.3;169.5;22.0;9.0;1;1;0;1;0.0;0.0;0.0;0.0;0.0;0.0;0.0;0.0;0.0;13.4;0.0;0.0;0.0;0.0;0.0;23.7;32.9;1.7;0.0;0.0;0.0;84.3;1.5;0.0;0.0;4.0;5.2;2.8;0.0;0.0;0.0;1.0;1.0;1.0;1.0;1.0;1.0;1.0;1.0;1;1.0;1;1;1;1;1;1;1.0;1.0;1;1;1;1;1;1.0;1;1;1;1;1.0;1.0;1.0;1987;12;False
1988-01-01;349000;1;1;149.5;472.5;12.0;25.0;1;1;0;1;0.5;0.3;9.2;50.3;0.4;11.8;0.0;1.4;0.0;0.0;5.2;149.5;2.1;1.7;11.0;14.4;0.0;1.8;0.0;56.4;14.9;18.0;7.7;30.3;22.2;0.2;0.5;20.0;39.9;0.0;2.8;1.0;1.0;1.0;1.0;1.0;1.0;1.0;1.0;1;1.0;1;1;1;1;1;1;1.0;1.0;1;1;1;1;1;1.0;1;1;1;1;1.0;1.0;1.0;1988;1;False
1988-01-01;349000;2;1;149.5;472.5;12.0;25.0;1;1;0;1;0.5;0.3;9.2;50.3;0.4;11.8;0.0;1.4;0.0;0.0;5.2;149.5;2.1;1.7;11.0;14.4;0.0;1.8;0.0;56.4;14.9;18.0;7.7;30.3;22.2;0.2;0.5;20.0;39.9;0.0;2.8;1.0;1.0;1.0;1.0;1.0;1.0;1.0;1.0;1;1.0;1;1;1;1;1;1;1.0;1.0;1;1;1;1;1;1.0;1;1;1;1;1.0;1.0;1.0;1988;1;False
1988-02-01;349000;2;1;59.6;259.9;29.0;25.0;1;1;0;1;0.0;1.6;3.9;2.2;4.0;3.2;2.6;3.5;4.8;0.1;8.4;6.7;0.6;12.4;34.9;27.6;3.4;17.8;3.8;0.0;0.0;0.4;1.0;0.0;7.8;4.6;14.4;30.6;59.6;;;1.0;1.0;1.0;1.0;1.0;1.0;1.0;1.0;1;1.0;1;1;1;1;1;1;1.0;1.0;1;1;1;1;1;1.0;1;1;1;1;1.0;0.0;0.0;1988;2;False
1988-02-01;349000;1;1;59.6;259.9;29.0;25.0;1;1;0;1;0.0;1.6;3.9;2.2;4.0;3.2;2.6;3.5;4.8;0.1;8.4;6.7;0.6;12.4;34.9;27.6;3.4;17.8;3.8;0.0;0.0;0.4;1.0;0.0;7.8;4.6;14.4;30.6;59.6;;;1.0;1.0;1.0;1.0;1.0;1.0;1.0;1.0;1;1.0;1;1;1;1;1;1;1.0;1.0;1;1;1;1;1;1.0;1;1;1;1;1.0;0.0;0.0;1988;2;False
1988-03-01;349000;2;1;149.8;525.9;4.0;27.0;1;1;0;1;3.3;0.0;0.3;149.8;4.0;27.5;0.0;10.6;9.2;1.2;28.1;9.6;13.6;0.0;9.4;8.8;9.0;27.0;0.0;15.8;20.4;0.4;4.0;10.4;65.6;1.1;16.2;8.8;42.2;27.4;2.2;1.0;1.0;1.0;1.0;1.0;1.0;1.0;1.0;1;1.0;1;1;1;1;1;1;1.0;1.0;1;1;1;1;1;1.0;1;1;1;1;1.0;1.0;1.0;1988;3;False
1988-03-01;349000;1;1;149.8;525.9;4.0;27.0;1;1;0;1;3.3;0.0;0.3;149.8;4.0;27.5;0.0;10.6;9.2;1.2;28.1;9.6;13.6;0.0;9.4;8.8;9.0;27.0;0.0;15.8;20.4;0.4;4.0;10.4;65.6;1.1;16.2;8.8;42.2;27.4;2.2;1.0;1.0;1.0;1.0;1.0;1.0;1.0;1.0;1;1.0;1;1;1;1;1;1;1.0;1.0;1;1;1;1;1;1.0;1;1;1;1;1.0;1.0;1.0;1988;3;False
1988-04-01;349000;1;1;88.0;535.3;24.0;28.0;1;1;0;1;21.8;8.6;15.4;26.0;4.4;3.7;0.2;5.2;0.2;0.0;12.2;15.8;21.6;3.6;9.3;37.9;59.6;11.5;23.3;18.5;84.8;2.6;23.5;88.0;0.0;1.0;4.6;5.4;13.4;13.2;;1.0;1.0;1.0;1.0;1.0;1.0;1.0;1.0;1;1.0;1;1;1;1;1;1;1.0;1.0;1;1;1;1;1;1.0;1;1;1;1;1.0;1.0;0.0;1988;4;False
1988-04-01;349000;2;1;88.0;535.3;24.0;28.0;1;1;0;1;21.8;8.6;15.4;26.0;4.4;3.7;0.2;5.2;0.2;0.0;12.2;15.8;21.6;3.6;9.3;37.9;59.6;11.5;23.3;18.5;84.8;2.6;23.5;88.0;0.0;1.0;4.6;5.4;13.4;13.2;;1.0;1.0;1.0;1.0;1.0;1.0;1.0;1.0;1;1.0;1;1;1;1;1;1;1.0;1.0;1;1;1;1;1;1.0;1;1;1;1;1.0;1.0;0.0;1988;4;False
1988-05-01;349000;1;1;49.6;235.6;16.0;19.0;1;1;0;1;1.3;41.6;35.2;14.6;36.1;0.0;3.5;3.2;4.6;0.0;0.0;0.0;0.0;9.2;0.0;49.6;1.6;0.0;0.0;0.0;0.0;2.6;0.5;10.8;1.6;3.8;5.1;0.0;0.0;8.7;2.0;1.0;1.0;1.0;1.0;1.0;1.0;1.0;1.0;1;1.0;1;1;1;1;1;1;1.0;1.0;1;1;1;1;1;1.0;1;1;1;1;1.0;1.0;1.0;1988;5;False
1988-05-01;349000;2;1;49.6;235.6;16.0;19.0;1;1;0;1;1.3;41.6;35.2;14.6;36.1;0.0;3.5;3.2;4.6;0.0;0.0;0.0;0.0;9.2;0.0;49.6;1.6;0.0;0.0;0.0;0.0;2.6;0.5;10.8;1.6;3.8;5.1;0.0;0.0;8.7;2.0;1.0;1.0;1.0;1.0;1.0;1.0;1.0;1.0;1;1.0;1;1;1;1;1;1;1.0;1.0;1;1;1;1;1;1.0;1;1;1;1;1.0;1.0;1.0;1988;5;False
1988-06-01;349000;1;1;102.0;258.3;5.0;10.0;1;1;0;1;12.7;0.0;0.0;0.0;102.0;2.3;0.0;0.0;0.0;0.0;2.8;0.0;0.0;0.0;0.0;88.6;0.0;0.0;0.0;0.0;0.0;0.0;0.0;9.8;3.2;15.4;9.9;11.6;0.0;0.0;;1.0;1.0;1.0;1.0;1.0;1.0;1.0;1.0;1;1.0;1;1;1;1;1;1;1.0;1.0;1;1;1;1;1;1.0;1;1;1;1;1.0;1.0;0.0;1988;6;False
1988-06-01;349000;2;1;102.0;258.3;5.0;10.0;1;1;0;1;12.7;0.0;0.0;0.0;102.0;2.3;0.0;0.0;0.0;0.0;2.8;0.0;0.0;0.0;0.0;88.6;0.0;0.0;0.0;0.0;0.0;0.0;0.0;9.8;3.2;15.4;9.9;11.6;0.0;0.0;;1.0;1.0;1.0;1.0;1.0;1.0;1.0;1.0;1;1.0;1;1;1;1;1;1;1.0;1.0;1;1;1;1;1;1.0;1;1;1;1;1.0;1.0;0.0;1988;6;False
1988-07-01;349000;1;1;45.8;72.3;14.0;7.0;1;1;0;1;2.2;0.0;0.0;0.0;0.0;0.0;0.0;0.0;0.0;0.0;0.0;6.4;15.1;45.8;2.0;0.0;0.0;0.0;0.0;0.0;0.0;0.0;0.0;0.0;0.0;0.0;0.4;0.4;0.0;0.0;0.0;1.0;1.0;1.0;1.0;1.0;1.0;1.0;1.0;1;1.0;1;1;1;1;1;1;1.0;1.0;1;1;1;1;1;1.0;1;1;1;1;1.0;1.0;1.0;1988;7;False
1988-07-01;349000;2;1;45.8;72.3;14.0;7.0;1;1;0;1;2.2;0.0;0.0;0.0;0.0;0.0;0.0;0.0;0.0;0.0;0.0;6.4;15.1;45.8;2.0;0.0;0.0;0.0;0.0;0.0;0.0;0.0;0.0;0.0;0.0;0.0;0.4;0.4;0.0;0.0;0.0;1.0;1.0;1.0;1.0;1.0;1.0;1.0;1.0;1;1.0;1;1;1;1;1;1;1.0;1.0;1;1;1;1;1;1.0;1;1;1;1;1.0;1.0;1.0;1988;7;False
1988-08-01;349000;1;1;40.0;44.6;12.0;4.0;1;1;0;1;0.0;0.0;0.0;0.0;0.0;0.0;0.0;0.0;0.0;0.0;0.0;40.0;2.4;0.0;0.0;0.0;0.0;0.0;0.0;0.0;0.0;0.0;1.2;0.0;0.0;0.0;1.0;0.0;0.0;0.0;0.0;1.0;1.0;1.0;1.0;1.0;1.0;1.0;1.0;1;1.0;1;1;1;1;1;1;1.0;1.0;1;1;1;1;1;1.0;1;1;1;1;1.0;1.0;1.0;1988;8;False
1988-08-01;349000;2;1;40.0;44.6;12.0;4.0;1;1;0;1;0.0;0.0;0.0;0.0;0.0;0.0;0.0;0.0;0.0;0.0;0.0;40.0;2.4;0.0;0.0;0.0;0.0;0.0;0.0;0.0;0.0;0.0;1.2;0.0;0.0;0.0;1.0;0.0;0.0;0.0;0.0;1.0;1.0;1.0;1.0;1.0;1.0;1.0;1.0;1;1.0;1;1;1;1;1;1;1.0;1.0;1;1;1;1;1;1.0;1;1;1;1;1.0;1.0;1.0;1988;8;False
1988-09-01;349000;2;1;7.6;11.1;4.0;3.0;1;1;0;1;0.0;0.0;3.3;7.6;0.0;0.0;0.0;0.0;0.0;0.0;0.0;0.0;0.0;0.0;0.0;0.0;0.0;0.0;0.0;0.0;0.0;0.0;0.0;0.0;0.0;0.2;0.0;0.0;0.0;0.0;;1.0;1.0;1.0;1.0;1.0;1.0;1.0;1.0;1;1.0;1;1;1;1;1;1;1.0;1.0;1;1;1;1;1;1.0;1;1;1;1;1.0;1.0;0.0;1988;9;False
1988-09-01;349000;1;1;7.6;11.1;4.0;3.0;1;1;0;1;0.0;0.0;3.3;7.6;0.0;0.0;0.0;0.0;0.0;0.0;0.0;0.0;0.0;0.0;0.0;0.0;0.0;0.0;0.0;0.0;0.0;0.0;0.0;0.0;0.0;0.2;0.0;0.0;0.0;0.0;;1.0;1.0;1.0;1.0;1.0;1.0;1.0;1.0;1;1.0;1;1;1;1;1;1;1.0;1.0;1;1;1;1;1;1.0;1;1;1;1;1.0;1.0;0.0;1988;9;False
1988-10-01;349000;1;1;47.6;59.6;25.0;6.0;1;1;0;1;0.0;0.0;0.0;0.0;0.0;0.0;5.8;0.0;0.0;0.0;1.6;0.0;0.0;0.0;0.0;0.9;0.0;0.0;0.0;0.0;0.0;0.0;0.0;0.0;47.6;0.0;0.0;0.0;0.5;3.2;0.0;1.0;1.0;1.0;1.0;1.0;1.0;1.0;1.0;1;1.0;1;1;1;1;1;1;1.0;1.0;1;1;1;1;1;1.0;1;1;1;1;1.0;1.0;1.0;1988;10;False
1988-10-01;349000;2;1;47.6;59.6;25.0;6.0;1;1;0;1;0.0;0.0;0.0;0.0;0.0;0.0;5.8;0.0;0.0;0.0;1.6;0.0;0.0;0.0;0.0;0.9;0.0;0.0;0.0;0.0;0.0;0.0;0.0;0.0;47.6;0.0;0.0;0.0;0.5;3.2;0.0;1.0;1.0;1.0;1.0;1.0;1.0;1.0;1.0;1;1.0;1;1;1;1;1;1;1.0;1.0;1;1;1;1;1;1.0;1;1;1;1;1.0;1.0;1.0;1988;10;False
1988-11-01;349000;2;1;80.6;148.5;30.0;13.0;1;1;0;1;0.0;0.0;0.0;0.0;5.2;0.0;0.6;0.6;0.0;0.0;18.0;1.8;0.0;0.0;0.6;0.8;0.0;0.0;8.7;0.0;0.0;0.0;1.5;0.0;2.0;22.3;0.0;5.8;0.0;80.6;;1.0;1.0;1.0;1.0;1.0;1.0;1.0;1.0;1;1.0;1;1;1;1;1;1;1.0;1.0;1;1;1;1;1;1.0;1;1;1;1;1.0;1.0;0.0;1988;11;False
1988-11-01;349000;1;1;80.6;148.5;30.0;13.0;1;1;0;1;0.0;0.0;0.0;0.0;5.2;0.0;0.6;0.6;0.0;0.0;18.0;1.8;0.0;0.0;0.6;0.8;0.0;0.0;8.7;0.0;0.0;0.0;1.5;0.0;2.0;22.3;0.0;5.8;0.0;80.6;;1.0;1.0;1.0;1.0;1.0;1.0;1.0;1.0;1;1.0;1;1;1;1;1;1;1.0;1.0;1;1;1;1;1;1.0;1;1;1;1;1.0;1.0;0.0;1988;11;False
1988-12-01;349000;1;1;83.1;294.8;16.0;21.0;1;1;0;1;2.3;0.2;0.2;11.2;5.4;0.2;0.0;5.8;0.0;3.4;18.6;0.0;7.2;0.0;0.0;83.1;1.0;49.3;0.0;0.0;14.4;11.7;9.4;17.3;19.2;0.0;0.0;0.0;24.4;10.4;0.1;1.0;1.0;1.0;1.0;1.0;1.0;1.0;1.0;1;1.0;1;1;1;1;1;1;1.0;1.0;1;1;1;1;1;1.0;1;1;1;1;1.0;1.0;1.0;1988;12;False
1988-12-01;349000;2;1;83.1;294.8;16.0;21.0;1;1;0;1;2.3;0.2;0.2;11.2;5.4;0.2;0.0;5.8;0.0;3.4;18.6;0.0;7.2;0.0;0.0;83.1;1.0;49.3;0.0;0.0;14.4;11.7;9.4;17.3;19.2;0.0;0.0;0.0;24.4;10.4;0.1;1.0;1.0;1.0;1.0;1.0;1.0;1.0;1.0;1;1.0;1;1;1;1;1;1;1.0;1.0;1;1;1;1;1;1.0;1;1;1;1;1.0;1.0;1.0;1988;12;False
1989-01-01;349000;1;1;33.3;214.4;28.0;27.0;1;1;0;1;8.5;2.8;14.5;0.9;0.0;16.3;17.4;5.6;15.7;23.3;0.4;0.0;0.0;1.7;0.4;6.2;3.2;0.0;4.8;1.6;15.0;1.0;1.7;1.5;0.8;1.4;0.2;33.3;31.6;2.0;2.6;1.0;1.0;1.0;1.0;1.0;1.0;1.0;1.0;1;1.0;1;1;1;1;1;1;1.0;1.0;1;1;1;1;1;1.0;1;1;1;1;1.0;1.0;1.0;1989;1;False
1989-01-01;349000;2;1;33.3;214.4;28.0;27.0;1;1;0;1;8.5;2.8;14.5;0.9;0.0;16.3;17.4;5.6;15.7;23.3;0.4;0.0;0.0;1.7;0.4;6.2;3.2;0.0;4.8;1.6;15.0;1.0;1.7;1.5;0.8;1.4;0.2;33.3;31.6;2.0;2.6;1.0;1.0;1.0;1.0;1.0;1.0;1.0;1.0;1;1.0;1;1;1;1;1;1;1.0;1.0;1;1;1;1;1;1.0;1;1;1;1;1.0;1.0;1.0;1989;1;False
1989-02-01;349000;1;1;64.4;334.7;14.0;25.0;1;1;0;1;2.6;11.4;17.1;2.4;0.0;10.4;0.4;1.6;31.0;1.8;0.0;14.3;4.0;64.4;26.9;3.2;0.0;0.4;37.4;20.7;9.5;11.2;30.2;23.6;0.4;1.6;1.8;6.4;;;;1.0;1.0;1.0;1.0;1.0;1.0;1.0;1.0;1;1.0;1;1;1;1;1;1;1.0;1.0;1;1;1;1;1;1.0;1;1;1;1;0.0;0.0;0.0;1989;2;False
1989-02-01;349000;2;1;64.4;334.7;14.0;25.0;1;1;0;1;2.6;11.4;17.1;2.4;0.0;10.4;0.4;1.6;31.0;1.8;0.0;14.3;4.0;64.4;26.9;3.2;0.0;0.4;37.4;20.7;9.5;11.2;30.2;23.6;0.4;1.6;1.8;6.4;;;;1.0;1.0;1.0;1.0;1.0;1.0;1.0;1.0;1;1.0;1;1;1;1;1;1;1.0;1.0;1;1;1;1;1;1.0;1;1;1;1;0.0;0.0;0.0;1989;2;False
1989-03-01;349000;2;1;50.1;398.0;7.0;24.0;1;1;0;1;0.0;1.0;9.4;10.6;0.0;32.0;50.1;3.1;16.3;16.4;10.3;14.3;27.4;5.3;13.8;29.1;2.8;29.0;22.3;0.2;33.6;4.7;0.0;0.0;3.7;0.0;21.4;6.8;34.4;0.0;0.0;1.0;1.0;1.0;1.0;1.0;1.0;1.0;1.0;1;1.0;1;1;1;1;1;1;1.0;1.0;1;1;1;1;1;1.0;1;1;1;1;1.0;1.0;1.0;1989;3;False
1989-03-01;349000;1;1;50.1;398.0;7.0;24.0;1;1;0;1;0.0;1.0;9.4;10.6;0.0;32.0;50.1;3.1;16.3;16.4;10.3;14.3;27.4;5.3;13.8;29.1;2.8;29.0;22.3;0.2;33.6;4.7;0.0;0.0;3.7;0.0;21.4;6.8;34.4;0.0;0.0;1.0;1.0;1.0;1.0;1.0;1.0;1.0;1.0;1;1.0;1;1;1;1;1;1;1.0;1.0;1;1;1;1;1;1.0;1;1;1;1;1.0;1.0;1.0;1989;3;False
1989-04-01;349000;1;1;130.2;512.5;27.0;26.0;1;1;0;1;11.3;2.8;0.0;53.3;33.9;6.8;22.2;16.0;2.4;13.8;1.3;10.8;25.4;0.6;22.9;1.1;17.9;9.9;0.0;0.4;1.0;39.6;1.7;21.7;49.7;13.3;130.2;0.0;0.0;2.5;;1.0;1.0;1.0;1.0;1.0;1.0;1.0;1.0;1;1.0;1;1;1;1;1;1;1.0;1.0;1;1;1;1;1;1.0;1;1;1;1;1.0;1.0;0.0;1989;4;False
1989-04-01;349000;2;1;130.2;512.5;27.0;26.0;1;1;0;1;11.3;2.8;0.0;53.3;33.9;6.8;22.2;16.0;2.4;13.8;1.3;10.8;25.4;0.6;22.9;1.1;17.9;9.9;0.0;0.4;1.0;39.6;1.7;21.7;49.7;13.3;130.2;0.0;0.0;2.5;;1.0;1.0;1.0;1.0;1.0;1.0;1.0;1.0;1;1.0;1;1;1;1;1;1;1.0;1.0;1;1;1;1;1;1.0;1;1;1;1;1.0;1.0;0.0;1989;4;False
1989-05-01;349000;1;1;40.0;340.0;5.0;28.0;1;1;0;1;4.0;21.2;36.4;12.2;40.0;7.3;36.3;9.3;2.2;3.0;6.6;4.6;13.8;3.2;5.7;6.7;6.5;3.0;0.0;6.8;14.4;8.8;3.2;0.0;0.6;3.6;0.0;3.6;40.0;9.6;27.4;1.0;1.0;1.0;1.0;1.0;1.0;1.0;1.0;1;1.0;1;1;1;1;1;1;1.0;1.0;1;1;1;1;1;1.0;1;1;1;1;1.0;1.0;1.0;1989;5;False
1989-05-01;349000;2;1;40.0;340.0;5.0;28.0;1;1;0;1;4.0;21.2;36.4;12.2;40.0;7.3;36.3;9.3;2.2;3.0;6.6;4.6;13.8;3.2;5.7;6.7;6.5;3.0;0.0;6.8;14.4;8.8;3.2;0.0;0.6;3.6;0.0;3.6;40.0;9.6;27.4;1.0;1.0;1.0;1.0;1.0;1.0;1.0;1.0;1;1.0;1;1;1;1;1;1;1.0;1.0;1;1;1;1;1;1.0;1;1;1;1;1.0;1.0;1.0;1989;5;False
1989-06-01;349000;1;1;33.4;130.0;19.0;15.0;1;1;0;1;0.8;5.0;0.6;0.0;0.0;0.0;0.0;0.0;0.0;0.0;1.7;25.2;0.6;2.3;12.5;0.1;0.0;0.0;33.4;0.0;1.2;0.0;0.0;0.0;12.6;0.0;0.2;0.0;22.2;11.6;;1.0;1.0;1.0;1.0;1.0;1.0;1.0;1.0;1;1.0;1;1;1;1;1;1;1.0;1.0;1;1;1;1;1;1.0;1;1;1;1;1.0;1.0;0.0;1989;6;False
1989-06-01;349000;2;1;33.4;130.0;19.0;15.0;1;1;0;1;0.8;5.0;0.6;0.0;0.0;0.0;0.0;0.0;0.0;0.0;1.7;25.2;0.6;2.3;12.5;0.1;0.0;0.0;33.4;0.0;1.2;0.0;0.0;0.0;12.6;0.0;0.2;0.0;22.2;11.6;;1.0;1.0;1.0;1.0;1.0;1.0;1.0;1.0;1;1.0;1;1;1;1;1;1;1.0;1.0;1;1;1;1;1;1.0;1;1;1;1;1.0;1.0;0.0;1989;6;False
1989-07-01;349000;1;1;12.0;42.4;25.0;10.0;1;1;0;1;0.8;0.0;0.0;0.8;6.8;0.0;6.2;0.0;0.0;3.2;6.2;0.0;0.0;0.0;0.0;0.0;0.0;0.0;0.0;0.0;0.0;0.0;0.0;0.0;12.0;0.4;1.2;4.8;0.0;0.0;0.0;1.0;1.0;1.0;1.0;1.0;1.0;1.0;1.0;1;1.0;1;1;1;1;1;1;1.0;1.0;1;1;1;1;1;1.0;1;1;1;1;1.0;1.0;1.0;1989;7;False
1989-07-01;349000;2;1;12.0;42.4;25.0;10.0;1;1;0;1;0.8;0.0;0.0;0.8;6.8;0.0;6.2;0.0;0.0;3.2;6.2;0.0;0.0;0.0;0.0;0.0;0.0;0.0;0.0;0.0;0.0;0.0;0.0;0.0;12.0;0.4;1.2;4.8;0.0;0.0;0.0;1.0;1.0;1.0;1.0;1.0;1.0;1.0;1.0;1;1.0;1;1;1;1;1;1;1.0;1.0;1;1;1;1;1;1.0;1;1;1;1;1.0;1.0;1.0;1989;7;False
1989-08-01;349000;1;1;15.2;28.0;12.0;7.0;1;1;0;1;0.0;0.0;0.0;0.0;0.0;0.0;8.6;0.8;0.0;0.0;0.0;15.2;0.0;0.2;0.0;0.0;1.0;0.0;0.0;0.0;0.0;0.0;0.0;0.0;0.4;1.8;0.0;0.0;0.0;0.0;0.0;1.0;1.0;1.0;1.0;1.0;1.0;1.0;1.0;1;1.0;1;1;1;1;1;1;1.0;1.0;1;1;1;1;1;1.0;1;1;1;1;1.0;1.0;1.0;1989;8;False
1989-08-01;349000;2;1;15.2;28.0;12.0;7.0;1;1;0;1;0.0;0.0;0.0;0.0;0.0;0.0;8.6;0.8;0.0;0.0;0.0;15.2;0.0;0.2;0.0;0.0;1.0;0.0;0.0;0.0;0.0;0.0;0.0;0.0;0.4;1.8;0.0;0.0;0.0;0.0;0.0;1.0;1.0;1.0;1.0;1.0;1.0;1.0;1.0;1;1.0;1;1;1;1;1;1;1.0;1.0;1;1;1;1;1;1.0;1;1;1;1;1.0;1.0;1.0;1989;8;False
1989-09-01;349000;2;1;31.2;34.9;29.0;3.0;1;1;0;1;0.0;0.0;0.0;0.0;0.0;0.0;0.0;0.0;0.0;0.0;0.0;0.0;2.9;0.0;0.0;0.0;0.0;0.8;0.0;0.0;0.0;0.0;0.0;0.0;0.0;0.0;0.0;0.0;31.2;0.0;;1.0;1.0;1.0;1.0;1.0;1.0;1.0;1.0;1;1.0;1;1;1;1;1;1;1.0;1.0;1;1;1;1;1;1.0;1;1;1;1;1.0;1.0;0.0;1989;9;False
1989-09-01;349000;1;1;31.2;34.9;29.0;3.0;1;1;0;1;0.0;0.0;0.0;0.0;0.0;0.0;0.0;0.0;0.0;0.0;0.0;0.0;2.9;0.0;0.0;0.0;0.0;0.8;0.0;0.0;0.0;0.0;0.0;0.0;0.0;0.0;0.0;0.0;31.2;0.0;;1.0;1.0;1.0;1.0;1.0;1.0;1.0;1.0;1;1.0;1;1;1;1;1;1;1.0;1.0;1;1;1;1;1;1.0;1;1;1;1;1.0;1.0;0.0;1989;9;False
1989-10-01;349000;1;1;40.6;112.4;21.0;13.0;1;1;0;1;0.0;6.3;0.0;5.4;8.4;0.4;0.0;0.0;1.6;0.0;0.0;0.0;0.0;0.0;0.0;6.0;0.0;5.8;0.2;0.0;40.6;2.8;1.6;1.7;0.0;0.0;0.0;0.0;0.0;31.6;0.0;1.0;1.0;1.0;1.0;1.0;1.0;1.0;1.0;1;1.0;1;1;1;1;1;1;1.0;1.0;1;1;1;1;1;1.0;1;1;1;1;1.0;1.0;1.0;1989;10;False
1989-10-01;349000;2;1;40.6;112.4;21.0;13.0;1;1;0;1;0.0;6.3;0.0;5.4;8.4;0.4;0.0;0.0;1.6;0.0;0.0;0.0;0.0;0.0;0.0;6.0;0.0;5.8;0.2;0.0;40.6;2.8;1.6;1.7;0.0;0.0;0.0;0.0;0.0;31.6;0.0;1.0;1.0;1.0;1.0;1.0;1.0;1.0;1.0;1;1.0;1;1;1;1;1;1;1.0;1.0;1;1;1;1;1;1.0;1;1;1;1;1.0;1.0;1.0;1989;10;False
1989-11-01;349000;2;1;81.2;121.7;17.0;9.0;1;1;0;1;0.0;1.0;0.0;0.6;0.0;0.0;5.8;23.1;4.6;0.0;0.0;0.0;0.0;1.0;0.0;0.0;81.2;2.8;0.0;0.0;0.0;0.0;0.0;0.0;1.6;0.0;0.0;0.0;0.0;0.0;;1.0;1.0;1.0;1.0;1.0;1.0;1.0;1.0;1;1.0;1;1;1;1;1;1;1.0;1.0;1;1;1;1;1;1.0;1;1;1;1;1.0;1.0;0.0;1989;11;False
1989-11-01;349000;1;1;81.2;121.7;17.0;9.0;1;1;0;1;0.0;1.0;0.0;0.6;0.0;0.0;5.8;23.1;4.6;0.0;0.0;0.0;0.0;1.0;0.0;0.0;81.2;2.8;0.0;0.0;0.0;0.0;0.0;0.0;1.6;0.0;0.0;0.0;0.0;0.0;;1.0;1.0;1.0;1.0;1.0;1.0;1.0;1.0;1;1.0;1;1;1;1;1;1;1.0;1.0;1;1;1;1;1;1.0;1;1;1;1;1.0;1.0;0.0;1989;11;False
1989-12-01;349000;1;1;55.1;247.7;26.0;20.0;1;1;0;1;0.0;0.0;0.0;6.0;0.0;0.0;0.0;9.7;4.1;2.5;0.0;0.0;19.6;9.8;20.6;4.8;4.4;19.4;5.9;2.8;18.1;0.5;20.2;0.0;0.0;55.1;17.8;21.7;2.6;0.0;2.1;1.0;1.0;1.0;1.0;1.0;1.0;1.0;1.0;1;1.0;1;1;1;1;1;1;1.0;1.0;1;1;1;1;1;1.0;1;1;1;1;1.0;1.0;1.0;1989;12;False
1989-12-01;349000;2;1;55.1;247.7;26.0;20.0;1;1;0;1;0.0;0.0;0.0;6.0;0.0;0.0;0.0;9.7;4.1;2.5;0.0;0.0;19.6;9.8;20.6;4.8;4.4;19.4;5.9;2.8;18.1;0.5;20.2;0.0;0.0;55.1;17.8;21.7;2.6;0.0;2.1;1.0;1.0;1.0;1.0;1.0;1.0;1.0;1.0;1;1.0;1;1;1;1;1;1;1.0;1.0;1;1;1;1;1;1.0;1;1;1;1;1.0;1.0;1.0;1989;12;False
1990-01-01;349000;1;1;66.0;179.0;9.0;18.0;1;1;0;0;2.0;2.4;0.0;23.6;0.0;0.0;2.6;4.0;66.0;0.0;4.2;0.0;0.0;0.0;4.2;0.0;2.6;0.0;0.4;0.6;2.2;3.3;6.1;0.0;4.6;0.0;0.0;0.0;37.4;12.2;0.6;1.0;1.0;1.0;1.0;1.0;1.0;1.0;1.0;1;1.0;1;1;1;1;1;1;1.0;1.0;1;1;1;1;1;1.0;1;1;1;1;1.0;1.0;1.0;1990;1;False
1990-01-01;349000;2;1;66.0;179.0;9.0;18.0;1;1;0;0;2.0;2.4;0.0;23.6;0.0;0.0;2.6;4.0;66.0;0.0;4.2;0.0;0.0;0.0;4.2;0.0;2.6;0.0;0.4;0.6;2.2;3.3;6.1;0.0;4.6;0.0;0.0;0.0;37.4;12.2;0.6;1.0;1.0;1.0;1.0;1.0;1.0;1.0;1.0;1;1.0;1;1;1;1;1;1;1.0;1.0;1;1;1;1;1;1.0;1;1;1;1;1.0;1.0;1.0;1990;1;False
1990-02-01;349000;2;1;36.3;226.6;20.0;24.0;1;1;0;0;0.0;0.8;0.0;1.6;2.8;17.8;2.0;5.3;2.6;8.1;0.5;8.8;22.0;8.0;0.2;5.2;17.6;15.9;0.0;36.3;7.3;6.7;0.0;18.2;6.5;24.8;2.0;5.6;;;;1.0;1.0;1.0;1.0;1.0;1.0;1.0;1.0;1;1.0;1;1;1;1;1;1;1.0;1.0;1;1;1;1;1;1.0;1;1;1;1;0.0;0.0;0.0;1990;2;False
1990-02-01;349000;1;1;36.3;226.6;20.0;24.0;1;1;0;0;0.0;0.8;0.0;1.6;2.8;17.8;2.0;5.3;2.6;8.1;0.5;8.8;22.0;8.0;0.2;5.2;17.6;15.9;0.0;36.3;7.3;6.7;0.0;18.2;6.5;24.8;2.0;5.6;;;;1.0;1.0;1.0;1.0;1.0;1.0;1.0;1.0;1;1.0;1;1;1;1;1;1;1.0;1.0;1;1;1;1;1;1.0;1;1;1;1;0.0;0.0;0.0;1990;2;False
1990-03-01;349000;1;1;38.5;211.1;25.0;21.0;1;1;0;0;0.0;27.0;0.0;1.5;9.0;10.3;1.5;0.2;2.2;0.0;0.2;19.0;0.0;7.9;13.6;11.3;15.4;0.0;0.4;6.4;0.0;27.8;7.1;0.0;38.5;1.6;7.9;2.3;0.0;0.0;0.0;1.0;1.0;1.0;1.0;1.0;1.0;1.0;1.0;1;1.0;1;1;1;1;1;1;1.0;1.0;1;1;1;1;1;1.0;1;1;1;1;1.0;1.0;1.0;1990;3;False
1990-03-01;349000;2;1;38.5;211.1;25.0;21.0;1;1;0;0;0.0;27.0;0.0;1.5;9.0;10.3;1.5;0.2;2.2;0.0;0.2;19.0;0.0;7.9;13.6;11.3;15.4;0.0;0.4;6.4;0.0;27.8;7.1;0.0;38.5;1.6;7.9;2.3;0.0;0.0;0.0;1.0;1.0;1.0;1.0;1.0;1.0;1.0;1.0;1;1.0;1;1;1;1;1;1;1.0;1.0;1;1;1;1;1;1.0;1;1;1;1;1.0;1.0;1.0;1990;3;False
1990-04-01;349000;1;1;52.1;328.7;5.0;25.0;1;1;0;0;0.0;2.6;3.5;17.5;52.1;4.2;3.8;35.6;25.3;14.3;1.2;1.5;2.6;0.5;0.0;36.5;0.2;7.3;0.0;5.1;19.3;1.0;0.0;13.2;10.6;0.4;3.8;0.0;39.8;26.8;;1.0;1.0;1.0;1.0;1.0;1.0;1.0;1.0;1;1.0;1;1;1;1;1;1;1.0;1.0;1;1;1;1;1;1.0;1;1;1;1;1.0;1.0;0.0;1990;4;False
1990-04-01;349000;2;1;52.1;328.7;5.0;25.0;1;1;0;0;0.0;2.6;3.5;17.5;52.1;4.2;3.8;35.6;25.3;14.3;1.2;1.5;2.6;0.5;0.0;36.5;0.2;7.3;0.0;5.1;19.3;1.0;0.0;13.2;10.6;0.4;3.8;0.0;39.8;26.8;;1.0;1.0;1.0;1.0;1.0;1.0;1.0;1.0;1;1.0;1;1;1;1;1;1;1.0;1.0;1;1;1;1;1;1.0;1;1;1;1;1.0;1.0;0.0;1990;4;False
1990-05-01;349000;2;1;25.3;130.0;31.0;15.0;1;1;0;0;13.8;12.8;0.4;0.0;0.2;1.6;0.0;0.0;0.0;0.0;0.0;0.0;0.0;0.4;3.0;13.7;0.0;0.0;0.0;2.8;13.1;7.2;0.0;0.0;0.0;0.0;13.0;22.2;0.0;0.5;25.3;1.0;1.0;1.0;1.0;1.0;1.0;1.0;1.0;1;1.0;1;1;1;1;1;1;1.0;1.0;1;1;1;1;1;1.0;1;1;1;1;1.0;1.0;1.0;1990;5;False
1990-05-01;349000;1;1;25.3;130.0;31.0;15.0;1;1;0;0;13.8;12.8;0.4;0.0;0.2;1.6;0.0;0.0;0.0;0.0;0.0;0.0;0.0;0.4;3.0;13.7;0.0;0.0;0.0;2.8;13.1;7.2;0.0;0.0;0.0;0.0;13.0;22.2;0.0;0.5;25.3;1.0;1.0;1.0;1.0;1.0;1.0;1.0;1.0;1;1.0;1;1;1;1;1;1;1.0;1.0;1;1;1;1;1;1.0;1;1;1;1;1.0;1.0;1.0;1990;5;False
1990-06-01;349000;1;1;27.4;49.4;26.0;11.0;1;1;0;0;0.5;0.0;0.1;11.4;0.0;6.2;0.0;0.0;0.4;0.0;0.0;0.3;0.0;0.0;0.1;0.0;0.0;1.2;0.0;0.0;0.0;1.6;0.2;0.0;0.0;27.4;0.0;0.0;0.0;0.0;;1.0;1.0;1.0;1.0;1.0;1.0;1.0;1.0;1;1.0;1;1;1;1;1;1;1.0;1.0;1;1;1;1;1;1.0;1;1;1;1;1.0;1.0;0.0;1990;6;False
1990-06-01;349000;2;1;27.4;49.4;26.0;11.0;1;1;0;0;0.5;0.0;0.1;11.4;0.0;6.2;0.0;0.0;0.4;0.0;0.0;0.3;0.0;0.0;0.1;0.0;0.0;1.2;0.0;0.0;0.0;1.6;0.2;0.0;0.0;27.4;0.0;0.0;0.0;0.0;;1.0;1.0;1.0;1.0;1.0;1.0;1.0;1.0;1;1.0;1;1;1;1;1;1;1.0;1.0;1;1;1;1;1;1.0;1;1;1;1;1.0;1.0;0.0;1990;6;False
1990-07-01;349000;2;1;30.0;123.3;25.0;17.0;1;1;0;0;0.4;3.9;12.2;10.9;0.0;0.0;8.5;7.9;0.4;6.3;0.0;0.0;0.0;0.0;0.0;0.0;11.7;9.7;0.0;1.2;0.0;2.0;0.2;3.8;30.0;0.0;0.0;7.2;0.0;0.0;7.0;1.0;1.0;1.0;1.0;1.0;1.0;1.0;1.0;1;1.0;1;1;1;1;1;1;1.0;1.0;1;1;1;1;1;1.0;1;1;1;1;1.0;1.0;1.0;1990;7;False
1990-07-01;349000;1;1;30.0;123.3;25.0;17.0;1;1;0;0;0.4;3.9;12.2;10.9;0.0;0.0;8.5;7.9;0.4;6.3;0.0;0.0;0.0;0.0;0.0;0.0;11.7;9.7;0.0;1.2;0.0;2.0;0.2;3.8;30.0;0.0;0.0;7.2;0.0;0.0;7.0;1.0;1.0;1.0;1.0;1.0;1.0;1.0;1.0;1;1.0;1;1;1;1;1;1;1.0;1.0;1;1;1;1;1;1.0;1;1;1;1;1.0;1.0;1.0;1990;7;False
1990-08-01;349000;1;1;9.3;19.9;10.0;5.0;1;1;0;0;0.0;7.2;0.0;1.9;0.0;0.4;0.0;0.0;0.0;9.3;0.0;0.0;0.0;0.0;0.0;0.0;0.0;0.0;0.0;0.0;0.0;0.0;0.0;0.0;0.0;0.0;0.0;0.0;0.0;1.1;0.0;1.0;1.0;1.0;1.0;1.0;1.0;1.0;1.0;1;1.0;1;1;1;1;1;1;1.0;1.0;1;1;1;1;1;1.0;1;1;1;1;1.0;1.0;1.0;1990;8;False
1990-08-01;349000;2;1;9.3;19.9;10.0;5.0;1;1;0;0;0.0;7.2;0.0;1.9;0.0;0.4;0.0;0.0;0.0;9.3;0.0;0.0;0.0;0.0;0.0;0.0;0.0;0.0;0.0;0.0;0.0;0.0;0.0;0.0;0.0;0.0;0.0;0.0;0.0;1.1;0.0;1.0;1.0;1.0;1.0;1.0;1.0;1.0;1.0;1;1.0;1;1;1;1;1;1;1.0;1.0;1;1;1;1;1;1.0;1;1;1;1;1.0;1.0;1.0;1990;8;False
1990-09-01;349000;1;1;23.3;40.0;16.0;9.0;1;1;0;0;6.7;0.0;0.0;0.0;0.0;4.6;0.0;0.0;0.0;0.0;0.0;0.0;0.0;0.0;0.0;23.3;2.8;0.0;0.3;0.0;0.7;0.0;0.6;0.0;0.0;0.2;0.0;0.8;0.0;0.0;;1.0;1.0;1.0;1.0;1.0;1.0;1.0;1.0;1;1.0;1;1;1;1;1;1;1.0;1.0;1;1;1;1;1;1.0;1;1;1;1;1.0;1.0;0.0;1990;9;False
1990-09-01;349000;2;1;23.3;40.0;16.0;9.0;1;1;0;0;6.7;0.0;0.0;0.0;0.0;4.6;0.0;0.0;0.0;0.0;0.0;0.0;0.0;0.0;0.0;23.3;2.8;0.0;0.3;0.0;0.7;0.0;0.6;0.0;0.0;0.2;0.0;0.8;0.0;0.0;;1.0;1.0;1.0;1.0;1.0;1.0;1.0;1.0;1;1.0;1;1;1;1;1;1;1.0;1.0;1;1;1;1;1;1.0;1;1;1;1;1.0;1.0;0.0;1990;9;False
1990-10-01;349000;1;1;46.6;78.7;15.0;9.0;1;1;0;0;0.0;0.0;0.0;0.2;0.0;0.0;0.0;0.0;0.0;0.0;0.0;0.0;0.0;0.0;46.6;4.7;0.1;0.0;0.0;0.2;0.0;4.2;0.0;0.0;0.0;0.0;0.0;17.7;0.0;0.2;4.8;1.0;1.0;1.0;1.0;1.0;1.0;1.0;1.0;1;1.0;1;1;1;1;1;1;1.0;1.0;1;1;1;1;1;1.0;1;1;1;1;1.0;1.0;1.0;1990;10;False
1990-10-01;349000;2;1;46.6;78.7;15.0;9.0;1;1;0;0;0.0;0.0;0.0;0.2;0.0;0.0;0.0;0.0;0.0;0.0;0.0;0.0;0.0;0.0;46.6;4.7;0.1;0.0;0.0;0.2;0.0;4.2;0.0;0.0;0.0;0.0;0.0;17.7;0.0;0.2;4.8;1.0;1.0;1.0;1.0;1.0;1.0;1.0;1.0;1;1.0;1;1;1;1;1;1;1.0;1.0;1;1;1;1;1;1.0;1;1;1;1;1.0;1.0;1.0;1990;10;False
1990-12-01;349000;2;1;84.2;320.8;20.0;14.0;1;1;0;0;0.0;0.0;0.0;0.0;0.0;22.7;7.5;13.4;23.4;0.0;19.7;21.9;0.0;0.0;0.5;0.0;0.0;0.0;18.8;84.2;0.0;0.0;32.5;17.5;1.0;0.0;0.0;24.6;33.1;0.0;0.0;1.0;1.0;1.0;1.0;1.0;1.0;1.0;1.0;1;1.0;1;1;1;1;1;1;1.0;1.0;1;1;1;1;1;1.0;1;1;1;1;1.0;1.0;1.0;1990;12;False
1990-12-01;349000;1;1;84.2;320.8;20.0;14.0;1;1;0;0;0.0;0.0;0.0;0.0;0.0;22.7;7.5;13.4;23.4;0.0;19.7;21.9;0.0;0.0;0.5;0.0;0.0;0.0;18.8;84.2;0.0;0.0;32.5;17.5;1.0;0.0;0.0;24.6;33.1;0.0;0.0;1.0;1.0;1.0;1.0;1.0;1.0;1.0;1.0;1;1.0;1;1;1;1;1;1;1.0;1.0;1;1;1;1;1;1.0;1;1;1;1;1.0;1.0;1.0;1990;12;False
1991-01-01;349000;2;1;66.1;354.3;7.0;27.0;1;1;0;0;9.7;3.1;0.5;0.0;11.3;47.0;66.1;28.1;8.4;0.0;18.5;0.0;11.1;0.0;37.0;0.6;7.0;22.9;9.2;2.3;0.3;7.0;0.6;6.3;8.2;23.6;0.2;1.4;19.1;4.3;0.5;1.0;1.0;1.0;1.0;1.0;1.0;1.0;1.0;1;1.0;1;1;1;1;1;1;1.0;1.0;1;1;1;1;1;1.0;1;1;1;1;1.0;1.0;1.0;1991;1;False
1991-01-01;349000;1;1;66.1;354.3;7.0;27.0;1;1;0;0;9.7;3.1;0.5;0.0;11.3;47.0;66.1;28.1;8.4;0.0;18.5;0.0;11.1;0.0;37.0;0.6;7.0;22.9;9.2;2.3;0.3;7.0;0.6;6.3;8.2;23.6;0.2;1.4;19.1;4.3;0.5;1.0;1.0;1.0;1.0;1.0;1.0;1.0;1.0;1;1.0;1;1;1;1;1;1;1.0;1.0;1;1;1;1;1;1.0;1;1;1;1;1.0;1.0;1.0;1991;1;False
1991-02-01;349000;2;1;93.7;336.2;2.0;20.0;1;1;0;0;0.8;93.7;25.6;0.0;1.5;34.8;0.1;6.9;11.4;47.9;0.0;0.0;0.0;0.0;2.0;0.0;0.6;4.2;4.5;16.4;0.3;0.0;0.0;14.5;28.0;4.1;26.4;12.5;;;;1.0;1.0;1.0;1.0;1.0;1.0;1.0;1.0;1;1.0;1;1;1;1;1;1;1.0;1.0;1;1;1;1;1;1.0;1;1;1;1;0.0;0.0;0.0;1991;2;False
1991-02-01;349000;1;1;93.7;336.2;2.0;20.0;1;1;0;0;0.8;93.7;25.6;0.0;1.5;34.8;0.1;6.9;11.4;47.9;0.0;0.0;0.0;0.0;2.0;0.0;0.6;4.2;4.5;16.4;0.3;0.0;0.0;14.5;28.0;4.1;26.4;12.5;;;;1.0;1.0;1.0;1.0;1.0;1.0;1.0;1.0;1;1.0;1;1;1;1;1;1;1.0;1.0;1;1;1;1;1;1.0;1;1;1;1;0.0;0.0;0.0;1991;2;False
1991-03-01;349000;1;1;44.4;368.0;13.0;27.0;1;1;0;0;0.0;17.6;23.1;0.9;0.0;12.6;3.4;42.7;0.6;10.0;13.4;28.1;44.4;8.1;39.7;0.9;3.2;4.9;18.9;6.9;0.1;1.8;5.8;0.0;0.3;7.1;9.4;43.7;18.8;0.0;1.6;1.0;1.0;1.0;1.0;1.0;1.0;1.0;1.0;1;1.0;1;1;1;1;1;1;1.0;1.0;1;1;1;1;1;1.0;1;1;1;1;1.0;1.0;1.0;1991;3;False
1991-03-01;349000;2;1;44.4;368.0;13.0;27.0;1;1;0;0;0.0;17.6;23.1;0.9;0.0;12.6;3.4;42.7;0.6;10.0;13.4;28.1;44.4;8.1;39.7;0.9;3.2;4.9;18.9;6.9;0.1;1.8;5.8;0.0;0.3;7.1;9.4;43.7;18.8;0.0;1.6;1.0;1.0;1.0;1.0;1.0;1.0;1.0;1.0;1;1.0;1;1;1;1;1;1;1.0;1.0;1;1;1;1;1;1.0;1;1;1;1;1.0;1.0;1.0;1991;3;False
1991-04-01;349000;1;1;38.2;234.4;2.0;25.0;1;1;0;0;0.5;38.2;7.5;2.3;9.2;11.5;0.0;0.8;15.5;2.0;1.7;0.0;8.1;0.2;4.9;1.1;10.3;12.0;0.8;3.0;35.1;11.4;4.3;0.0;2.1;21.4;13.5;0.0;17.0;0.0;;1.0;1.0;1.0;1.0;1.0;1.0;1.0;1.0;1;1.0;1;1;1;1;1;1;1.0;1.0;1;1;1;1;1;1.0;1;1;1;1;1.0;1.0;0.0;1991;4;False
1991-04-01;349000;2;1;38.2;234.4;2.0;25.0;1;1;0;0;0.5;38.2;7.5;2.3;9.2;11.5;0.0;0.8;15.5;2.0;1.7;0.0;8.1;0.2;4.9;1.1;10.3;12.0;0.8;3.0;35.1;11.4;4.3;0.0;2.1;21.4;13.5;0.0;17.0;0.0;;1.0;1.0;1.0;1.0;1.0;1.0;1.0;1.0;1;1.0;1;1;1;1;1;1;1.0;1.0;1;1;1;1;1;1.0;1;1;1;1;1.0;1.0;0.0;1991;4;False
1991-05-01;349000;2;1;71.5;245.8;20.0;19.0;1;1;0;0;0.0;3.9;2.6;1.1;3.0;56.2;0.0;0.0;5.7;0.0;0.0;0.0;0.3;18.1;1.7;54.1;2.1;5.5;8.2;71.5;0.0;4.5;0.0;1.5;0.0;1.9;3.3;0.6;0.0;0.0;0.0;1.0;1.0;1.0;1.0;1.0;1.0;1.0;1.0;1;1.0;1;1;1;1;1;1;1.0;1.0;1;1;1;1;1;1.0;1;1;1;1;1.0;1.0;1.0;1991;5;False
1991-05-01;349000;1;1;71.5;245.8;20.0;19.0;1;1;0;0;0.0;3.9;2.6;1.1;3.0;56.2;0.0;0.0;5.7;0.0;0.0;0.0;0.3;18.1;1.7;54.1;2.1;5.5;8.2;71.5;0.0;4.5;0.0;1.5;0.0;1.9;3.3;0.6;0.0;0.0;0.0;1.0;1.0;1.0;1.0;1.0;1.0;1.0;1.0;1;1.0;1;1;1;1;1;1;1.0;1.0;1;1;1;1;1;1.0;1;1;1;1;1.0;1.0;1.0;1991;5;False
1991-06-01;349000;1;1;19.6;69.1;8.0;9.0;1;1;0;0;0.0;0.0;15.5;0.0;0.0;0.0;0.0;19.6;2.3;0.0;0.0;6.4;0.0;0.0;15.5;0.0;0.0;0.0;0.0;4.6;0.0;0.0;0.0;0.0;0.0;0.0;0.0;1.3;2.4;1.5;;1.0;1.0;1.0;1.0;1.0;1.0;1.0;1.0;1;1.0;1;1;1;1;1;1;1.0;1.0;1;1;1;1;1;1.0;1;1;1;1;1.0;1.0;0.0;1991;6;False
1991-06-01;349000;2;1;19.6;69.1;8.0;9.0;1;1;0;0;0.0;0.0;15.5;0.0;0.0;0.0;0.0;19.6;2.3;0.0;0.0;6.4;0.0;0.0;15.5;0.0;0.0;0.0;0.0;4.6;0.0;0.0;0.0;0.0;0.0;0.0;0.0;1.3;2.4;1.5;;1.0;1.0;1.0;1.0;1.0;1.0;1.0;1.0;1;1.0;1;1;1;1;1;1;1.0;1.0;1;1;1;1;1;1.0;1;1;1;1;1.0;1.0;0.0;1991;6;False
1991-07-01;349000;1;1;5.6;19.4;3.0;8.0;1;1;0;0;1.3;0.0;5.6;1.2;0.6;0.0;2.6;0.0;0.0;3.4;0.0;0.0;1.4;0.0;0.0;3.3;0.0;0.0;0.0;0.0;0.0;0.0;0.0;0.0;0.0;0.0;0.0;0.0;0.0;0.0;0.0;1.0;1.0;1.0;1.0;1.0;1.0;1.0;1.0;1;1.0;1;1;1;1;1;1;1.0;1.0;1;1;1;1;1;1.0;1;1;1;1;1.0;1.0;1.0;1991;7;False
1991-07-01;349000;2;1;5.6;19.4;3.0;8.0;1;1;0;0;1.3;0.0;5.6;1.2;0.6;0.0;2.6;0.0;0.0;3.4;0.0;0.0;1.4;0.0;0.0;3.3;0.0;0.0;0.0;0.0;0.0;0.0;0.0;0.0;0.0;0.0;0.0;0.0;0.0;0.0;0.0;1.0;1.0;1.0;1.0;1.0;1.0;1.0;1.0;1;1.0;1;1;1;1;1;1;1.0;1.0;1;1;1;1;1;1.0;1;1;1;1;1.0;1.0;1.0;1991;7;False
1991-08-01;349000;1;1;12.8;18.6;23.0;3.0;1;1;0;0;0.0;0.0;0.0;1.9;0.0;0.0;0.0;0.0;0.0;0.0;0.0;3.9;0.0;0.0;0.0;0.0;0.0;0.0;0.0;0.0;0.0;0.0;12.8;0.0;0.0;0.0;0.0;0.0;0.0;0.0;0.0;1.0;1.0;1.0;1.0;1.0;1.0;1.0;1.0;1;1.0;1;1;1;1;1;1;1.0;1.0;1;1;1;1;1;1.0;1;1;1;1;1.0;1.0;1.0;1991;8;False
1991-08-01;349000;2;1;12.8;18.6;23.0;3.0;1;1;0;0;0.0;0.0;0.0;1.9;0.0;0.0;0.0;0.0;0.0;0.0;0.0;3.9;0.0;0.0;0.0;0.0;0.0;0.0;0.0;0.0;0.0;0.0;12.8;0.0;0.0;0.0;0.0;0.0;0.0;0.0;0.0;1.0;1.0;1.0;1.0;1.0;1.0;1.0;1.0;1;1.0;1;1;1;1;1;1;1.0;1.0;1;1;1;1;1;1.0;1;1;1;1;1.0;1.0;1.0;1991;8;False
1991-09-01;349000;1;1;17.3;38.2;23.0;5.0;1;1;0;0;0.0;0.0;0.0;6.2;0.0;0.0;0.0;0.0;0.0;0.0;0.0;0.0;0.0;0.0;0.0;0.0;1.0;6.5;0.0;0.0;0.0;7.2;17.3;0.0;0.0;0.0;0.0;0.0;0.0;0.0;;1.0;1.0;1.0;1.0;1.0;1.0;1.0;1.0;1;1.0;1;1;1;1;1;1;1.0;1.0;1;1;1;1;1;1.0;1;1;1;1;1.0;1.0;0.0;1991;9;False
1991-09-01;349000;2;1;17.3;38.2;23.0;5.0;1;1;0;0;0.0;0.0;0.0;6.2;0.0;0.0;0.0;0.0;0.0;0.0;0.0;0.0;0.0;0.0;0.0;0.0;1.0;6.5;0.0;0.0;0.0;7.2;17.3;0.0;0.0;0.0;0.0;0.0;0.0;0.0;;1.0;1.0;1.0;1.0;1.0;1.0;1.0;1.0;1;1.0;1;1;1;1;1;1;1.0;1.0;1;1;1;1;1;1.0;1;1;1;1;1.0;1.0;0.0;1991;9;False
1991-10-01;349000;1;1;23.8;66.9;18.0;9.0;1;1;0;0;0.0;0.0;0.0;0.0;0.0;0.0;0.0;0.0;0.0;18.6;0.0;1.3;10.2;0.0;0.0;0.0;0.0;23.8;0.0;0.0;0.0;0.3;0.0;5.0;0.0;0.1;0.0;7.5;0.0;0.0;0.1;1.0;1.0;1.0;1.0;1.0;1.0;1.0;1.0;1;1.0;1;1;1;1;1;1;1.0;1.0;1;1;1;1;1;1.0;1;1;1;1;1.0;1.0;1.0;1991;10;False
1991-10-01;349000;2;1;23.8;66.9;18.0;9.0;1;1;0;0;0.0;0.0;0.0;0.0;0.0;0.0;0.0;0.0;0.0;18.6;0.0;1.3;10.2;0.0;0.0;0.0;0.0;23.8;0.0;0.0;0.0;0.3;0.0;5.0;0.0;0.1;0.0;7.5;0.0;0.0;0.1;1.0;1.0;1.0;1.0;1.0;1.0;1.0;1.0;1;1.0;1;1;1;1;1;1;1.0;1.0;1;1;1;1;1;1.0;1;1;1;1;1.0;1.0;1.0;1991;10;False
1991-12-01;349000;2;1;61.4;120.0;30.0;10.0;1;1;0;0;0.0;0.0;0.0;0.0;0.0;0.0;0.0;0.0;0.0;0.0;0.0;0.0;0.0;0.0;0.0;0.0;0.0;0.2;45.4;0.0;1.2;0.1;4.9;0.2;0.0;0.4;0.0;0.0;1.6;61.4;4.6;1.0;1.0;1.0;1.0;1.0;1.0;1.0;1.0;1;1.0;1;1;1;1;1;1;1.0;1.0;1;1;1;1;1;1.0;1;1;1;1;1.0;1.0;1.0;1991;12;False
1991-12-01;349000;1;1;61.4;120.0;30.0;10.0;1;1;0;0;0.0;0.0;0.0;0.0;0.0;0.0;0.0;0.0;0.0;0.0;0.0;0.0;0.0;0.0;0.0;0.0;0.0;0.2;45.4;0.0;1.2;0.1;4.9;0.2;0.0;0.4;0.0;0.0;1.6;61.4;4.6;1.0;1.0;1.0;1.0;1.0;1.0;1.0;1.0;1;1.0;1;1;1;1;1;1;1.0;1.0;1;1;1;1;1;1.0;1;1;1;1;1.0;1.0;1.0;1991;12;False
1992-01-01;349000;1;1;78.4;239.9;24.0;18.0;1;1;0;0;0.0;2.2;0.0;20.6;0.0;0.0;0.0;0.0;49.8;0.0;0.0;2.7;0.0;0.4;0.0;0.9;0.4;0.0;30.0;0.2;10.6;1.6;15.2;78.4;12.3;0.0;11.3;1.0;2.1;0.0;0.2;1.0;1.0;1.0;1.0;1.0;1.0;1.0;1.0;1;1.0;1;1;1;1;1;1;1.0;1.0;1;1;1;1;1;1.0;1;1;1;1;1.0;1.0;1.0;1992;1;False
1992-01-01;349000;2;1;78.4;239.9;24.0;18.0;1;1;0;0;0.0;2.2;0.0;20.6;0.0;0.0;0.0;0.0;49.8;0.0;0.0;2.7;0.0;0.4;0.0;0.9;0.4;0.0;30.0;0.2;10.6;1.6;15.2;78.4;12.3;0.0;11.3;1.0;2.1;0.0;0.2;1.0;1.0;1.0;1.0;1.0;1.0;1.0;1.0;1;1.0;1;1;1;1;1;1;1.0;1.0;1;1;1;1;1;1.0;1;1;1;1;1.0;1.0;1.0;1992;1;False
1992-02-01;349000;1;1;67.9;316.2;11.0;23.0;1;1;0;0;1.0;7.3;17.4;0.0;0.0;0.0;0.0;0.5;41.8;4.2;67.9;0.0;57.7;10.8;1.2;0.0;25.6;10.4;14.2;25.7;1.5;0.7;0.7;0.5;3.8;0.5;19.3;2.0;1.5;;;1.0;1.0;1.0;1.0;1.0;1.0;1.0;1.0;1;1.0;1;1;1;1;1;1;1.0;1.0;1;1;1;1;1;1.0;1;1;1;1;1.0;0.0;0.0;1992;2;False
1992-02-01;349000;2;1;67.9;316.2;11.0;23.0;1;1;0;0;1.0;7.3;17.4;0.0;0.0;0.0;0.0;0.5;41.8;4.2;67.9;0.0;57.7;10.8;1.2;0.0;25.6;10.4;14.2;25.7;1.5;0.7;0.7;0.5;3.8;0.5;19.3;2.0;1.5;;;1.0;1.0;1.0;1.0;1.0;1.0;1.0;1.0;1;1.0;1;1;1;1;1;1;1.0;1.0;1;1;1;1;1;1.0;1;1;1;1;1.0;0.0;0.0;1992;2;False
1992-03-01;349000;2;1;82.0;449.3;22.0;29.0;1;1;0;0;15.0;1.9;1.3;3.3;0.0;0.4;2.2;13.1;4.2;54.2;12.7;1.9;0.0;0.4;37.6;1.1;42.6;66.1;2.3;2.5;0.3;82.0;14.3;18.6;40.1;3.5;7.1;0.7;0.5;16.2;3.2;1.0;1.0;1.0;1.0;1.0;1.0;1.0;1.0;1;1.0;1;1;1;1;1;1;1.0;1.0;1;1;1;1;1;1.0;1;1;1;1;1.0;1.0;1.0;1992;3;False
1992-03-01;349000;1;1;82.0;449.3;22.0;29.0;1;1;0;0;15.0;1.9;1.3;3.3;0.0;0.4;2.2;13.1;4.2;54.2;12.7;1.9;0.0;0.4;37.6;1.1;42.6;66.1;2.3;2.5;0.3;82.0;14.3;18.6;40.1;3.5;7.1;0.7;0.5;16.2;3.2;1.0;1.0;1.0;1.0;1.0;1.0;1.0;1.0;1;1.0;1;1;1;1;1;1;1.0;1.0;1;1;1;1;1;1.0;1;1;1;1;1.0;1.0;1.0;1992;3;False
1992-04-01;349000;1;1;81.5;283.0;1.0;20.0;1;1;0;0;81.5;10.1;1.6;8.5;47.9;1.9;7.4;0.7;3.4;25.3;0.0;16.7;6.9;18.6;0.1;26.3;0.0;7.9;0.7;0.0;1.8;0.0;0.0;0.0;0.0;0.0;0.0;0.0;14.2;1.5;;1.0;1.0;1.0;1.0;1.0;1.0;1.0;1.0;1;1.0;1;1;1;1;1;1;1.0;1.0;1;1;1;1;1;1.0;1;1;1;1;1.0;1.0;0.0;1992;4;False
1992-04-01;349000;2;1;81.5;283.0;1.0;20.0;1;1;0;0;81.5;10.1;1.6;8.5;47.9;1.9;7.4;0.7;3.4;25.3;0.0;16.7;6.9;18.6;0.1;26.3;0.0;7.9;0.7;0.0;1.8;0.0;0.0;0.0;0.0;0.0;0.0;0.0;14.2;1.5;;1.0;1.0;1.0;1.0;1.0;1.0;1.0;1.0;1;1.0;1;1;1;1;1;1;1.0;1.0;1;1;1;1;1;1.0;1;1;1;1;1.0;1.0;0.0;1992;4;False
1992-05-01;349000;1;1;69.2;130.1;5.0;11.0;1;1;0;0;0.8;0.0;0.7;1.3;69.2;0.0;22.3;2.2;0.0;0.0;14.3;0.0;0.0;0.0;0.0;8.4;4.7;4.7;0.0;0.0;0.0;1.5;0.0;0.0;0.0;0.0;0.0;0.0;0.0;0.0;0.0;1.0;1.0;1.0;1.0;1.0;1.0;1.0;1.0;1;1.0;1;1;1;1;1;1;1.0;1.0;1;1;1;1;1;1.0;1;1;1;1;1.0;1.0;1.0;1992;5;False
1992-05-01;349000;2;1;69.2;130.1;5.0;11.0;1;1;0;0;0.8;0.0;0.7;1.3;69.2;0.0;22.3;2.2;0.0;0.0;14.3;0.0;0.0;0.0;0.0;8.4;4.7;4.7;0.0;0.0;0.0;1.5;0.0;0.0;0.0;0.0;0.0;0.0;0.0;0.0;0.0;1.0;1.0;1.0;1.0;1.0;1.0;1.0;1.0;1;1.0;1;1;1;1;1;1;1.0;1.0;1;1;1;1;1;1.0;1;1;1;1;1.0;1.0;1.0;1992;5;False
1992-06-01;349000;2;1;11.4;30.6;30.0;10.0;1;1;0;0;0.0;0.0;4.4;0.0;1.7;0.0;0.0;2.1;0.0;0.0;0.5;0.7;0.8;2.4;5.3;0.0;0.0;0.0;0.0;0.0;0.0;0.0;0.0;0.0;0.0;0.0;0.0;1.3;0.0;11.4;;1.0;1.0;1.0;1.0;1.0;1.0;1.0;1.0;1;1.0;1;1;1;1;1;1;1.0;1.0;1;1;1;1;1;1.0;1;1;1;1;1.0;1.0;0.0;1992;6;False
1992-06-01;349000;1;1;11.4;30.6;30.0;10.0;1;1;0;0;0.0;0.0;4.4;0.0;1.7;0.0;0.0;2.1;0.0;0.0;0.5;0.7;0.8;2.4;5.3;0.0;0.0;0.0;0.0;0.0;0.0;0.0;0.0;0.0;0.0;0.0;0.0;1.3;0.0;11.4;;1.0;1.0;1.0;1.0;1.0;1.0;1.0;1.0;1;1.0;1;1;1;1;1;1;1.0;1.0;1;1;1;1;1;1.0;1;1;1;1;1.0;1.0;0.0;1992;6;False
1992-07-01;349000;1;1;10.5;36.4;1.0;8.0;1;1;0;0;10.5;0.0;0.0;8.1;0.0;0.0;0.0;0.0;0.0;1.2;0.0;0.3;0.6;6.7;0.0;2.3;0.0;6.7;0.0;0.0;0.0;0.0;0.0;0.0;0.0;0.0;0.0;0.0;0.0;0.0;0.0;1.0;1.0;1.0;1.0;1.0;1.0;1.0;1.0;1;1.0;1;1;1;1;1;1;1.0;1.0;1;1;1;1;1;1.0;1;1;1;1;1.0;1.0;1.0;1992;7;False
1992-07-01;349000;2;1;10.5;36.4;1.0;8.0;1;1;0;0;10.5;0.0;0.0;8.1;0.0;0.0;0.0;0.0;0.0;1.2;0.0;0.3;0.6;6.7;0.0;2.3;0.0;6.7;0.0;0.0;0.0;0.0;0.0;0.0;0.0;0.0;0.0;0.0;0.0;0.0;0.0;1.0;1.0;1.0;1.0;1.0;1.0;1.0;1.0;1;1.0;1;1;1;1;1;1;1.0;1.0;1;1;1;1;1;1.0;1;1;1;1;1.0;1.0;1.0;1992;7;False
1992-08-01;349000;2;1;9.3;29.7;14.0;8.0;1;1;0;0;1.0;0.0;0.0;3.0;7.9;0.0;0.0;0.0;0.0;0.0;0.0;0.0;0.5;9.3;2.2;5.4;0.0;0.0;0.0;0.4;0.0;0.0;0.0;0.0;0.0;0.0;0.0;0.0;0.0;0.0;0.0;1.0;1.0;1.0;1.0;1.0;1.0;1.0;1.0;1;1.0;1;1;1;1;1;1;1.0;1.0;1;1;1;1;1;1.0;1;1;1;1;1.0;1.0;1.0;1992;8;False
1992-08-01;349000;1;1;9.3;29.7;14.0;8.0;1;1;0;0;1.0;0.0;0.0;3.0;7.9;0.0;0.0;0.0;0.0;0.0;0.0;0.0;0.5;9.3;2.2;5.4;0.0;0.0;0.0;0.4;0.0;0.0;0.0;0.0;0.0;0.0;0.0;0.0;0.0;0.0;0.0;1.0;1.0;1.0;1.0;1.0;1.0;1.0;1.0;1;1.0;1;1;1;1;1;1;1.0;1.0;1;1;1;1;1;1.0;1;1;1;1;1.0;1.0;1.0;1992;8;False
1992-09-01;349000;2;1;8.6;24.6;18.0;7.0;1;1;0;0;0.0;0.0;0.0;0.0;0.0;0.0;0.0;0.2;1.6;0.0;6.7;3.0;0.0;0.0;0.0;0.0;0.0;8.6;0.0;0.0;0.0;4.1;0.0;0.0;0.0;0.0;0.0;0.0;0.0;0.4;;1.0;1.0;1.0;1.0;1.0;1.0;1.0;1.0;1;1.0;1;1;1;1;1;1;1.0;1.0;1;1;1;1;1;1.0;1;1;1;1;1.0;1.0;0.0;1992;9;False
1992-09-01;349000;1;1;8.6;24.6;18.0;7.0;1;1;0;0;0.0;0.0;0.0;0.0;0.0;0.0;0.0;0.2;1.6;0.0;6.7;3.0;0.0;0.0;0.0;0.0;0.0;8.6;0.0;0.0;0.0;4.1;0.0;0.0;0.0;0.0;0.0;0.0;0.0;0.4;;1.0;1.0;1.0;1.0;1.0;1.0;1.0;1.0;1;1.0;1;1;1;1;1;1;1.0;1.0;1;1;1;1;1;1.0;1;1;1;1;1.0;1.0;0.0;1992;9;False
1992-10-01;349000;1;1;;0.0;;;0;1;0;0;;;;;;;;;;;;;;;;;;;;;;;;;;;;;;;0.0;0.0;0.0;0.0;0.0;0.0;0.0;0.0;0.0;0;0.0;0;0;0;0;0;0;0.0;0.0;0;0;0;0;0;0.0;0;0;0;0;0.0;0.0;4.0;1992;10;False
1992-10-01;349000;2;1;;0.0;;;0;1;0;0;;;;;;;;;;;;;;;;;;;;;;;;;;;;;;;0.0;0.0;0.0;0.0;0.0;0.0;0.0;0.0;0.0;0;0.0;0;0;0;0;0;0;0.0;0.0;0;0;0;0;0;0.0;0;0;0;0;0.0;0.0;4.0;1992;10;False
1992-11-01;349000;1;1;72.4;80.3;24.0;5.0;1;1;0;0;0.0;0.0;0.0;0.0;0.0;0.0;4.9;2.0;0.0;0.0;0.0;0.0;0.0;0.7;0.0;0.0;0.0;0.0;0.0;0.0;0.0;0.0;0.0;72.4;0.0;0.3;0.0;0.0;0.0;0.0;;1.0;1.0;1.0;1.0;1.0;1.0;1.0;1.0;1;1.0;1;1;1;1;1;1;1.0;1.0;1;1;1;1;1;1.0;1;1;1;1;1.0;1.0;0.0;1992;11;False
1992-11-01;349000;2;1;72.4;80.3;24.0;5.0;1;1;0;0;0.0;0.0;0.0;0.0;0.0;0.0;4.9;2.0;0.0;0.0;0.0;0.0;0.0;0.7;0.0;0.0;0.0;0.0;0.0;0.0;0.0;0.0;0.0;72.4;0.0;0.3;0.0;0.0;0.0;0.0;;1.0;1.0;1.0;1.0;1.0;1.0;1.0;1.0;1;1.0;1;1;1;1;1;1;1.0;1.0;1;1;1;1;1;1.0;1;1;1;1;1.0;1.0;0.0;1992;11;False
1992-12-01;349000;1;1;87.5;215.6;8.0;18.0;1;1;0;0;2.9;3.1;0.0;2.5;1.2;0.0;18.1;87.5;0.0;0.1;0.0;1.4;0.0;15.4;60.2;1.6;0.0;0.1;0.0;0.0;0.2;0.0;5.1;1.4;10.0;0.0;0.0;0.0;0.0;2.5;2.3;1.0;1.0;1.0;1.0;1.0;1.0;1.0;1.0;1;1.0;1;1;1;1;1;1;1.0;1.0;1;1;1;1;1;1.0;1;1;1;1;1.0;1.0;1.0;1992;12;False
1992-12-01;349000;2;1;87.5;215.6;8.0;18.0;1;1;0;0;2.9;3.1;0.0;2.5;1.2;0.0;18.1;87.5;0.0;0.1;0.0;1.4;0.0;15.4;60.2;1.6;0.0;0.1;0.0;0.0;0.2;0.0;5.1;1.4;10.0;0.0;0.0;0.0;0.0;2.5;2.3;1.0;1.0;1.0;1.0;1.0;1.0;1.0;1.0;1;1.0;1;1;1;1;1;1;1.0;1.0;1;1;1;1;1;1.0;1;1;1;1;1.0;1.0;1.0;1992;12;False
1993-01-01;349000;2;1;83.6;430.8;29.0;23.0;1;1;0;0;0.8;0.0;10.3;0.0;6.2;9.7;19.6;1.0;12.8;14.6;0.0;0.2;41.7;38.1;7.5;19.9;20.0;17.8;11.9;9.6;45.5;0.0;0.0;0.0;4.0;0.0;0.0;1.4;83.6;5.3;49.3;1.0;1.0;1.0;1.0;1.0;1.0;1.0;1.0;1;1.0;1;1;1;1;1;1;1.0;1.0;1;1;1;1;1;1.0;1;1;1;1;1.0;1.0;1.0;1993;1;False
1993-01-01;349000;1;1;83.6;430.8;29.0;23.0;1;1;0;0;0.8;0.0;10.3;0.0;6.2;9.7;19.6;1.0;12.8;14.6;0.0;0.2;41.7;38.1;7.5;19.9;20.0;17.8;11.9;9.6;45.5;0.0;0.0;0.0;4.0;0.0;0.0;1.4;83.6;5.3;49.3;1.0;1.0;1.0;1.0;1.0;1.0;1.0;1.0;1;1.0;1;1;1;1;1;1;1.0;1.0;1;1;1;1;1;1.0;1;1;1;1;1.0;1.0;1.0;1993;1;False
1993-02-01;349000;2;1;70.7;374.2;15.0;26.0;1;1;0;0;0.6;0.3;1.2;21.7;3.4;15.9;2.5;12.8;0.0;0.8;1.8;29.3;1.9;29.3;70.7;3.4;49.8;2.9;2.2;16.7;4.0;10.4;0.6;3.0;0.0;46.9;26.9;15.2;;;;1.0;1.0;1.0;1.0;1.0;1.0;1.0;1.0;1;1.0;1;1;1;1;1;1;1.0;1.0;1;1;1;1;1;1.0;1;1;1;1;0.0;0.0;0.0;1993;2;False
1993-02-01;349000;1;1;70.7;374.2;15.0;26.0;1;1;0;0;0.6;0.3;1.2;21.7;3.4;15.9;2.5;12.8;0.0;0.8;1.8;29.3;1.9;29.3;70.7;3.4;49.8;2.9;2.2;16.7;4.0;10.4;0.6;3.0;0.0;46.9;26.9;15.2;;;;1.0;1.0;1.0;1.0;1.0;1.0;1.0;1.0;1;1.0;1;1;1;1;1;1;1.0;1.0;1;1;1;1;1;1.0;1;1;1;1;0.0;0.0;0.0;1993;2;False
1993-03-01;349000;1;1;62.9;307.2;19.0;27.0;1;1;0;0;18.8;0.6;0.0;8.9;11.2;10.2;19.6;9.6;6.9;7.9;7.6;5.0;0.0;10.6;6.1;7.1;0.4;20.3;62.9;7.7;16.6;0.3;0.0;13.9;35.1;0.7;0.0;1.2;5.8;3.6;8.6;1.0;1.0;1.0;1.0;1.0;1.0;1.0;1.0;1;1.0;1;1;1;1;1;1;1.0;1.0;1;1;1;1;1;1.0;1;1;1;1;1.0;1.0;1.0;1993;3;False
1993-03-01;349000;2;1;62.9;307.2;19.0;27.0;1;1;0;0;18.8;0.6;0.0;8.9;11.2;10.2;19.6;9.6;6.9;7.9;7.6;5.0;0.0;10.6;6.1;7.1;0.4;20.3;62.9;7.7;16.6;0.3;0.0;13.9;35.1;0.7;0.0;1.2;5.8;3.6;8.6;1.0;1.0;1.0;1.0;1.0;1.0;1.0;1.0;1;1.0;1;1;1;1;1;1;1.0;1.0;1;1;1;1;1;1.0;1;1;1;1;1.0;1.0;1.0;1993;3;False
1993-04-01;349000;2;1;67.4;443.4;26.0;26.0;1;1;0;0;15.7;9.6;4.8;24.6;38.1;11.4;3.9;2.9;0.0;3.6;5.4;3.4;5.4;5.7;5.6;29.2;40.4;0.0;3.7;0.0;35.5;9.4;11.7;16.5;13.3;67.4;19.6;48.8;7.8;0.0;;1.0;1.0;1.0;1.0;1.0;1.0;1.0;1.0;1;1.0;1;1;1;1;1;1;1.0;1.0;1;1;1;1;1;1.0;1;1;1;1;1.0;1.0;0.0;1993;4;False
1993-04-01;349000;1;1;67.4;443.4;26.0;26.0;1;1;0;0;15.7;9.6;4.8;24.6;38.1;11.4;3.9;2.9;0.0;3.6;5.4;3.4;5.4;5.7;5.6;29.2;40.4;0.0;3.7;0.0;35.5;9.4;11.7;16.5;13.3;67.4;19.6;48.8;7.8;0.0;;1.0;1.0;1.0;1.0;1.0;1.0;1.0;1.0;1;1.0;1;1;1;1;1;1;1.0;1.0;1;1;1;1;1;1.0;1;1;1;1;1.0;1.0;0.0;1993;4;False
1993-05-01;349000;2;1;26.5;122.7;16.0;15.0;1;1;0;0;3.8;20.9;12.1;18.3;0.3;0.0;0.0;0.0;0.0;0.0;1.7;0.0;0.0;0.0;3.3;26.5;0.0;2.4;5.0;5.5;1.9;0.5;19.4;1.1;0.0;0.0;0.0;0.0;0.0;0.0;0.0;1.0;1.0;1.0;1.0;1.0;1.0;1.0;1.0;1;1.0;1;1;1;1;1;1;1.0;1.0;1;1;1;1;1;1.0;1;1;1;1;1.0;1.0;1.0;1993;5;False
1993-05-01;349000;1;1;26.5;122.7;16.0;15.0;1;1;0;0;3.8;20.9;12.1;18.3;0.3;0.0;0.0;0.0;0.0;0.0;1.7;0.0;0.0;0.0;3.3;26.5;0.0;2.4;5.0;5.5;1.9;0.5;19.4;1.1;0.0;0.0;0.0;0.0;0.0;0.0;0.0;1.0;1.0;1.0;1.0;1.0;1.0;1.0;1.0;1;1.0;1;1;1;1;1;1;1.0;1.0;1;1;1;1;1;1.0;1;1;1;1;1.0;1.0;1.0;1993;5;False
1993-06-01;349000;1;1;11.3;22.9;30.0;6.0;1;1;0;0;0.0;0.0;0.0;3.8;0.0;0.0;0.0;0.0;0.0;0.0;0.4;0.0;0.0;0.0;0.0;0.0;0.0;0.0;0.0;0.0;0.0;3.7;0.0;0.8;0.0;0.0;2.9;0.0;0.0;11.3;;1.0;1.0;1.0;1.0;1.0;1.0;1.0;1.0;1;1.0;1;1;1;1;1;1;1.0;1.0;1;1;1;1;1;1.0;1;1;1;1;1.0;1.0;0.0;1993;6;False
1993-06-01;349000;2;1;11.3;22.9;30.0;6.0;1;1;0;0;0.0;0.0;0.0;3.8;0.0;0.0;0.0;0.0;0.0;0.0;0.4;0.0;0.0;0.0;0.0;0.0;0.0;0.0;0.0;0.0;0.0;3.7;0.0;0.8;0.0;0.0;2.9;0.0;0.0;11.3;;1.0;1.0;1.0;1.0;1.0;1.0;1.0;1.0;1;1.0;1;1;1;1;1;1;1.0;1.0;1;1;1;1;1;1.0;1;1;1;1;1.0;1.0;0.0;1993;6;False
1993-07-01;349000;2;1;0.2;0.2;26.0;;1;1;0;0;;;;;;;;;;;;;;;;;;;;;0.0;0.0;0.0;0.0;0.0;0.2;0.0;0.0;0.0;0.0;0.0;0.0;0.0;0.0;0.0;0.0;0.0;0.0;0.0;0;0.0;0;0;0;0;0;0;0.0;0.0;0;0;4;1;1;1.0;1;1;1;1;1.0;1.0;1.0;1993;7;False
1993-07-01;349000;1;1;0.2;0.2;26.0;;1;1;0;0;;;;;;;;;;;;;;;;;;;;;0.0;0.0;0.0;0.0;0.0;0.2;0.0;0.0;0.0;0.0;0.0;0.0;0.0;0.0;0.0;0.0;0.0;0.0;0.0;0;0.0;0;0;0;0;0;0;0.0;0.0;0;0;4;1;1;1.0;1;1;1;1;1.0;1.0;1.0;1993;7;False
1993-08-01;349000;2;1;11.0;25.1;30.0;9.0;1;1;0;0;0.0;0.0;0.1;0.0;0.2;0.0;0.0;0.0;0.0;0.0;0.1;2.0;0.0;1.8;4.9;0.0;0.0;0.0;0.0;0.0;0.0;4.2;0.8;0.0;0.0;0.0;0.0;0.0;0.0;11.0;0.0;1.0;1.0;1.0;1.0;1.0;1.0;1.0;1.0;1;1.0;1;1;1;1;1;1;1.0;1.0;1;1;1;1;1;1.0;1;1;1;1;1.0;1.0;1.0;1993;8;False
1993-08-01;349000;1;1;11.0;25.1;30.0;9.0;1;1;0;0;0.0;0.0;0.1;0.0;0.2;0.0;0.0;0.0;0.0;0.0;0.1;2.0;0.0;1.8;4.9;0.0;0.0;0.0;0.0;0.0;0.0;4.2;0.8;0.0;0.0;0.0;0.0;0.0;0.0;11.0;0.0;1.0;1.0;1.0;1.0;1.0;1.0;1.0;1.0;1;1.0;1;1;1;1;1;1;1.0;1.0;1;1;1;1;1;1.0;1;1;1;1;1.0;1.0;1.0;1993;8;False
1993-09-01;349000;1;1;22.9;51.3;13.0;11.0;1;1;0;0;0.0;0.0;1.4;0.0;2.1;0.0;0.0;0.0;0.0;0.0;0.0;0.2;22.9;1.7;0.6;0.0;0.0;0.0;0.0;0.0;0.0;2.2;0.0;0.0;3.6;13.6;0.0;0.0;2.4;0.6;;1.0;1.0;1.0;1.0;1.0;1.0;1.0;1.0;1;1.0;1;1;1;1;1;1;1.0;1.0;1;1;1;1;1;1.0;1;1;1;1;1.0;1.0;0.0;1993;9;False
1993-09-01;349000;2;1;22.9;51.3;13.0;11.0;1;1;0;0;0.0;0.0;1.4;0.0;2.1;0.0;0.0;0.0;0.0;0.0;0.0;0.2;22.9;1.7;0.6;0.0;0.0;0.0;0.0;0.0;0.0;2.2;0.0;0.0;3.6;13.6;0.0;0.0;2.4;0.6;;1.0;1.0;1.0;1.0;1.0;1.0;1.0;1.0;1;1.0;1;1;1;1;1;1;1.0;1.0;1;1;1;1;1;1.0;1;1;1;1;1.0;1.0;0.0;1993;9;False
1993-10-01;349000;1;1;20.3;48.1;21.0;11.0;1;1;0;0;0.0;0.0;0.0;0.0;0.0;0.0;0.0;0.0;0.6;0.0;0.8;3.1;0.0;1.1;0.0;0.4;0.0;1.3;0.0;0.0;20.3;0.0;3.7;0.0;0.0;7.4;0.0;0.0;8.6;0.0;0.8;1.0;1.0;1.0;1.0;1.0;1.0;1.0;1.0;1;1.0;1;1;1;1;1;1;1.0;1.0;1;1;1;1;1;1.0;1;1;1;1;1.0;1.0;1.0;1993;10;False
1993-10-01;349000;2;1;20.3;48.1;21.0;11.0;1;1;0;0;0.0;0.0;0.0;0.0;0.0;0.0;0.0;0.0;0.6;0.0;0.8;3.1;0.0;1.1;0.0;0.4;0.0;1.3;0.0;0.0;20.3;0.0;3.7;0.0;0.0;7.4;0.0;0.0;8.6;0.0;0.8;1.0;1.0;1.0;1.0;1.0;1.0;1.0;1.0;1;1.0;1;1;1;1;1;1;1.0;1.0;1;1;1;1;1;1.0;1;1;1;1;1.0;1.0;1.0;1993;10;False
1993-11-01;349000;1;1;99.6;229.6;22.0;18.0;1;1;0;0;3.5;0.0;0.0;0.0;0.0;2.3;0.4;0.4;1.8;4.2;1.2;0.0;9.4;1.9;1.8;32.3;0.4;0.0;0.0;35.3;0.4;99.6;30.4;0.0;0.0;0.0;0.0;2.1;2.2;0.0;;1.0;1.0;1.0;1.0;1.0;1.0;1.0;1.0;1;1.0;1;1;1;1;1;1;1.0;1.0;1;1;1;1;1;1.0;1;1;1;1;1.0;1.0;0.0;1993;11;False
1993-11-01;349000;2;1;99.6;229.6;22.0;18.0;1;1;0;0;3.5;0.0;0.0;0.0;0.0;2.3;0.4;0.4;1.8;4.2;1.2;0.0;9.4;1.9;1.8;32.3;0.4;0.0;0.0;35.3;0.4;99.6;30.4;0.0;0.0;0.0;0.0;2.1;2.2;0.0;;1.0;1.0;1.0;1.0;1.0;1.0;1.0;1.0;1;1.0;1;1;1;1;1;1;1.0;1.0;1;1;1;1;1;1.0;1;1;1;1;1.0;1.0;0.0;1993;11;False
1993-12-01;349000;2;1;81.5;241.0;14.0;23.0;1;1;0;0;0.0;0.0;0.0;18.7;3.3;1.6;21.6;0.0;0.0;0.0;0.0;2.8;5.2;81.5;3.8;0.7;2.0;0.0;8.0;18.4;2.3;1.4;2.2;23.4;3.3;32.9;1.9;2.1;0.9;2.9;0.1;1.0;1.0;1.0;1.0;1.0;1.0;1.0;1.0;1;1.0;1;1;1;1;1;1;1.0;1.0;1;1;1;1;1;1.0;1;1;1;1;1.0;1.0;1.0;1993;12;False
1993-12-01;349000;1;1;81.5;241.0;14.0;23.0;1;1;0;0;0.0;0.0;0.0;18.7;3.3;1.6;21.6;0.0;0.0;0.0;0.0;2.8;5.2;81.5;3.8;0.7;2.0;0.0;8.0;18.4;2.3;1.4;2.2;23.4;3.3;32.9;1.9;2.1;0.9;2.9;0.1;1.0;1.0;1.0;1.0;1.0;1.0;1.0;1.0;1;1.0;1;1;1;1;1;1;1.0;1.0;1;1;1;1;1;1.0;1;1;1;1;1.0;1.0;1.0;1993;12;False
1994-01-01;349000;2;1;65.4;231.1;6.0;;1;1;0;0;35.0;7.0;2.1;24.8;7.4;65.4;21.8;55.3;11.7;0.6;;;;;;;;;;;;;;;;;;;;;0.0;1.0;1.0;1.0;1.0;1.0;1.0;1.0;1.0;1;1.0;0;0;0;0;0;0;0.0;0.0;0;0;0;0;0;0.0;0;0;0;0;0.0;0.0;4.0;1994;1;False
1994-01-01;349000;1;1;65.4;231.1;6.0;;1;1;0;0;35.0;7.0;2.1;24.8;7.4;65.4;21.8;55.3;11.7;0.6;;;;;;;;;;;;;;;;;;;;;0.0;1.0;1.0;1.0;1.0;1.0;1.0;1.0;1.0;1;1.0;0;0;0;0;0;0;0.0;0.0;0;0;0;0;0;0.0;0;0;0;0;0.0;0.0;4.0;1994;1;False
1994-02-01;349000;2;1;74.2;503.6;6.0;26.0;1;1;0;0;0.6;0.0;71.1;0.6;19.8;74.2;4.5;7.4;59.6;17.4;9.8;0.7;11.5;6.9;23.8;6.2;17.6;8.8;17.5;10.6;22.5;50.8;18.0;10.3;0.0;7.2;26.0;0.2;;;;1.0;1.0;1.0;1.0;1.0;1.0;1.0;1.0;1;1.0;1;1;1;1;1;1;1.0;1.0;1;1;1;1;1;1.0;1;1;1;1;0.0;0.0;0.0;1994;2;False
1994-02-01;349000;1;1;74.2;503.6;6.0;26.0;1;1;0;0;0.6;0.0;71.1;0.6;19.8;74.2;4.5;7.4;59.6;17.4;9.8;0.7;11.5;6.9;23.8;6.2;17.6;8.8;17.5;10.6;22.5;50.8;18.0;10.3;0.0;7.2;26.0;0.2;;;;1.0;1.0;1.0;1.0;1.0;1.0;1.0;1.0;1;1.0;1;1;1;1;1;1;1.0;1.0;1;1;1;1;1;1.0;1;1;1;1;0.0;0.0;0.0;1994;2;False
1994-03-01;349000;2;1;82.2;466.0;6.0;28.0;1;1;0;0;13.9;0.0;6.5;2.0;49.8;82.2;0.0;0.0;15.2;18.7;4.9;2.8;2.4;4.9;28.3;7.4;7.5;9.6;10.4;5.8;40.8;28.8;28.0;8.1;0.3;24.8;0.9;6.2;21.8;10.8;23.2;1.0;1.0;1.0;1.0;1.0;1.0;1.0;1.0;1;1.0;1;1;1;1;1;1;1.0;1.0;1;1;1;1;1;1.0;1;1;1;1;1.0;1.0;1.0;1994;3;False
1994-03-01;349000;1;1;82.2;466.0;6.0;28.0;1;1;0;0;13.9;0.0;6.5;2.0;49.8;82.2;0.0;0.0;15.2;18.7;4.9;2.8;2.4;4.9;28.3;7.4;7.5;9.6;10.4;5.8;40.8;28.8;28.0;8.1;0.3;24.8;0.9;6.2;21.8;10.8;23.2;1.0;1.0;1.0;1.0;1.0;1.0;1.0;1.0;1;1.0;1;1;1;1;1;1;1.0;1.0;1;1;1;1;1;1.0;1;1;1;1;1.0;1.0;1.0;1994;3;False
1994-04-01;349000;1;1;36.8;273.4;5.0;27.0;1;1;0;0;2.0;8.9;4.9;11.5;36.8;16.2;0.0;0.3;34.7;3.0;5.8;0.6;0.6;7.4;7.6;2.6;0.2;3.7;33.4;18.7;21.8;1.2;4.2;2.8;0.0;0.9;6.6;0.0;4.3;32.7;;1.0;1.0;1.0;1.0;1.0;1.0;1.0;1.0;1;1.0;1;1;1;1;1;1;1.0;1.0;1;1;1;1;1;1.0;1;1;1;1;1.0;1.0;0.0;1994;4;False
1994-04-01;349000;2;1;36.8;273.4;5.0;27.0;1;1;0;0;2.0;8.9;4.9;11.5;36.8;16.2;0.0;0.3;34.7;3.0;5.8;0.6;0.6;7.4;7.6;2.6;0.2;3.7;33.4;18.7;21.8;1.2;4.2;2.8;0.0;0.9;6.6;0.0;4.3;32.7;;1.0;1.0;1.0;1.0;1.0;1.0;1.0;1.0;1;1.0;1;1;1;1;1;1;1.0;1.0;1;1;1;1;1;1.0;1;1;1;1;1.0;1.0;0.0;1994;4;False
1994-05-01;349000;1;1;56.0;426.4;16.0;23.0;1;1;0;0;4.2;18.4;38.2;34.9;3.6;1.1;0.0;0.0;0.0;5.3;0.9;42.8;33.2;23.8;13.9;56.0;12.6;22.7;0.0;3.6;49.8;20.8;0.0;1.6;0.8;0.0;0.0;0.0;10.4;26.1;1.7;1.0;1.0;1.0;1.0;1.0;1.0;1.0;1.0;1;1.0;1;1;1;1;1;1;1.0;1.0;1;1;1;1;1;1.0;1;1;1;1;1.0;1.0;1.0;1994;5;False
1994-05-01;349000;2;1;56.0;426.4;16.0;23.0;1;1;0;0;4.2;18.4;38.2;34.9;3.6;1.1;0.0;0.0;0.0;5.3;0.9;42.8;33.2;23.8;13.9;56.0;12.6;22.7;0.0;3.6;49.8;20.8;0.0;1.6;0.8;0.0;0.0;0.0;10.4;26.1;1.7;1.0;1.0;1.0;1.0;1.0;1.0;1.0;1.0;1;1.0;1;1;1;1;1;1;1.0;1.0;1;1;1;1;1;1.0;1;1;1;1;1.0;1.0;1.0;1994;5;False
1994-06-01;349000;2;1;37.7;150.4;1.0;18.0;1;1;0;0;37.7;0.0;0.0;7.1;4.8;0.0;0.0;2.6;0.0;0.7;0.0;0.7;0.0;0.0;0.2;0.0;0.0;0.0;4.5;0.4;0.0;10.4;8.9;3.4;4.3;3.4;21.0;21.7;8.3;10.3;;1.0;1.0;1.0;1.0;1.0;1.0;1.0;1.0;1;1.0;1;1;1;1;1;1;1.0;1.0;1;1;1;1;1;1.0;1;1;1;1;1.0;1.0;0.0;1994;6;False
1994-06-01;349000;1;1;37.7;150.4;1.0;18.0;1;1;0;0;37.7;0.0;0.0;7.1;4.8;0.0;0.0;2.6;0.0;0.7;0.0;0.7;0.0;0.0;0.2;0.0;0.0;0.0;4.5;0.4;0.0;10.4;8.9;3.4;4.3;3.4;21.0;21.7;8.3;10.3;;1.0;1.0;1.0;1.0;1.0;1.0;1.0;1.0;1;1.0;1;1;1;1;1;1;1.0;1.0;1;1;1;1;1;1.0;1;1;1;1;1.0;1.0;0.0;1994;6;False
1994-07-01;349000;1;1;14.8;52.6;26.0;12.0;1;1;0;0;0.0;4.0;0.4;4.1;0.0;0.0;0.0;0.0;0.0;11.0;0.7;0.4;0.0;0.0;0.0;0.0;2.0;0.0;0.0;2.1;0.6;6.7;0.0;0.0;0.0;14.8;5.8;0.0;0.0;0.0;0.0;1.0;1.0;1.0;1.0;1.0;1.0;1.0;1.0;1;1.0;1;1;1;1;1;1;1.0;1.0;1;1;1;1;1;1.0;1;1;1;1;1.0;1.0;1.0;1994;7;False
1994-07-01;349000;2;1;14.8;52.6;26.0;12.0;1;1;0;0;0.0;4.0;0.4;4.1;0.0;0.0;0.0;0.0;0.0;11.0;0.7;0.4;0.0;0.0;0.0;0.0;2.0;0.0;0.0;2.1;0.6;6.7;0.0;0.0;0.0;14.8;5.8;0.0;0.0;0.0;0.0;1.0;1.0;1.0;1.0;1.0;1.0;1.0;1.0;1;1.0;1;1;1;1;1;1;1.0;1.0;1;1;1;1;1;1.0;1;1;1;1;1.0;1.0;1.0;1994;7;False
1994-08-01;349000;1;1;49.2;84.5;25.0;7.0;1;1;0;0;0.0;0.0;0.0;2.5;8.7;0.0;0.0;0.0;8.0;0.7;0.0;0.0;0.0;0.0;0.0;0.0;0.0;0.0;0.0;0.0;0.0;0.0;0.0;0.0;49.2;11.7;3.7;0.0;0.0;0.0;0.0;1.0;1.0;1.0;1.0;1.0;1.0;1.0;1.0;1;1.0;1;1;1;1;1;1;1.0;1.0;1;1;1;1;1;1.0;1;1;1;1;1.0;1.0;1.0;1994;8;False
1994-08-01;349000;2;1;49.2;84.5;25.0;7.0;1;1;0;0;0.0;0.0;0.0;2.5;8.7;0.0;0.0;0.0;8.0;0.7;0.0;0.0;0.0;0.0;0.0;0.0;0.0;0.0;0.0;0.0;0.0;0.0;0.0;0.0;49.2;11.7;3.7;0.0;0.0;0.0;0.0;1.0;1.0;1.0;1.0;1.0;1.0;1.0;1.0;1;1.0;1;1;1;1;1;1;1.0;1.0;1;1;1;1;1;1.0;1;1;1;1;1.0;1.0;1.0;1994;8;False
1994-09-01;349000;1;1;32.5;55.7;30.0;5.0;1;1;0;0;0.0;11.4;0.0;0.0;2.1;0.0;0.0;0.0;0.0;0.0;0.0;0.0;0.0;8.6;0.0;1.1;0.0;0.0;0.0;0.0;0.0;0.0;0.0;0.0;0.0;0.0;0.0;0.0;0.0;32.5;;1.0;1.0;1.0;1.0;1.0;1.0;1.0;1.0;1;1.0;1;1;1;1;1;1;1.0;1.0;1;1;1;1;1;1.0;1;1;1;1;1.0;1.0;0.0;1994;9;False
1994-09-01;349000;2;1;32.5;55.7;30.0;5.0;1;1;0;0;0.0;11.4;0.0;0.0;2.1;0.0;0.0;0.0;0.0;0.0;0.0;0.0;0.0;8.6;0.0;1.1;0.0;0.0;0.0;0.0;0.0;0.0;0.0;0.0;0.0;0.0;0.0;0.0;0.0;32.5;;1.0;1.0;1.0;1.0;1.0;1.0;1.0;1.0;1;1.0;1;1;1;1;1;1;1.0;1.0;1;1;1;1;1;1.0;1;1;1;1;1.0;1.0;0.0;1994;9;False
1994-10-01;349000;2;1;34.5;51.9;9.0;8.0;1;1;0;0;0.7;0.0;0.0;0.0;0.0;1.4;0.0;1.1;34.5;9.3;0.0;0.0;0.0;0.0;0.0;0.0;0.6;0.2;0.0;4.1;0.0;0.0;0.0;0.0;0.0;0.0;0.0;0.0;0.0;0.0;0.0;1.0;1.0;1.0;1.0;1.0;1.0;1.0;1.0;1;1.0;1;1;1;1;1;1;1.0;1.0;1;1;1;1;1;1.0;1;1;1;1;1.0;1.0;1.0;1994;10;False
1994-10-01;349000;1;1;34.5;51.9;9.0;8.0;1;1;0;0;0.7;0.0;0.0;0.0;0.0;1.4;0.0;1.1;34.5;9.3;0.0;0.0;0.0;0.0;0.0;0.0;0.6;0.2;0.0;4.1;0.0;0.0;0.0;0.0;0.0;0.0;0.0;0.0;0.0;0.0;0.0;1.0;1.0;1.0;1.0;1.0;1.0;1.0;1.0;1;1.0;1;1;1;1;1;1;1.0;1.0;1;1;1;1;1;1.0;1;1;1;1;1.0;1.0;1.0;1994;10;False
1994-11-01;349000;1;1;16.8;32.5;25.0;6.0;1;1;0;0;0.0;0.0;0.0;0.0;0.0;0.0;8.0;0.0;0.0;0.0;0.0;0.0;0.0;0.0;0.0;0.0;0.5;0.0;0.0;0.0;0.0;0.0;0.0;0.0;16.8;0.0;0.0;2.0;4.8;0.4;;1.0;1.0;1.0;1.0;1.0;1.0;1.0;1.0;1;1.0;1;1;1;1;1;1;1.0;1.0;1;1;1;1;1;1.0;1;1;1;1;1.0;1.0;0.0;1994;11;False
1994-11-01;349000;2;1;16.8;32.5;25.0;6.0;1;1;0;0;0.0;0.0;0.0;0.0;0.0;0.0;8.0;0.0;0.0;0.0;0.0;0.0;0.0;0.0;0.0;0.0;0.5;0.0;0.0;0.0;0.0;0.0;0.0;0.0;16.8;0.0;0.0;2.0;4.8;0.4;;1.0;1.0;1.0;1.0;1.0;1.0;1.0;1.0;1;1.0;1;1;1;1;1;1;1.0;1.0;1;1;1;1;1;1.0;1;1;1;1;1.0;1.0;0.0;1994;11;False
1994-12-01;349000;1;1;68.9;145.6;26.0;11.0;1;1;0;0;0.0;0.0;0.0;0.0;0.0;0.0;8.3;0.0;0.0;0.0;0.0;0.0;0.0;0.5;11.0;0.0;2.4;0.0;0.0;0.0;0.0;0.0;23.1;25.6;0.4;68.9;3.1;0.0;1.8;0.5;0.0;1.0;1.0;1.0;1.0;1.0;1.0;1.0;1.0;1;1.0;1;1;1;1;1;1;1.0;1.0;1;1;1;1;1;1.0;1;1;1;1;1.0;1.0;1.0;1994;12;False
1994-12-01;349000;2;1;68.9;145.6;26.0;11.0;1;1;0;0;0.0;0.0;0.0;0.0;0.0;0.0;8.3;0.0;0.0;0.0;0.0;0.0;0.0;0.5;11.0;0.0;2.4;0.0;0.0;0.0;0.0;0.0;23.1;25.6;0.4;68.9;3.1;0.0;1.8;0.5;0.0;1.0;1.0;1.0;1.0;1.0;1.0;1.0;1.0;1;1.0;1;1;1;1;1;1;1.0;1.0;1;1;1;1;1;1.0;1;1;1;1;1.0;1.0;1.0;1994;12;False
1995-01-01;349000;1;1;67.2;221.0;4.0;23.0;1;1;0;0;0.0;1.5;3.6;67.2;0.6;2.2;1.4;1.0;8.3;1.7;0.0;0.0;0.2;34.3;0.0;0.4;0.0;0.0;0.0;0.0;1.4;3.1;12.3;19.6;0.9;3.9;0.8;32.7;5.8;10.0;8.1;1.0;1.0;1.0;1.0;1.0;1.0;1.0;1.0;1;1.0;1;1;1;1;1;1;1.0;1.0;1;1;1;1;1;1.0;1;1;1;1;1.0;1.0;1.0;1995;1;False
1995-01-01;349000;2;1;67.2;221.0;4.0;23.0;1;1;0;0;0.0;1.5;3.6;67.2;0.6;2.2;1.4;1.0;8.3;1.7;0.0;0.0;0.2;34.3;0.0;0.4;0.0;0.0;0.0;0.0;1.4;3.1;12.3;19.6;0.9;3.9;0.8;32.7;5.8;10.0;8.1;1.0;1.0;1.0;1.0;1.0;1.0;1.0;1.0;1;1.0;1;1;1;1;1;1;1.0;1.0;1;1;1;1;1;1.0;1;1;1;1;1.0;1.0;1.0;1995;1;False
1995-02-01;349000;1;1;118.8;401.6;9.0;24.0;1;1;0;0;0.0;15.7;41.1;3.7;7.3;0.9;7.9;16.1;118.8;0.7;2.3;7.4;7.6;19.6;52.3;33.1;2.3;3.4;0.0;16.5;0.0;4.4;2.4;2.4;26.1;3.0;0.0;6.6;;;;1.0;1.0;1.0;1.0;1.0;1.0;1.0;1.0;1;1.0;1;1;1;1;1;1;1.0;1.0;1;1;1;1;1;1.0;1;1;1;1;0.0;0.0;0.0;1995;2;False
1995-02-01;349000;2;1;118.8;401.6;9.0;24.0;1;1;0;0;0.0;15.7;41.1;3.7;7.3;0.9;7.9;16.1;118.8;0.7;2.3;7.4;7.6;19.6;52.3;33.1;2.3;3.4;0.0;16.5;0.0;4.4;2.4;2.4;26.1;3.0;0.0;6.6;;;;1.0;1.0;1.0;1.0;1.0;1.0;1.0;1.0;1;1.0;1;1;1;1;1;1;1.0;1.0;1;1;1;1;1;1.0;1;1;1;1;0.0;0.0;0.0;1995;2;False
1995-03-01;349000;2;1;77.0;345.0;14.0;26.0;1;1;0;0;0.3;0.4;6.4;6.1;2.9;1.7;0.0;0.8;17.5;0.0;10.9;3.7;1.1;77.0;8.6;0.0;0.0;76.0;5.8;5.8;0.0;6.9;1.6;17.7;48.5;0.6;6.8;19.4;1.4;0.3;16.8;1.0;1.0;1.0;1.0;1.0;1.0;1.0;1.0;1;1.0;1;1;1;1;1;1;1.0;1.0;1;1;1;1;1;1.0;1;1;1;1;1.0;1.0;1.0;1995;3;False
1995-03-01;349000;1;1;77.0;345.0;14.0;26.0;1;1;0;0;0.3;0.4;6.4;6.1;2.9;1.7;0.0;0.8;17.5;0.0;10.9;3.7;1.1;77.0;8.6;0.0;0.0;76.0;5.8;5.8;0.0;6.9;1.6;17.7;48.5;0.6;6.8;19.4;1.4;0.3;16.8;1.0;1.0;1.0;1.0;1.0;1.0;1.0;1.0;1;1.0;1;1;1;1;1;1;1.0;1.0;1;1;1;1;1;1.0;1;1;1;1;1.0;1.0;1.0;1995;3;False
1995-04-01;349000;1;1;;;;;0;0;0;0;9.6;30.4;0.0;11.7;3.9;0.7;13.3;4.5;48.1;0.4;;;;;;;;;;;;;;;;;;;;;;1.0;1.0;1.0;1.0;1.0;1.0;1.0;1.0;1;1.0;0;0;0;0;0;0;0.0;0.0;0;0;0;0;0;0.0;0;0;0;0;0.0;0.0;0.0;1995;4;False
1995-04-01;349000;2;1;;;;;0;0;0;0;9.6;30.4;0.0;11.7;3.9;0.7;13.3;4.5;48.1;0.4;;;;;;;;;;;;;;;;;;;;;;1.0;1.0;1.0;1.0;1.0;1.0;1.0;1.0;1;1.0;0;0;0;0;0;0;0.0;0.0;0;0;0;0;0;0.0;0;0;0;0;0.0;0.0;0.0;1995;4;False
1995-05-01;349000;2;1;46.5;291.8;22.0;26.0;1;1;0;0;0.0;13.5;37.1;0.0;10.2;1.0;14.1;5.3;13.1;0.8;3.1;0.7;0.0;0.0;8.4;3.8;31.4;27.3;8.7;13.5;0.2;46.5;5.8;5.7;4.7;11.5;8.7;10.3;5.5;0.9;0.0;1.0;1.0;1.0;1.0;1.0;1.0;1.0;1.0;1;1.0;1;1;1;1;1;1;1.0;1.0;1;1;1;1;1;1.0;1;1;1;1;1.0;1.0;1.0;1995;5;False
1995-05-01;349000;1;1;46.5;291.8;22.0;26.0;1;1;0;0;0.0;13.5;37.1;0.0;10.2;1.0;14.1;5.3;13.1;0.8;3.1;0.7;0.0;0.0;8.4;3.8;31.4;27.3;8.7;13.5;0.2;46.5;5.8;5.7;4.7;11.5;8.7;10.3;5.5;0.9;0.0;1.0;1.0;1.0;1.0;1.0;1.0;1.0;1.0;1;1.0;1;1;1;1;1;1;1.0;1.0;1;1;1;1;1;1.0;1;1;1;1;1.0;1.0;1.0;1995;5;False
1995-06-01;349000;1;1;16.5;33.0;23.0;4.0;1;1;0;0;0.9;0.0;0.0;0.0;11.7;0.0;0.0;0.0;0.0;0.0;0.0;0.0;0.0;0.0;0.0;0.0;0.0;0.0;0.0;0.0;0.0;0.0;16.5;0.0;0.0;0.0;0.0;3.9;0.0;0.0;;1.0;1.0;1.0;1.0;1.0;1.0;1.0;1.0;1;1.0;1;1;1;1;1;1;1.0;1.0;1;1;1;1;1;1.0;1;1;1;1;1.0;1.0;0.0;1995;6;False
1995-06-01;349000;2;1;16.5;33.0;23.0;4.0;1;1;0;0;0.9;0.0;0.0;0.0;11.7;0.0;0.0;0.0;0.0;0.0;0.0;0.0;0.0;0.0;0.0;0.0;0.0;0.0;0.0;0.0;0.0;0.0;16.5;0.0;0.0;0.0;0.0;3.9;0.0;0.0;;1.0;1.0;1.0;1.0;1.0;1.0;1.0;1.0;1;1.0;1;1;1;1;1;1;1.0;1.0;1;1;1;1;1;1.0;1;1;1;1;1.0;1.0;0.0;1995;6;False
1995-07-01;349000;1;1;14.4;39.1;5.0;4.0;1;1;0;0;0.0;0.0;0.0;0.0;14.4;14.0;0.0;0.0;0.0;0.0;0.7;10.0;0.0;0.0;0.0;0.0;0.0;0.0;0.0;0.0;0.0;0.0;0.0;0.0;0.0;0.0;0.0;0.0;0.0;0.0;0.0;1.0;1.0;1.0;1.0;1.0;1.0;1.0;1.0;1;1.0;1;1;1;1;1;1;1.0;1.0;1;1;1;1;1;1.0;1;1;1;1;1.0;1.0;1.0;1995;7;False
1995-07-01;349000;2;1;14.4;39.1;5.0;4.0;1;1;0;0;0.0;0.0;0.0;0.0;14.4;14.0;0.0;0.0;0.0;0.0;0.7;10.0;0.0;0.0;0.0;0.0;0.0;0.0;0.0;0.0;0.0;0.0;0.0;0.0;0.0;0.0;0.0;0.0;0.0;0.0;0.0;1.0;1.0;1.0;1.0;1.0;1.0;1.0;1.0;1;1.0;1;1;1;1;1;1;1.0;1.0;1;1;1;1;1;1.0;1;1;1;1;1.0;1.0;1.0;1995;7;False
1995-08-01;349000;1;1;1.4;1.4;4.0;1.0;1;1;0;0;0.0;0.0;0.0;1.4;0.0;0.0;0.0;0.0;0.0;0.0;0.0;0.0;0.0;0.0;0.0;0.0;0.0;0.0;0.0;0.0;0.0;0.0;0.0;0.0;0.0;0.0;0.0;0.0;0.0;0.0;0.0;1.0;1.0;1.0;1.0;1.0;1.0;1.0;1.0;1;1.0;1;1;1;1;1;1;1.0;1.0;1;1;1;1;1;1.0;1;1;1;1;1.0;1.0;1.0;1995;8;False
1995-08-01;349000;2;1;1.4;1.4;4.0;1.0;1;1;0;0;0.0;0.0;0.0;1.4;0.0;0.0;0.0;0.0;0.0;0.0;0.0;0.0;0.0;0.0;0.0;0.0;0.0;0.0;0.0;0.0;0.0;0.0;0.0;0.0;0.0;0.0;0.0;0.0;0.0;0.0;0.0;1.0;1.0;1.0;1.0;1.0;1.0;1.0;1.0;1;1.0;1;1;1;1;1;1;1.0;1.0;1;1;1;1;1;1.0;1;1;1;1;1.0;1.0;1.0;1995;8;False
1995-09-01;349000;1;1;4.9;8.6;5.0;3.0;1;1;0;0;0.0;0.0;1.2;2.5;4.9;0.0;0.0;0.0;0.0;0.0;0.0;0.0;0.0;0.0;0.0;0.0;0.0;0.0;0.0;0.0;0.0;0.0;0.0;0.0;0.0;0.0;0.0;0.0;0.0;0.0;;1.0;1.0;1.0;1.0;1.0;1.0;1.0;1.0;1;1.0;1;1;1;1;1;1;1.0;1.0;1;1;1;1;1;1.0;1;1;1;1;1.0;1.0;0.0;1995;9;False
1995-09-01;349000;2;1;4.9;8.6;5.0;3.0;1;1;0;0;0.0;0.0;1.2;2.5;4.9;0.0;0.0;0.0;0.0;0.0;0.0;0.0;0.0;0.0;0.0;0.0;0.0;0.0;0.0;0.0;0.0;0.0;0.0;0.0;0.0;0.0;0.0;0.0;0.0;0.0;;1.0;1.0;1.0;1.0;1.0;1.0;1.0;1.0;1;1.0;1;1;1;1;1;1;1.0;1.0;1;1;1;1;1;1.0;1;1;1;1;1.0;1.0;0.0;1995;9;False
1995-10-01;349000;1;1;30.5;82.2;6.0;8.0;1;1;0;0;0.0;0.0;0.0;0.0;0.0;30.5;0.0;0.0;0.0;0.0;0.0;0.0;3.9;0.0;0.0;0.0;0.0;0.0;0.0;0.0;0.0;4.0;1.6;11.0;9.6;0.0;0.0;18.6;0.0;0.0;3.0;1.0;1.0;1.0;1.0;1.0;1.0;1.0;1.0;1;1.0;1;1;1;1;1;1;1.0;1.0;1;1;1;1;1;1.0;1;1;1;1;1.0;1.0;1.0;1995;10;False
1995-10-01;349000;2;1;30.5;82.2;6.0;8.0;1;1;0;0;0.0;0.0;0.0;0.0;0.0;30.5;0.0;0.0;0.0;0.0;0.0;0.0;3.9;0.0;0.0;0.0;0.0;0.0;0.0;0.0;0.0;4.0;1.6;11.0;9.6;0.0;0.0;18.6;0.0;0.0;3.0;1.0;1.0;1.0;1.0;1.0;1.0;1.0;1.0;1;1.0;1;1;1;1;1;1;1.0;1.0;1;1;1;1;1;1.0;1;1;1;1;1.0;1.0;1.0;1995;10;False
1995-11-01;349000;1;1;63.6;242.1;16.0;15.0;1;1;0;0;13.9;4.8;0.0;0.0;0.0;10.6;0.0;0.0;0.0;0.0;0.0;0.0;0.0;0.0;0.5;63.6;18.8;10.4;1.0;0.0;0.0;0.0;7.6;0.0;13.6;4.8;1.1;10.6;56.2;24.6;;1.0;1.0;1.0;1.0;1.0;1.0;1.0;1.0;1;1.0;1;1;1;1;1;1;1.0;1.0;1;1;1;1;1;1.0;1;1;1;1;1.0;1.0;0.0;1995;11;False
1995-11-01;349000;2;1;63.6;242.1;16.0;15.0;1;1;0;0;13.9;4.8;0.0;0.0;0.0;10.6;0.0;0.0;0.0;0.0;0.0;0.0;0.0;0.0;0.5;63.6;18.8;10.4;1.0;0.0;0.0;0.0;7.6;0.0;13.6;4.8;1.1;10.6;56.2;24.6;;1.0;1.0;1.0;1.0;1.0;1.0;1.0;1.0;1;1.0;1;1;1;1;1;1;1.0;1.0;1;1;1;1;1;1.0;1;1;1;1;1.0;1.0;0.0;1995;11;False
1995-12-01;349000;2;1;54.3;181.7;26.0;15.0;1;1;0;0;16.2;0.0;5.0;0.0;0.0;0.0;0.0;0.0;5.2;0.0;0.0;0.0;0.0;0.0;0.0;0.7;0.0;0.0;0.0;19.3;6.0;14.3;0.2;0.0;0.8;54.3;2.2;4.6;8.7;27.5;16.7;1.0;1.0;1.0;1.0;1.0;1.0;1.0;1.0;1;1.0;1;1;1;1;1;1;1.0;1.0;1;1;1;1;1;1.0;1;1;1;1;1.0;1.0;1.0;1995;12;False
1995-12-01;349000;1;1;54.3;181.7;26.0;15.0;1;1;0;0;16.2;0.0;5.0;0.0;0.0;0.0;0.0;0.0;5.2;0.0;0.0;0.0;0.0;0.0;0.0;0.7;0.0;0.0;0.0;19.3;6.0;14.3;0.2;0.0;0.8;54.3;2.2;4.6;8.7;27.5;16.7;1.0;1.0;1.0;1.0;1.0;1.0;1.0;1.0;1;1.0;1;1;1;1;1;1;1.0;1.0;1;1;1;1;1;1.0;1;1;1;1;1.0;1.0;1.0;1995;12;False
1996-01-01;349000;1;1;68.0;337.3;20.0;;1;1;0;0;49.6;0.0;0.2;;;0.0;9.6;15.6;7.8;36.0;3.6;9.5;7.5;49.2;24.6;0.0;0.0;0.0;8.2;68.0;21.6;0.0;6.1;0.0;0.0;0.0;0.6;2.0;0.4;2.6;14.6;1.0;1.0;1.0;0.0;0.0;4.0;1.0;1.0;1;1.0;1;1;1;1;1;1;1.0;1.0;1;1;1;1;1;1.0;1;1;1;1;1.0;1.0;1.0;1996;1;False
1996-01-01;349000;2;1;68.0;337.3;20.0;;1;1;0;0;49.6;0.0;0.2;;;;9.6;15.6;7.8;36.0;3.6;9.5;7.5;49.2;24.6;0.0;0.0;0.0;8.2;68.0;21.6;0.0;6.1;0.0;0.0;0.0;0.6;2.0;0.4;2.6;14.6;1.0;1.0;1.0;0.0;0.0;0.0;4.0;1.0;1;1.0;1;1;1;1;1;1;1.0;1.0;1;1;1;1;1;1.0;1;1;1;1;1.0;1.0;1.0;1996;1;False
1996-02-01;349000;1;1;81.6;569.1;22.0;24.0;1;1;0;0;12.7;27.6;14.1;23.1;36.8;0.0;2.9;23.4;0.0;56.1;4.3;3.8;10.2;28.5;29.1;24.3;40.7;24.7;10.6;0.6;44.5;81.6;0.0;0.0;0.0;34.4;19.5;15.3;0.3;;;1.0;1.0;1.0;1.0;1.0;1.0;1.0;1.0;1;1.0;1;1;1;1;1;1;1.0;1.0;1;1;1;1;1;1.0;1;1;1;1;1.0;0.0;0.0;1996;2;False
1996-02-01;349000;2;1;81.6;569.1;22.0;24.0;1;1;0;0;12.7;27.6;14.1;23.1;36.8;0.0;2.9;23.4;0.0;56.1;4.3;3.8;10.2;28.5;29.1;24.3;40.7;24.7;10.6;0.6;44.5;81.6;0.0;0.0;0.0;34.4;19.5;15.3;0.3;;;1.0;1.0;1.0;1.0;1.0;1.0;1.0;1.0;1;1.0;1;1;1;1;1;1;1.0;1.0;1;1;1;1;1;1.0;1;1;1;1;1.0;0.0;0.0;1996;2;False
1996-03-01;349000;2;1;49.2;313.4;22.0;25.0;1;1;0;0;0.0;23.2;5.2;3.3;13.8;25.4;18.1;0.7;0.0;17.9;0.7;1.4;2.3;10.2;0.0;20.3;39.0;0.2;0.0;0.4;2.7;49.2;20.3;0.0;10.6;23.3;22.6;1.5;0.2;0.0;0.9;1.0;1.0;1.0;1.0;1.0;1.0;1.0;1.0;1;1.0;1;1;1;1;1;1;1.0;1.0;1;1;1;1;1;1.0;1;1;1;1;1.0;1.0;1.0;1996;3;False
1996-03-01;349000;1;1;49.2;313.4;22.0;25.0;1;1;0;0;0.0;23.2;5.2;3.3;13.8;25.4;18.1;0.7;0.0;17.9;0.7;1.4;2.3;10.2;0.0;20.3;39.0;0.2;0.0;0.4;2.7;49.2;20.3;0.0;10.6;23.3;22.6;1.5;0.2;0.0;0.9;1.0;1.0;1.0;1.0;1.0;1.0;1.0;1.0;1;1.0;1;1;1;1;1;1;1.0;1.0;1;1;1;1;1;1.0;1;1;1;1;1.0;1.0;1.0;1996;3;False
1996-04-01;349000;1;1;75.4;422.3;17.0;28.0;1;1;0;0;15.9;1.1;2.6;1.7;0.3;0.0;3.0;1.7;56.4;18.8;22.0;2.7;63.0;15.8;2.7;24.1;75.4;6.2;2.0;1.0;11.0;2.2;3.0;4.9;6.7;48.1;20.1;4.6;0.0;5.3;;1.0;1.0;1.0;1.0;1.0;1.0;1.0;1.0;1;1.0;1;1;1;1;1;1;1.0;1.0;1;1;1;1;1;1.0;1;1;1;1;1.0;1.0;0.0;1996;4;False
1996-04-01;349000;2;1;75.4;422.3;17.0;28.0;1;1;0;0;15.9;1.1;2.6;1.7;0.3;0.0;3.0;1.7;56.4;18.8;22.0;2.7;63.0;15.8;2.7;24.1;75.4;6.2;2.0;1.0;11.0;2.2;3.0;4.9;6.7;48.1;20.1;4.6;0.0;5.3;;1.0;1.0;1.0;1.0;1.0;1.0;1.0;1.0;1;1.0;1;1;1;1;1;1;1.0;1.0;1;1;1;1;1;1.0;1;1;1;1;1.0;1.0;0.0;1996;4;False
1996-05-01;349000;1;1;76.6;284.0;26.0;17.0;1;1;0;0;23.1;17.2;4.5;0.0;0.4;16.0;40.3;0.4;15.4;0.6;0.0;32.4;16.6;0.0;0.0;0.0;0.0;11.0;0.9;0.0;0.0;0.0;0.0;0.0;0.0;76.6;8.3;19.5;0.0;0.8;0.0;1.0;1.0;1.0;1.0;1.0;1.0;1.0;1.0;1;1.0;1;1;1;1;1;1;1.0;1.0;1;1;1;1;1;1.0;1;1;1;1;1.0;1.0;1.0;1996;5;False
1996-05-01;349000;2;1;76.6;284.0;26.0;17.0;1;1;0;0;23.1;17.2;4.5;0.0;0.4;16.0;40.3;0.4;15.4;0.6;0.0;32.4;16.6;0.0;0.0;0.0;0.0;11.0;0.9;0.0;0.0;0.0;0.0;0.0;0.0;76.6;8.3;19.5;0.0;0.8;0.0;1.0;1.0;1.0;1.0;1.0;1.0;1.0;1.0;1;1.0;1;1;1;1;1;1;1.0;1.0;1;1;1;1;1;1.0;1;1;1;1;1.0;1.0;1.0;1996;5;False
1996-06-01;349000;1;1;5.0;5.6;21.0;2.0;1;1;0;0;0.6;0.0;0.0;0.0;0.0;0.0;0.0;0.0;0.0;0.0;0.0;0.0;0.0;0.0;0.0;0.0;0.0;0.0;0.0;0.0;5.0;0.0;0.0;0.0;0.0;0.0;0.0;0.0;0.0;0.0;;1.0;1.0;1.0;1.0;1.0;1.0;1.0;1.0;1;1.0;1;1;1;1;1;1;1.0;1.0;1;1;1;1;1;1.0;1;1;1;1;1.0;1.0;0.0;1996;6;False
1996-06-01;349000;2;1;5.0;5.6;21.0;2.0;1;1;0;0;0.6;0.0;0.0;0.0;0.0;0.0;0.0;0.0;0.0;0.0;0.0;0.0;0.0;0.0;0.0;0.0;0.0;0.0;0.0;0.0;5.0;0.0;0.0;0.0;0.0;0.0;0.0;0.0;0.0;0.0;;1.0;1.0;1.0;1.0;1.0;1.0;1.0;1.0;1;1.0;1;1;1;1;1;1;1.0;1.0;1;1;1;1;1;1.0;1;1;1;1;1.0;1.0;0.0;1996;6;False
1996-07-01;349000;1;1;;;;;0;0;0;0;0.0;0.0;0.0;0.0;0.0;0.0;0.0;0.0;0.0;0.0;;;;;;;;;;;;;;;;;;;;;;1.0;1.0;1.0;1.0;1.0;1.0;1.0;1.0;1;1.0;0;0;0;0;0;0;0.0;0.0;0;0;0;0;0;0.0;0;0;0;0;0.0;0.0;0.0;1996;7;False
1996-07-01;349000;2;1;;;;;0;0;0;0;0.0;0.0;0.0;0.0;0.0;0.0;0.0;0.0;0.0;0.0;;;;;;;;;;;;;;;;;;;;;;1.0;1.0;1.0;1.0;1.0;1.0;1.0;1.0;1;1.0;0;0;0;0;0;0;0.0;0.0;0;0;0;0;0;0.0;0;0;0;0;0.0;0.0;0.0;1996;7;False
1996-08-01;;;;;;;;;;;;0.0;0.0;11.3;0.0;0.0;3.6;0.0;0.0;0.0;0.0;0.0;0.0;0.0;3.5;6.4;0.0;0.0;0.0;0.0;0.0;0.0;0.0;0.0;0.0;0.0;0.0;0.0;0.0;0.0;0.0;0.0;;;;;;;;;;;;;;;;;;;;;;;;;;;;;;;;1996;8;True
1996-08-01;;;;;;;;;;;;;;;;;;;;;;;;;;;;;;;;;;;;;;;;;;;;;;;;;;;;;;;;;;;;;;;;;;;;;;;;;;1996;8;False
1996-09-01;;;;;;;;;;;;;;;;;;;;;;;;;;;;;;;;;;;;;;;;;;;;;;;;;;;;;;;;;;;;;;;;;;;;;;;;;;1996;9;False
1996-09-01;;;;;;;;;;;;0.0;1.2;1.4;0.0;1.2;0.0;0.0;0.0;0.0;0.0;0.0;0.0;0.0;0.0;0.0;0.0;0.0;0.1;0.2;0.0;0.0;0.0;0.6;0.0;0.0;13.6;3.8;0.2;0.2;0.0;;;;;;;;;;;;;;;;;;;;;;;;;;;;;;;;;1996;9;True
1996-10-01;;;;;;;;;;;;0.0;0.0;0.0;0.0;0.0;0.0;0.0;0.0;1.6;0.0;7.4;0.0;0.0;0.0;0.0;0.0;0.0;0.2;0.0;0.0;0.0;0.0;0.0;0.0;0.0;2.0;0.0;0.2;0.0;1.4;0.0;;;;;;;;;;;;;;;;;;;;;;;;;;;;;;;;1996;10;True
1996-10-01;;;;;;;;;;;;;;;;;;;;;;;;;;;;;;;;;;;;;;;;;;;;;;;;;;;;;;;;;;;;;;;;;;;;;;;;;;1996;10;False
1996-11-01;;;;;;;;;;;;;;;;;;;;;;;;;;;;;;;;;;;;;;;;;;;;;;;;;;;;;;;;;;;;;;;;;;;;;;;;;;1996;11;False
1996-11-01;;;;;;;;;;;;0.0;0.0;5.3;28.0;0.0;0.0;0.0;0.0;0.0;0.0;1.6;0.0;0.0;42.0;9.8;0.0;81.2;20.2;0.0;0.0;0.0;0.0;30.4;0.0;1.4;0.0;0.0;0.0;0.0;0.0;;;;;;;;;;;;;;;;;;;;;;;;;;;;;;;;;1996;11;True
1996-12-01;;;;;;;;;;;;;;;;;;;;;;;;;;;;;;;;;;;;;;;;;;;;;;;;;;;;;;;;;;;;;;;;;;;;;;;;;;1996;12;False
1996-12-01;;;;;;;;;;;;0.0;0.0;0.8;0.0;7.2;3.0;8.3;0.0;0.0;0.0;8.1;0.0;2.2;0.0;0.0;2.6;13.9;49.3;0.0;9.1;0.0;84.3;0.0;0.0;0.0;0.0;0.2;28.7;0.2;83.0;0.0;;;;;;;;;;;;;;;;;;;;;;;;;;;;;;;;1996;12;True
1997-01-01;;;;;;;;;;;;;;;;;;;;;;;;;;;;;;;;;;;;;;;;;;;;;;;;;;;;;;;;;;;;;;;;;;;;;;;;;;1997;1;False
1997-01-01;;;;;;;;;;;;0.0;2.8;1.2;20.7;7.4;0.0;0.7;0.0;4.9;0.0;5.2;149.5;0.0;0.0;0.0;21.5;57.7;7.4;23.8;38.0;0.0;6.9;6.1;5.4;24.3;73.0;11.3;0.0;2.6;4.3;32.2;;;;;;;;;;;;;;;;;;;;;;;;;;;;;;;;1997;1;True
1997-02-01;;;;;;;;;;;;1.0;0.8;12.1;0.0;6.6;43.9;6.8;0.0;0.0;21.2;20.1;26.2;0.0;6.6;6.4;2.3;104.9;43.1;14.2;38.0;7.3;1.6;3.0;0.0;0.0;26.3;1.3;21.2;;;;;;;;;;;;;;;;;;;;;;;;;;;;;;;;;;;1997;2;True
1997-02-01;;;;;;;;;;;;;;;;;;;;;;;;;;;;;;;;;;;;;;;;;;;;;;;;;;;;;;;;;;;;;;;;;;;;;;;;;;1997;2;False
1997-03-01;;;;;;;;;;;;0.0;27.0;0.0;0.2;20.1;35.8;1.5;9.8;22.1;10.0;0.9;1.6;15.7;6.1;29.4;20.3;7.5;16.5;18.9;44.6;1.8;14.0;14.3;9.0;2.2;1.6;23.4;0.5;8.7;0.0;5.8;;;;;;;;;;;;;;;;;;;;;;;;;;;;;;;;1997;3;True
1997-03-01;;;;;;;;;;;;;;;;;;;;;;;;;;;;;;;;;;;;;;;;;;;;;;;;;;;;;;;;;;;;;;;;;;;;;;;;;;1997;3;False
1997-04-01;;;;;;;;;;;;13.4;27.4;36.0;0.8;4.4;12.4;0.0;9.6;3.4;0.0;13.8;20.2;9.0;48.2;23.8;0.0;75.4;0.0;62.9;0.0;7.8;7.4;3.0;21.7;9.8;11.8;20.1;0.0;4.5;6.4;;;;;;;;;;;;;;;;;;;;;;;;;;;;;;;;;1997;4;True
1997-04-01;;;;;;;;;;;;;;;;;;;;;;;;;;;;;;;;;;;;;;;;;;;;;;;;;;;;;;;;;;;;;;;;;;;;;;;;;;1997;4;False
1997-05-01;;;;;;;;;;;;0.0;41.6;2.6;1.1;0.0;3.6;24.4;0.0;5.7;0.0;14.3;4.6;0.0;81.8;8.4;56.0;2.1;0.0;0.0;2.4;27.3;20.8;19.4;63.6;0.6;0.0;0.0;4.7;0.0;11.6;0.5;;;;;;;;;;;;;;;;;;;;;;;;;;;;;;;;1997;5;True
1997-05-01;;;;;;;;;;;;;;;;;;;;;;;;;;;;;;;;;;;;;;;;;;;;;;;;;;;;;;;;;;;;;;;;;;;;;;;;;;1997;5;False
1997-06-01;;;;;;;;;;;;37.7;0.0;0.0;7.1;0.0;0.0;17.9;0.7;9.0;18.0;2.3;0.0;0.0;0.0;6.4;0.0;0.0;0.0;0.0;0.0;2.4;0.0;0.0;0.4;0.0;3.4;21.0;2.3;0.0;0.0;;;;;;;;;;;;;;;;;;;;;;;;;;;;;;;;;1997;6;True
1997-06-01;;;;;;;;;;;;;;;;;;;;;;;;;;;;;;;;;;;;;;;;;;;;;;;;;;;;;;;;;;;;;;;;;;;;;;;;;;1997;6;False
1997-07-01;;;;;;;;;;;;0.8;0.0;0.0;0.0;0.0;0.0;0.0;0.0;0.0;1.2;28.8;0.0;0.0;8.0;0.0;0.0;0.0;0.0;0.4;0.0;13.5;0.0;0.0;0.0;0.0;0.0;0.0;0.0;0.0;0.0;0.0;;;;;;;;;;;;;;;;;;;;;;;;;;;;;;;;1997;7;True
1997-07-01;;;;;;;;;;;;;;;;;;;;;;;;;;;;;;;;;;;;;;;;;;;;;;;;;;;;;;;;;;;;;;;;;;;;;;;;;;1997;7;False
1997-08-01;;;;;;;;;;;;;;;;;;;;;;;;;;;;;;;;;;;;;;;;;;;;;;;;;;;;;;;;;;;;;;;;;;;;;;;;;;1997;8;False
1997-08-01;;;;;;;;;;;;1.0;7.2;0.0;0.0;0.0;0.0;0.0;0.0;0.0;0.0;0.0;6.2;0.0;0.0;0.0;0.0;0.0;0.0;0.0;4.2;0.0;0.0;0.0;0.0;0.0;0.0;0.0;0.0;0.0;0.2;5.6;;;;;;;;;;;;;;;;;;;;;;;;;;;;;;;;1997;8;True
1997-09-01;;;;;;;;;;;;;;;;;;;;;;;;;;;;;;;;;;;;;;;;;;;;;;;;;;;;;;;;;;;;;;;;;;;;;;;;;;1997;9;False
1997-09-01;;;;;;;;;;;;0.0;4.7;0.0;0.0;0.0;0.0;0.2;14.5;0.0;0.0;0.0;0.0;0.0;3.6;2.0;0.0;13.7;0.0;0.0;3.6;0.0;0.0;2.3;0.0;0.0;0.0;0.0;0.0;0.0;0.4;;;;;;;;;;;;;;;;;;;;;;;;;;;;;;;;;1997;9;True
1997-10-01;;;;;;;;;;;;;;;;;;;;;;;;;;;;;;;;;;;;;;;;;;;;;;;;;;;;;;;;;;;;;;;;;;;;;;;;;;1997;10;False
1997-10-01;;;;;;;;;;;;0.0;0.0;0.0;0.0;0.0;0.0;2.0;0.2;0.0;0.0;0.0;0.0;0.0;2.2;0.0;18.4;0.0;0.0;0.0;0.0;3.9;0.0;0.0;0.0;0.0;0.0;0.0;0.0;0.0;0.0;0.0;;;;;;;;;;;;;;;;;;;;;;;;;;;;;;;;1997;10;True
1997-11-01;;;;;;;;;;;;0.0;0.0;40.2;0.0;0.0;0.6;0.0;0.0;0.6;2.8;30.0;0.0;0.0;0.0;0.0;0.8;81.2;0.0;0.0;0.8;4.0;0.0;0.0;0.0;18.8;0.4;38.0;0.0;0.6;0.0;;;;;;;;;;;;;;;;;;;;;;;;;;;;;;;;;1997;11;True
1997-11-01;;;;;;;;;;;;;;;;;;;;;;;;;;;;;;;;;;;;;;;;;;;;;;;;;;;;;;;;;;;;;;;;;;;;;;;;;;1997;11;False
1997-12-01;;;;;;;;;;;;2.9;1.8;5.0;23.0;0.6;2.8;0.0;3.5;0.0;2.6;0.0;3.5;19.6;25.6;2.2;0.0;0.7;0.0;5.9;0.0;46.6;0.0;27.0;35.2;0.0;10.8;0.2;0.0;0.0;0.0;13.9;;;;;;;;;;;;;;;;;;;;;;;;;;;;;;;;1997;12;True
1997-12-01;;;;;;;;;;;;;;;;;;;;;;;;;;;;;;;;;;;;;;;;;;;;;;;;;;;;;;;;;;;;;;;;;;;;;;;;;;1997;12;False
1998-01-01;;;;;;;;;;;;9.7;0.0;1.7;20.7;0.0;5.7;8.2;9.4;0.5;19.7;74.6;0.0;7.5;14.8;0.0;0.0;0.0;0.2;0.4;57.0;45.5;5.4;9.0;3.0;3.2;0.0;2.0;18.8;31.6;2.6;49.3;;;;;;;;;;;;;;;;;;;;;;;;;;;;;;;;1998;1;True
1998-01-01;;;;;;;;;;;;;;;;;;;;;;;;;;;;;;;;;;;;;;;;;;;;;;;;;;;;;;;;;;;;;;;;;;;;;;;;;;1998;1;False
1998-02-01;;;;;;;;;;;;;;;;;;;;;;;;;;;;;;;;;;;;;;;;;;;;;;;;;;;;;;;;;;;;;;;;;;;;;;;;;;1998;2;False
1998-02-01;;;;;;;;;;;;33.7;94.9;3.9;0.0;11.0;5.0;0.0;0.0;18.4;1.0;23.4;29.3;2.3;10.8;0.4;0.0;16.2;22.7;55.0;0.0;0.0;46.7;30.2;0.0;1.0;0.0;0.2;18.6;;;;;;;;;;;;;;;;;;;;;;;;;;;;;;;;;;;1998;2;True
1998-03-01;;;;;;;;;;;;;;;;;;;;;;;;;;;;;;;;;;;;;;;;;;;;;;;;;;;;;;;;;;;;;;;;;;;;;;;;;;1998;3;False
1998-03-01;;;;;;;;;;;;18.8;4.8;13.3;0.8;9.8;35.8;17.2;10.6;10.0;0.3;37.0;1.9;10.0;8.4;2.8;0.0;5.4;42.5;0.6;0.4;7.6;62.4;12.2;2.1;0.6;11.8;8.1;55.4;21.8;11.3;8.6;;;;;;;;;;;;;;;;;;;;;;;;;;;;;;;;1998;3;True
1998-04-01;;;;;;;;;;;;34.6;0.0;0.0;17.5;36.5;43.5;0.7;3.3;0.0;4.4;28.9;0.1;25.4;0.2;6.3;37.9;6.6;5.4;4.7;6.2;1.8;20.9;0.5;1.7;49.7;31.5;3.3;8.4;0.0;0.0;;;;;;;;;;;;;;;;;;;;;;;;;;;;;;;;;1998;4;True
1998-04-01;;;;;;;;;;;;;;;;;;;;;;;;;;;;;;;;;;;;;;;;;;;;;;;;;;;;;;;;;;;;;;;;;;;;;;;;;;1998;4;False
1998-05-01;;;;;;;;;;;;11.8;0.2;6.2;20.0;29.7;56.2;24.8;8.3;0.0;5.3;0.0;0.5;0.0;0.0;5.0;0.0;12.6;2.4;5.9;17.2;1.8;0.4;19.3;0.0;2.7;0.0;8.3;0.0;0.0;33.3;0.0;;;;;;;;;;;;;;;;;;;;;;;;;;;;;;;;1998;5;True
1998-05-01;;;;;;;;;;;;;;;;;;;;;;;;;;;;;;;;;;;;;;;;;;;;;;;;;;;;;;;;;;;;;;;;;;;;;;;;;;1998;5;False
1998-06-01;;;;;;;;;;;;;;;;;;;;;;;;;;;;;;;;;;;;;;;;;;;;;;;;;;;;;;;;;;;;;;;;;;;;;;;;;;1998;6;False
1998-06-01;;;;;;;;;;;;0.8;20.3;0.0;1.0;2.0;0.4;0.0;0.0;0.0;0.0;0.0;0.0;5.5;0.0;0.0;0.0;0.0;0.0;0.0;0.0;0.0;0.0;0.0;0.0;0.0;0.0;0.0;12.2;0.0;8.6;;;;;;;;;;;;;;;;;;;;;;;;;;;;;;;;;1998;6;True
1998-07-01;;;;;;;;;;;;0.0;0.0;2.2;0.0;0.0;0.0;0.0;0.0;0.0;6.3;0.0;1.8;0.6;0.0;0.0;0.0;16.8;6.7;0.0;0.0;0.0;0.0;0.0;0.0;0.0;0.0;0.0;0.0;0.0;0.0;0.0;;;;;;;;;;;;;;;;;;;;;;;;;;;;;;;;1998;7;True
1998-07-01;;;;;;;;;;;;;;;;;;;;;;;;;;;;;;;;;;;;;;;;;;;;;;;;;;;;;;;;;;;;;;;;;;;;;;;;;;1998;7;False
1998-08-01;;;;;;;;;;;;0.0;0.0;16.0;0.0;0.0;0.0;0.0;2.5;0.0;0.0;0.0;0.1;0.0;1.2;0.0;0.0;0.0;0.0;0.0;0.0;0.0;0.0;0.0;0.0;0.0;0.0;0.0;0.0;0.0;0.2;2.6;;;;;;;;;;;;;;;;;;;;;;;;;;;;;;;;1998;8;True
1998-08-01;;;;;;;;;;;;;;;;;;;;;;;;;;;;;;;;;;;;;;;;;;;;;;;;;;;;;;;;;;;;;;;;;;;;;;;;;;1998;8;False
1998-09-01;;;;;;;;;;;;;;;;;;;;;;;;;;;;;;;;;;;;;;;;;;;;;;;;;;;;;;;;;;;;;;;;;;;;;;;;;;1998;9;False
1998-09-01;;;;;;;;;;;;0.0;0.0;0.0;0.0;0.0;0.0;0.0;0.0;0.0;0.5;0.0;24.9;0.0;0.4;0.3;0.0;0.0;22.9;0.0;3.4;0.0;0.0;0.0;0.0;0.0;0.0;0.0;0.0;0.0;0.0;;;;;;;;;;;;;;;;;;;;;;;;;;;;;;;;;1998;9;True
1998-10-01;;;;;;;;;;;;0.0;1.6;0.0;0.0;0.0;0.0;5.8;0.0;0.0;0.0;0.0;1.3;0.0;0.0;0.0;0.4;0.0;1.4;0.0;0.5;0.0;0.0;0.0;0.0;0.0;0.0;0.0;0.0;0.0;0.0;0.0;;;;;;;;;;;;;;;;;;;;;;;;;;;;;;;;1998;10;True
1998-10-01;;;;;;;;;;;;;;;;;;;;;;;;;;;;;;;;;;;;;;;;;;;;;;;;;;;;;;;;;;;;;;;;;;;;;;;;;;1998;10;False
1998-11-01;;;;;;;;;;;;0.0;0.0;0.0;0.0;0.0;0.3;0.0;0.0;0.0;63.8;0.0;0.0;0.0;42.0;0.0;9.1;0.0;0.0;0.0;0.0;0.0;4.0;0.0;0.0;0.0;0.6;0.0;0.0;0.0;0.0;;;;;;;;;;;;;;;;;;;;;;;;;;;;;;;;;1998;11;True
1998-11-01;;;;;;;;;;;;;;;;;;;;;;;;;;;;;;;;;;;;;;;;;;;;;;;;;;;;;;;;;;;;;;;;;;;;;;;;;;1998;11;False
1998-12-01;;;;;;;;;;;;;;;;;;;;;;;;;;;;;;;;;;;;;;;;;;;;;;;;;;;;;;;;;;;;;;;;;;;;;;;;;;1998;12;False
1998-12-01;;;;;;;;;;;;0.6;0.0;0.1;0.0;0.0;0.0;0.1;0.0;5.0;3.2;4.4;0.4;15.4;0.2;0.0;0.0;4.4;2.6;5.9;9.1;0.7;0.0;5.8;0.2;3.3;0.1;1.9;2.3;0.0;0.4;2.1;;;;;;;;;;;;;;;;;;;;;;;;;;;;;;;;1998;12;True
1999-01-01;;;;;;;;;;;;70.8;40.4;0.2;0.0;0.0;0.0;0.0;10.4;0.0;14.6;0.0;6.4;0.0;0.4;14.4;94.4;12.9;18.6;25.0;0.0;0.2;3.3;9.0;30.3;24.3;0.4;0.0;0.0;1.1;15.9;3.0;;;;;;;;;;;;;;;;;;;;;;;;;;;;;;;;1999;1;True
1999-01-01;;;;;;;;;;;;;;;;;;;;;;;;;;;;;;;;;;;;;;;;;;;;;;;;;;;;;;;;;;;;;;;;;;;;;;;;;;1999;1;False
1999-02-01;349000;1;1;45.2;307.1;14.0;;1;1;0;0;;;;;;;;;1.5;10.0;3.2;16.6;0.0;45.2;2.4;7.4;20.2;3.1;10.4;42.2;1.0;1.4;30.6;38.1;2.4;38.4;9.2;23.8;;;;;;;;;;;;4;1.0;1;1;1;1;1;1;1.0;1.0;1;1;1;1;1;1.0;1;1;1;1;;;;1999;2;False
1999-03-01;349000;1;1;92.3;556.0;17.0;30.0;1;1;1;0;8.3;72.4;7.8;0.4;10.6;13.0;19.0;0.3;15.2;22.6;2.1;6.2;0.8;41.6;0.0;30.9;92.3;1.2;16.0;1.1;0.6;15.2;28.5;2.1;6.5;3.7;42.4;0.2;31.5;13.7;49.8;1.0;1.0;1.0;1.0;1.0;1.0;1.0;1.0;1;1.0;1;1;1;1;1;1;1.0;1.0;1;1;1;1;1;1.0;1;1;1;1;1.0;1.0;1.0;1999;3;False
1999-04-01;349000;1;1;85.6;551.5;28.0;28.0;1;1;1;0;3.6;0.0;41.6;44.4;33.9;1.8;36.0;41.5;2.6;5.1;51.4;9.9;13.7;2.3;18.0;9.1;6.6;12.1;8.0;2.8;2.9;5.5;0.6;22.3;60.9;11.8;14.8;85.6;2.7;0.0;;1.0;1.0;1.0;1.0;1.0;1.0;1.0;1.0;1;1.0;1;1;1;1;1;1;1.0;1.0;1;1;1;1;1;1.0;1;1;1;1;1.0;1.0;;1999;4;False
1999-05-01;349000;1;1;74.6;545.5;19.0;26.0;1;1;1;0;33.6;28.1;4.3;26.9;10.2;0.0;25.7;4.2;12.6;20.8;32.3;40.4;0.2;14.6;63.0;12.4;50.4;0.8;74.6;0.0;5.8;0.4;10.6;34.7;5.5;12.1;11.3;10.0;0.0;0.0;0.0;1.0;1.0;1.0;1.0;1.0;1.0;1.0;1.0;1;1.0;1;1;1;1;1;1;1.0;1.0;1;1;1;1;1;1.0;1;1;1;1;1.0;1.0;1.0;1999;5;False
1999-06-01;349000;1;1;29.0;76.0;5.0;10.0;1;1;1;0;0.0;6.4;0.0;0.0;29.0;0.4;0.0;0.0;0.0;0.0;0.0;12.4;0.0;0.0;0.0;0.0;7.7;0.0;0.0;7.0;1.1;0.0;5.3;1.1;0.0;0.0;0.0;5.6;0.0;0.0;;1.0;1.0;1.0;1.0;1.0;1.0;1.0;1.0;1;1.0;1;1;1;1;1;1;1.0;1.0;1;1;1;1;1;1.0;1;1;1;1;1.0;1.0;;1999;6;False
1999-07-01;349000;1;1;19.8;26.6;19.0;5.0;1;1;1;0;0.0;0.0;0.0;0.0;0.0;0.0;0.0;0.0;0.6;0.0;0.0;0.0;0.0;0.0;0.0;0.0;0.0;5.3;19.8;0.0;0.0;0.7;0.0;0.0;0.0;0.0;0.0;0.0;0.0;0.2;0.0;1.0;1.0;1.0;1.0;1.0;1.0;1.0;1.0;1;1.0;1;1;1;1;1;1;1.0;1.0;1;1;1;1;1;1.0;1;1;1;1;1.0;1.0;1.0;1999;7;False
1999-08-01;349000;1;1;3.9;7.2;16.0;6.0;1;1;1;0;0.0;0.0;0.0;0.0;0.0;0.0;0.0;0.0;0.0;0.0;0.0;0.0;0.6;0.8;0.0;3.9;0.0;0.6;0.0;0.0;0.5;0.0;0.0;0.0;0.0;0.0;0.0;0.0;0.8;0.0;0.0;1.0;1.0;1.0;1.0;1.0;1.0;1.0;1.0;1;1.0;1;1;1;1;1;1;1.0;1.0;1;1;1;1;1;1.0;1;1;1;1;1.0;1.0;1.0;1999;8;False
1999-09-01;349000;1;1;24.4;57.9;28.0;8.0;1;1;1;0;0.0;0.0;0.0;0.3;0.0;0.0;0.0;0.5;0.0;5.8;0.0;0.0;0.0;0.0;0.0;0.0;0.0;0.0;0.0;0.0;0.0;4.8;0.0;0.0;10.3;11.2;0.0;24.4;0.6;0.0;;1.0;1.0;1.0;1.0;1.0;1.0;1.0;1.0;1;1.0;1;1;1;1;1;1;1.0;1.0;1;1;1;1;1;1.0;1;1;1;1;1.0;1.0;;1999;9;False
1999-10-01;349000;1;1;26.8;80.8;31.0;9.0;1;1;1;0;0.0;0.0;0.0;0.7;6.6;3.3;0.0;14.4;4.8;0.0;0.0;0.0;2.0;0.0;0.0;1.0;0.0;0.0;0.0;0.0;0.0;21.2;0.0;0.0;0.0;0.0;0.0;0.0;0.0;0.0;26.8;1.0;1.0;1.0;1.0;1.0;1.0;1.0;1.0;1;1.0;1;1;1;1;1;1;1.0;1.0;1;1;1;1;1;1.0;1;1;1;1;1.0;1.0;1.0;1999;10;False
1999-11-01;349000;1;1;48.8;90.8;28.0;6.0;1;1;1;0;0.0;0.0;0.0;0.0;0.0;0.0;0.0;0.0;0.0;0.0;30.0;8.0;0.8;0.0;0.4;2.8;0.0;0.0;0.0;0.0;0.0;0.0;0.0;0.0;0.0;0.0;0.0;48.8;0.0;0.0;;1.0;1.0;1.0;1.0;1.0;1.0;1.0;1.0;1;1.0;1;1;1;1;1;1;1.0;1.0;1;1;1;1;1;1.0;1;1;1;1;1.0;1.0;;1999;11;False
1999-12-01;349000;1;1;124.0;401.6;10.0;19.0;1;1;1;0;0.0;8.3;82.3;10.1;0.0;0.2;0.0;0.0;0.0;124.0;0.2;0.0;4.1;0.0;0.0;3.7;0.0;0.0;0.0;0.5;38.6;26.0;29.4;0.3;24.0;5.4;3.7;2.3;0.0;32.1;6.4;1.0;1.0;1.0;1.0;1.0;1.0;1.0;1.0;1;1.0;1;1;1;1;1;1;1.0;1.0;1;1;1;1;1;1.0;1;1;1;1;1.0;1.0;1.0;1999;12;False
2000-01-01;349000;1;1;67.1;347.7;25.0;23.0;1;1;1;0;18.4;8.6;5.6;5.8;4.3;0.0;0.5;32.0;0.0;2.4;0.0;4.4;0.0;0.6;0.0;18.0;12.9;48.0;26.1;8.7;0.0;14.2;14.1;26.6;67.1;11.0;0.0;0.0;7.8;2.0;8.6;1.0;1.0;1.0;1.0;1.0;1.0;1.0;1.0;1;1.0;1;1;1;1;1;1;1.0;1.0;1;1;1;1;1;1.0;1;1;1;1;1.0;1.0;1.0;2000;1;False
2000-02-01;349000;1;1;110.8;580.9;6.0;25.0;1;1;1;0;1.0;3.8;29.8;44.2;5.9;110.8;18.8;0.0;3.8;23.8;15.8;6.4;12.8;38.2;28.0;0.0;31.2;22.8;44.3;10.1;0.0;9.2;13.6;0.0;5.6;34.8;5.8;41.0;19.4;;;1.0;1.0;1.0;1.0;1.0;1.0;1.0;1.0;1;1.0;1;1;1;1;1;1;1.0;1.0;1;1;1;1;1;1.0;1;1;1;1;1.0;;;2000;2;False
2000-03-01;349000;1;1;62.4;499.5;22.0;30.0;1;1;1;0;4.0;4.4;4.8;16.0;5.8;10.2;20.1;5.0;23.2;39.9;8.6;37.3;17.2;3.7;13.0;22.2;4.7;22.1;29.0;2.5;12.6;62.4;12.2;0.0;6.2;32.3;25.8;0.5;8.6;0.5;44.7;1.0;1.0;1.0;1.0;1.0;1.0;1.0;1.0;1;1.0;1;1;1;1;1;1;1.0;1.0;1;1;1;1;1;1.0;1;1;1;1;1.0;1.0;1.0;2000;3;False
2000-04-01;349000;1;1;59.6;355.2;4.0;28.0;1;1;1;0;13.4;27.4;2.9;59.6;11.8;7.2;1.2;3.3;5.2;35.3;22.0;22.6;11.3;2.2;8.1;4.6;0.0;18.3;0.0;1.8;43.2;2.2;8.7;19.0;6.1;9.1;0.4;2.2;5.8;0.3;;1.0;1.0;1.0;1.0;1.0;1.0;1.0;1.0;1;1.0;1;1;1;1;1;1;1.0;1.0;1;1;1;1;1;1.0;1;1;1;1;1.0;1.0;;2000;4;False
2000-05-01;349000;1;1;37.2;229.9;19.0;19.0;1;1;1;0;9.4;4.6;13.4;1.4;22.0;21.7;0.0;0.0;10.7;5.2;0.0;19.0;0.0;0.8;0.0;0.4;14.9;1.7;37.2;17.2;0.0;34.9;0.0;3.6;0.0;0.0;0.0;2.6;0.0;0.0;9.2;1.0;1.0;1.0;1.0;1.0;1.0;1.0;1.0;1;1.0;1;1;1;1;1;1;1.0;1.0;1;1;1;1;1;1.0;1;1;1;1;1.0;1.0;1.0;2000;5;False
2000-06-01;349000;1;1;17.1;88.4;16.0;16.0;1;1;1;0;1.2;15.3;0.0;1.0;0.0;0.0;0.0;0.0;0.0;15.6;0.0;0.6;0.0;1.6;0.9;17.1;4.4;2.8;0.0;0.0;2.4;0.0;0.6;7.0;2.0;0.0;0.0;0.0;3.7;12.2;;1.0;1.0;1.0;1.0;1.0;1.0;1.0;1.0;1;1.0;1;1;1;1;1;1;1.0;1.0;1;1;1;1;1;1.0;1;1;1;1;1.0;1.0;;2000;6;False
2000-07-01;349000;1;1;22.9;90.2;20.0;15.0;1;1;1;0;0.0;2.0;2.2;0.2;0.0;0.0;0.0;0.5;0.0;0.0;0.0;14.8;1.0;5.8;8.4;0.0;2.1;4.2;9.7;22.9;0.0;5.3;6.3;0.0;0.0;0.0;0.0;0.0;4.8;0.0;0.0;1.0;1.0;1.0;1.0;1.0;1.0;1.0;1.0;1;1.0;1;1;1;1;1;1;1.0;1.0;1;1;1;1;1;1.0;1;1;1;1;1.0;1.0;1.0;2000;7;False
2000-08-01;349000;1;1;11.3;22.7;3.0;5.0;1;1;1;0;0.0;0.0;11.3;0.0;0.0;5.1;0.0;1.8;0.0;0.0;0.0;0.0;0.0;0.0;3.8;0.0;0.0;0.0;0.7;0.0;0.0;0.0;0.0;0.0;0.0;0.0;0.0;0.0;0.0;0.0;0.0;1.0;1.0;1.0;1.0;1.0;1.0;1.0;1.0;1;1.0;1;1;1;1;1;1;1.0;1.0;1;1;1;1;1;1.0;1;1;1;1;1.0;1.0;1.0;2000;8;False
2000-09-01;349000;1;1;30.2;99.0;23.0;15.0;1;1;1;0;0.0;0.0;0.0;0.0;0.0;4.9;0.0;0.0;0.0;0.5;1.9;5.5;0.0;0.0;5.6;6.4;0.0;6.9;11.0;13.2;0.0;0.2;30.2;0.0;0.0;0.0;3.2;2.0;3.4;4.1;;1.0;1.0;1.0;1.0;1.0;1.0;1.0;1.0;1;1.0;1;1;1;1;1;1;1.0;1.0;1;1;1;1;1;1.0;1;1;1;1;1.0;1.0;;2000;9;False
2000-10-01;349000;1;1;33.4;42.9;29.0;8.0;1;1;1;0;3.2;1.1;0.0;0.0;0.0;0.0;0.0;2.9;0.0;0.0;0.0;0.0;0.5;0.0;0.0;0.0;0.4;1.0;0.4;0.0;0.0;0.0;0.0;0.0;0.0;0.0;0.0;0.0;33.4;0.0;0.0;1.0;1.0;1.0;1.0;1.0;1.0;1.0;1.0;1;1.0;1;1;1;1;1;1;1.0;1.0;1;1;1;1;1;1.0;1;1;1;1;1.0;1.0;1.0;2000;10;False
2000-11-01;349000;1;1;17.9;30.9;22.0;6.0;1;1;1;0;0.0;0.0;0.0;0.0;0.0;0.0;0.0;0.0;0.1;3.2;8.5;0.0;0.0;0.0;0.0;0.0;0.0;0.0;0.0;0.0;0.0;17.9;0.0;0.3;0.9;0.0;0.0;0.0;0.0;0.0;;1.0;1.0;1.0;1.0;1.0;1.0;1.0;1.0;1;1.0;1;1;1;1;1;1;1.0;1.0;1;1;1;1;1;1.0;1;1;1;1;1.0;1.0;;2000;11;False
2000-12-01;349000;1;1;51.3;180.2;18.0;16.0;1;1;1;0;0.0;1.8;0.0;0.0;0.0;0.0;0.9;0.0;4.1;1.7;0.0;2.0;0.0;30.4;2.2;49.3;11.3;51.3;0.0;2.3;13.6;0.0;0.0;0.1;0.0;5.2;2.2;1.8;0.0;0.0;0.0;1.0;1.0;1.0;1.0;1.0;1.0;1.0;1.0;1;1.0;1;1;1;1;1;1;1.0;1.0;1;1;1;1;1;1.0;1;1;1;1;1.0;1.0;1.0;2000;12;False
2001-01-01;349000;1;1;57.0;632.2;13.0;29.0;1;1;1;0;13.4;54.5;3.2;3.9;38.9;0.8;38.0;0.0;18.6;16.8;54.0;31.4;57.0;0.0;46.5;6.4;3.8;8.3;3.6;15.8;35.6;12.8;20.4;28.1;40.8;0.3;2.8;4.2;16.6;3.2;52.5;1.0;1.0;1.0;1.0;1.0;1.0;1.0;1.0;1;1.0;1;1;1;1;1;1;1.0;1.0;1;1;1;1;1;1.0;1;1;1;1;1.0;1.0;1.0;2001;1;False
2001-02-01;349000;1;1;31.5;265.1;23.0;23.0;1;1;1;0;30.3;0.3;10.4;11.3;12.9;0.4;4.8;10.2;10.5;12.3;1.0;0.6;6.3;30.1;7.9;27.5;0.0;0.0;6.2;0.0;7.8;0.0;31.5;6.7;0.0;22.6;1.5;12.0;;;;1.0;1.0;1.0;1.0;1.0;1.0;1.0;1.0;1;1.0;1;1;1;1;1;1;1.0;1.0;1;1;1;1;1;1.0;1;1;1;1;;;;2001;2;False
2001-03-01;349000;1;1;184.3;572.9;1.0;25.0;1;1;1;0;184.3;0.0;12.3;0.0;24.2;2.0;24.8;20.0;0.0;15.2;5.0;82.8;23.8;0.4;0.3;30.6;38.5;14.9;0.0;5.5;17.5;0.0;12.0;11.3;2.2;5.7;1.6;15.2;0.0;20.4;2.4;1.0;1.0;1.0;1.0;1.0;1.0;1.0;1.0;1;1.0;1;1;1;1;1;1;1.0;1.0;1;1;1;1;1;1.0;1;1;1;1;1.0;1.0;1.0;2001;3;False
2001-04-01;349000;1;1;134.8;633.0;9.0;26.0;1;1;1;0;24.8;13.0;0.2;50.8;7.8;8.9;33.4;19.2;134.8;4.6;0.0;20.2;1.6;42.6;0.0;7.2;16.9;13.1;74.6;23.4;32.4;46.0;15.2;0.0;0.9;0.0;10.0;6.6;12.8;12.0;;1.0;1.0;1.0;1.0;1.0;1.0;1.0;1.0;1;1.0;1;1;1;1;1;1;1.0;1.0;1;1;1;1;1;1.0;1;1;1;1;1.0;1.0;;2001;4;False
2001-05-01;349000;1;1;121.9;272.1;24.0;20.0;1;1;1;0;11.5;9.6;6.2;0.8;7.1;0.4;10.8;9.9;1.2;0.0;10.8;22.1;26.4;0.0;0.0;0.0;4.8;1.0;0.0;0.0;0.0;3.8;5.8;121.9;0.5;11.7;0.0;0.0;5.8;0.0;0.0;1.0;1.0;1.0;1.0;1.0;1.0;1.0;1.0;1;1.0;1;1;1;1;1;1;1.0;1.0;1;1;1;1;1;1.0;1;1;1;1;1.0;1.0;1.0;2001;5;False
2001-06-01;349000;1;1;37.9;149.5;3.0;15.0;1;1;1;0;0.2;3.6;37.9;0.0;23.2;0.0;17.9;0.7;0.0;11.2;0.0;0.0;0.0;0.0;0.4;11.4;0.0;0.0;4.2;0.0;0.0;5.4;0.0;17.0;8.3;0.0;0.0;0.0;1.8;6.3;;1.0;1.0;1.0;1.0;1.0;1.0;1.0;1.0;1;1.0;1;1;1;1;1;1;1.0;1.0;1;1;1;1;1;1.0;1;1;1;1;1.0;1.0;;2001;6;False
2001-07-01;349000;1;1;25.6;60.4;3.0;6.0;1;1;1;0;3.1;0.0;25.6;0.0;0.0;0.0;0.0;0.0;0.0;0.0;0.0;17.9;0.0;0.0;0.0;1.1;0.0;0.0;0.0;0.0;0.0;8.3;0.0;0.0;0.0;4.4;0.0;0.0;0.0;0.0;0.0;1.0;1.0;1.0;1.0;1.0;1.0;1.0;1.0;1;1.0;1;1;1;1;1;1;1.0;1.0;1;1;1;1;1;1.0;1;1;1;1;1.0;1.0;1.0;2001;7;False
2001-08-01;349000;1;1;3.1;3.1;26.0;1.0;1;1;1;0;0.0;0.0;0.0;0.0;0.0;0.0;0.0;0.0;0.0;0.0;0.0;0.0;0.0;0.0;0.0;0.0;0.0;0.0;0.0;0.0;0.0;0.0;0.0;0.0;0.0;3.1;0.0;0.0;0.0;0.0;0.0;1.0;1.0;1.0;1.0;1.0;1.0;1.0;1.0;1;1.0;1;1;1;1;1;1;1.0;1.0;1;1;1;1;1;1.0;1;1;1;1;1.0;1.0;1.0;2001;8;False
2001-09-01;349000;1;1;26.7;57.8;10.0;10.0;1;1;1;0;0.0;0.0;0.0;0.0;0.0;0.0;0.2;10.1;0.0;26.7;1.6;0.0;0.0;0.0;0.0;0.0;0.0;0.1;10.7;3.6;0.4;0.0;0.0;0.0;0.4;0.0;0.0;0.0;0.0;4.0;;1.0;1.0;1.0;1.0;1.0;1.0;1.0;1.0;1;1.0;1;1;1;1;1;1;1.0;1.0;1;1;1;1;1;1.0;1;1;1;1;1.0;1.0;;2001;9;False
2001-10-01;349000;1;1;38.7;77.1;14.0;10.0;1;1;1;0;0.0;0.8;1.8;0.0;0.0;0.0;0.0;0.0;0.0;0.4;0.0;0.0;3.8;38.7;0.0;0.2;0.0;0.0;0.0;0.0;0.0;0.0;0.0;0.0;4.6;18.2;0.2;0.0;8.4;0.0;0.0;1.0;1.0;1.0;1.0;1.0;1.0;1.0;1.0;1;1.0;1;1;1;1;1;1;1.0;1.0;1;1;1;1;1;1.0;1;1;1;1;1.0;1.0;1.0;2001;10;False
2001-11-01;349000;1;1;101.5;130.9;29.0;7.0;1;1;1;0;0.0;0.0;0.0;15.7;0.0;0.0;0.0;5.2;0.0;0.0;1.2;0.0;0.0;2.1;0.0;0.0;0.0;0.0;0.0;0.0;0.0;0.0;0.4;0.0;0.0;0.0;0.0;0.0;101.5;4.8;;1.0;1.0;1.0;1.0;1.0;1.0;1.0;1.0;1;1.0;1;1;1;1;1;1;1.0;1.0;1;1;1;1;1;1.0;1;1;1;1;1.0;1.0;;2001;11;False
2001-12-01;349000;1;1;62.4;262.9;4.0;21.0;1;1;1;0;0.0;1.0;2.3;62.4;1.6;0.2;0.1;2.6;30.6;0.0;0.0;26.6;0.0;12.1;1.6;0.0;0.2;3.8;0.0;0.0;26.0;0.0;26.2;3.5;0.0;0.2;9.7;35.3;0.0;15.3;1.6;1.0;1.0;1.0;1.0;1.0;1.0;1.0;1.0;1;1.0;1;1;1;1;1;1;1.0;1.0;1;1;1;1;1;1.0;1;1;1;1;1.0;1.0;1.0;2001;12;False
2002-01-01;349000;1;1;87.2;334.4;20.0;26.0;1;1;1;0;0.8;5.6;1.2;0.0;0.0;13.8;1.8;1.2;4.9;14.3;0.1;0.1;1.5;31.6;39.2;14.9;61.6;0.0;2.7;87.2;29.3;0.2;0.0;0.0;2.7;1.9;0.2;0.9;11.3;4.6;0.8;1.0;1.0;1.0;1.0;1.0;1.0;1.0;1.0;1;1.0;1;1;1;1;1;1;1.0;1.0;1;1;1;1;1;1.0;1;1;1;1;1.0;1.0;1.0;2002;1;False
2002-02-01;349000;1;1;33.7;252.8;1.0;20.0;1;1;1;0;33.7;22.3;3.2;0.0;1.9;4.3;0.0;14.6;21.7;0.0;28.4;21.5;0.7;0.7;21.1;24.7;6.4;6.2;22.5;4.5;5.8;0.0;7.9;0.0;0.0;0.0;0.7;0.0;;;;1.0;1.0;1.0;1.0;1.0;1.0;1.0;1.0;1;1.0;1;1;1;1;1;1;1.0;1.0;1;1;1;1;1;1.0;1;1;1;1;;;;2002;2;False
2002-03-01;349000;1;1;75.2;329.6;27.0;27.0;1;1;1;0;7.4;0.0;23.6;41.1;2.8;6.6;0.0;36.1;8.1;0.3;26.6;1.4;9.0;0.5;0.6;1.9;0.8;6.9;1.8;2.4;7.2;9.8;2.0;43.5;0.2;0.0;75.2;0.8;0.0;3.7;9.3;1.0;1.0;1.0;1.0;1.0;1.0;1.0;1.0;1;1.0;1;1;1;1;1;1;1.0;1.0;1;1;1;1;1;1.0;1;1;1;1;1.0;1.0;1.0;2002;3;False
2002-04-01;349000;1;1;75.6;364.1;23.0;24.0;1;1;1;0;9.5;0.7;6.8;15.9;20.9;0.6;0.7;0.0;13.4;36.3;3.0;2.5;0.0;48.2;2.9;69.2;0.0;0.0;0.0;0.8;10.1;5.9;75.6;17.6;1.3;0.0;7.9;8.4;4.4;1.5;;1.0;1.0;1.0;1.0;1.0;1.0;1.0;1.0;1;1.0;1;1;1;1;1;1;1.0;1.0;1;1;1;1;1;1.0;1;1;1;1;1.0;1.0;;2002;4;False
2002-05-01;349000;1;1;30.1;194.3;26.0;17.0;1;1;1;0;0.0;23.5;8.8;11.7;26.1;0.0;0.0;9.0;23.9;6.8;0.0;2.2;0.0;0.0;0.0;1.9;10.4;3.4;0.0;3.3;0.0;0.0;0.0;0.0;27.2;30.1;3.4;0.0;0.1;0.0;2.5;1.0;1.0;1.0;1.0;1.0;1.0;1.0;1.0;1;1.0;1;1;1;1;1;1;1.0;1.0;1;1;1;1;1;1.0;1;1;1;1;1.0;1.0;1.0;2002;5;False
2002-06-01;349000;1;1;39.0;137.2;23.0;12.0;1;1;1;0;0.0;0.1;11.8;2.8;9.0;0.1;0.0;0.0;9.4;0.0;0.0;0.0;0.0;0.2;0.0;7.1;0.0;0.0;0.0;0.0;0.0;0.0;39.0;34.1;23.4;0.0;0.2;0.0;0.0;0.0;;1.0;1.0;1.0;1.0;1.0;1.0;1.0;1.0;1;1.0;1;1;1;1;1;1;1.0;1.0;1;1;1;1;1;1.0;1;1;1;1;1.0;1.0;;2002;6;False
2002-07-01;349000;1;1;37.0;68.4;20.0;11.0;1;1;1;0;0.0;0.0;7.8;0.0;0.0;0.0;0.0;0.0;0.0;0.0;0.4;1.8;1.2;1.2;2.4;0.0;0.0;0.0;1.6;37.0;8.8;0.8;0.0;0.0;0.0;0.0;5.4;0.0;0.0;0.0;0.0;1.0;1.0;1.0;1.0;1.0;1.0;1.0;1.0;1;1.0;1;1;1;1;1;1;1.0;1.0;1;1;1;1;1;1.0;1;1;1;1;1.0;1.0;1.0;2002;7;False
2002-08-01;349000;1;1;8.2;28.6;2.0;7.0;1;1;1;0;7.4;8.2;0.0;0.0;1.1;2.6;0.0;0.0;0.0;0.0;0.0;0.0;0.8;0.0;0.0;0.0;0.0;0.0;0.0;0.0;0.0;0.0;0.0;0.0;0.0;0.0;0.0;3.1;5.4;0.0;0.0;1.0;1.0;1.0;1.0;1.0;1.0;1.0;1.0;1;1.0;1;1;1;1;1;1;1.0;1.0;1;1;1;1;1;1.0;1;1;1;1;1.0;1.0;1.0;2002;8;False
2002-09-01;349000;1;1;36.1;61.4;14.0;7.0;1;1;1;0;0.0;0.0;0.0;0.0;20.7;2.6;0.0;0.0;0.0;0.0;0.0;0.0;0.0;36.1;0.1;0.5;0.0;0.0;0.0;1.2;0.0;0.0;0.0;0.0;0.0;0.0;0.0;0.0;0.2;0.0;;1.0;1.0;1.0;1.0;1.0;1.0;1.0;1.0;1;1.0;1;1;1;1;1;1;1.0;1.0;1;1;1;1;1;1.0;1;1;1;1;1.0;1.0;;2002;9;False
2002-10-01;349000;1;1;3.4;7.9;17.0;4.0;1;1;1;0;0.0;2.6;0.0;0.0;0.0;0.0;0.1;0.0;0.0;0.0;0.0;0.0;0.0;0.0;0.0;0.0;3.4;0.0;1.8;0.0;0.0;0.0;0.0;0.0;0.0;0.0;0.0;0.0;0.0;0.0;0.0;1.0;1.0;1.0;1.0;1.0;1.0;1.0;1.0;1;1.0;1;1;1;1;1;1;1.0;1.0;1;1;1;1;1;1.0;1;1;1;1;1.0;1.0;1.0;2002;10;False
2002-11-01;349000;1;1;63.8;125.3;9.0;8.0;1;1;1;0;0.0;5.8;0.0;29.8;0.0;0.0;0.0;9.8;63.8;1.0;0.0;0.0;0.0;0.4;0.0;0.0;0.7;0.0;0.0;0.0;0.0;0.0;0.0;0.0;14.0;0.0;0.0;0.0;0.0;0.0;;1.0;1.0;1.0;1.0;1.0;1.0;1.0;1.0;1;1.0;1;1;1;1;1;1;1.0;1.0;1;1;1;1;1;1.0;1;1;1;1;1.0;1.0;;2002;11;False
2002-12-01;349000;1;1;66.2;295.4;31.0;20.0;1;1;1;0;0.0;29.0;0.2;0.0;0.0;0.0;0.0;0.0;12.6;7.8;8.4;0.0;0.0;0.2;0.4;0.0;0.2;15.2;53.6;29.4;0.8;0.1;5.8;0.2;0.0;41.8;19.2;3.4;0.9;0.0;66.2;1.0;1.0;1.0;1.0;1.0;1.0;1.0;1.0;1;1.0;1;1;1;1;1;1;1.0;1.0;1;1;1;1;1;1.0;1;1;1;1;1.0;1.0;1.0;2002;12;False
2003-01-01;349000;1;1;32.2;190.9;31.0;18.0;1;1;1;0;25.0;21.5;4.8;0.0;0.0;0.0;0.0;1.1;0.0;10.4;14.3;0.0;0.0;1.0;4.2;0.0;0.0;0.0;0.0;0.2;0.0;6.9;3.8;5.4;1.6;0.0;13.2;21.8;20.0;3.5;32.2;1.0;1.0;1.0;1.0;1.0;1.0;1.0;1.0;1;1.0;1;1;1;1;1;1;1.0;1.0;1;1;1;1;1;1.0;1;1;1;1;1.0;1.0;1.0;2003;1;False
2003-02-01;349000;1;1;79.0;663.4;1.0;25.0;1;1;1;0;79.0;30.0;0.1;39.5;13.1;18.8;6.8;0.1;32.4;11.7;0.0;0.0;68.2;54.0;20.8;17.8;2.0;22.5;40.6;38.0;2.0;0.0;17.7;13.9;27.4;10.6;27.8;68.6;;;;1.0;1.0;1.0;1.0;1.0;1.0;1.0;1.0;1;1.0;1;1;1;1;1;1;1.0;1.0;1;1;1;1;1;1.0;1;1;1;1;;;;2003;2;False
2003-03-01;349000;1;1;70.0;526.6;5.0;25.0;1;1;1;0;21.4;0.0;0.0;37.2;70.0;42.2;5.6;33.5;27.0;5.7;0.9;5.3;2.0;42.0;58.4;12.5;0.0;0.4;11.3;13.9;0.0;31.2;7.8;0.0;1.4;26.6;35.3;26.4;1.8;6.8;0.0;1.0;1.0;1.0;1.0;1.0;1.0;1.0;1.0;1;1.0;1;1;1;1;1;1;1.0;1.0;1;1;1;1;1;1.0;1;1;1;1;1.0;1.0;1.0;2003;3;False
2003-04-01;349000;1;1;53.4;396.0;5.0;21.0;1;1;1;0;47.9;22.4;40.4;5.0;53.4;7.6;4.6;0.0;5.3;14.0;0.0;23.2;30.0;37.2;11.8;0.0;0.0;0.0;0.0;0.0;0.0;0.0;1.4;22.2;0.8;26.7;10.8;29.4;0.6;1.3;;1.0;1.0;1.0;1.0;1.0;1.0;1.0;1.0;1;1.0;1;1;1;1;1;1;1.0;1.0;1;1;1;1;1;1.0;1;1;1;1;1.0;1.0;;2003;4;False
2003-05-01;349000;1;1;35.2;195.9;9.0;17.0;1;1;1;0;3.2;23.4;19.9;0.0;25.6;3.8;3.4;0.0;35.2;22.4;0.0;0.0;0.0;12.6;10.9;3.0;0.0;0.0;0.0;0.0;0.0;0.0;0.0;2.6;2.2;5.2;2.0;0.0;16.0;4.5;0.0;1.0;1.0;1.0;1.0;1.0;1.0;1.0;1.0;1;1.0;1;1;1;1;1;1;1.0;1.0;1;1;1;1;1;1.0;1;1;1;1;1.0;1.0;1.0;2003;5;False
2003-06-01;349000;1;1;19.5;87.9;17.0;14.0;1;1;1;0;0.6;10.0;0.0;0.0;0.0;7.2;2.2;2.0;0.8;0.0;0.0;0.0;2.2;2.0;0.0;0.0;19.5;0.5;0.0;0.0;14.8;9.4;10.1;6.6;0.0;0.0;0.0;0.0;0.0;0.0;;1.0;1.0;1.0;;1.0;1.0;1.0;1.0;1;1.0;1;1;1;1;1;1;1.0;1.0;1;1;1;1;1;1.0;1;1;1;1;1.0;1.0;;2003;6;False
2003-07-01;349000;1;1;4.9;14.5;3.0;9.0;1;1;1;0;0.0;0.0;4.9;0.9;3.6;0.0;0.0;0.0;1.5;0.4;0.0;0.0;0.0;0.0;0.0;0.0;0.0;0.0;0.0;0.6;1.8;0.4;0.0;0.0;0.0;0.0;0.0;0.0;0.0;0.0;0.4;1.0;1.0;1.0;1.0;1.0;1.0;1.0;1.0;1;1.0;1;1;1;1;1;1;1.0;1.0;1;1;1;1;1;1.0;1;1;1;1;1.0;1.0;1.0;2003;7;False
2003-08-01;349000;1;1;24.4;78.8;19.0;13.0;1;1;1;0;0.0;1.6;0.0;0.0;0.0;0.0;0.0;14.0;6.4;0.8;0.6;0.0;0.0;0.0;6.4;0.0;0.0;0.0;24.4;5.2;0.0;0.0;0.0;0.0;2.7;0.0;2.0;0.0;6.7;0.2;7.8;1.0;1.0;1.0;1.0;1.0;1.0;1.0;1.0;1;1.0;1;1;1;1;1;1;1.0;1.0;1;1;1;1;1;1.0;1;1;1;1;1.0;1.0;1.0;2003;8;False
2003-09-01;349000;1;1;17.8;43.1;1.0;8.0;1;1;1;0;17.8;0.3;0.0;0.0;0.0;0.0;0.0;0.0;0.0;0.0;0.0;1.2;0.0;0.1;0.0;10.2;0.0;0.0;0.0;0.0;3.8;0.0;0.0;0.0;0.5;0.0;9.2;0.0;0.0;0.0;;1.0;1.0;1.0;1.0;1.0;1.0;1.0;1.0;1;1.0;1;1;1;1;1;1;1.0;1.0;1;1;1;1;1;1.0;1;1;1;1;1.0;1.0;;2003;9;False
2003-10-01;349000;1;1;8.6;18.6;15.0;7.0;1;1;1;0;0.0;1.6;0.0;0.0;0.8;0.0;0.0;0.1;0.0;0.0;0.0;0.0;6.4;0.2;8.6;0.0;0.0;0.9;0.0;0.0;0.0;0.0;0.0;0.0;0.0;0.0;0.0;0.0;0.0;0.0;0.0;1.0;1.0;1.0;1.0;1.0;1.0;1.0;1.0;1;1.0;1;1;1;1;1;1;1.0;1.0;1;1;1;1;1;1.0;1;1;1;1;1.0;1.0;1.0;2003;10;False
2003-11-01;349000;1;1;53.4;169.2;4.0;11.0;1;1;1;0;0.0;0.0;1.2;53.4;1.9;0.0;0.0;0.0;22.7;8.2;0.6;0.0;0.0;0.0;0.0;0.0;9.2;20.2;0.0;23.8;22.4;0.0;0.0;0.0;5.6;0.0;0.0;0.0;0.0;0.0;;1.0;1.0;1.0;1.0;1.0;1.0;1.0;1.0;1;1.0;1;1;1;1;1;1;1.0;1.0;1;1;1;1;1;1.0;1;1;1;1;1.0;1.0;;2003;11;False
2003-12-01;349000;1;1;16.4;100.3;20.0;15.0;1;1;1;0;0.0;0.0;0.1;0.0;0.0;0.0;1.6;0.0;0.0;0.0;0.0;6.4;1.4;8.8;8.3;12.8;0.0;0.0;0.0;16.4;9.8;3.7;1.8;0.0;0.0;0.0;0.0;11.8;0.2;6.6;10.6;1.0;1.0;1.0;1.0;1.0;1.0;1.0;1.0;1;1.0;1;1;1;1;1;1;1.0;1.0;1;1;1;1;1;1.0;1;1;1;1;1.0;1.0;1.0;2003;12;False
2004-01-01;349000;1;1;71.2;302.2;14.0;20.0;1;1;1;0;1.0;1.4;11.5;0.6;10.9;0.0;0.0;0.0;0.0;0.7;58.8;4.6;0.0;71.2;0.0;0.1;5.4;14.1;0.0;0.1;0.0;0.0;9.0;68.4;0.6;0.0;3.2;0.0;14.4;25.5;0.7;1.0;1.0;1.0;1.0;1.0;1.0;1.0;1.0;1;1.0;1;1;1;1;1;1;1.0;1.0;1;1;1;1;1;1.0;1;1;1;1;1.0;1.0;1.0;2004;1;False
2004-02-01;349000;1;1;52.6;321.3;3.0;25.0;1;1;1;0;23.8;35.6;52.6;8.0;15.8;2.2;21.6;8.0;12.0;0.4;0.0;0.7;0.2;11.4;37.0;2.2;16.3;5.0;16.0;0.0;6.8;6.4;3.8;0.5;0.0;2.4;0.0;21.2;11.4;;;1.0;1.0;1.0;1.0;1.0;1.0;1.0;1.0;1;1.0;1;1;1;1;1;1;1.0;1.0;1;1;1;1;1;1.0;1;1;1;1;1.0;;;2004;2;False
2004-03-01;349000;1;1;51.8;395.5;10.0;27.0;1;1;1;0;28.2;15.6;0.0;4.7;2.8;8.4;38.0;8.5;0.5;51.8;6.3;4.6;15.7;16.4;1.1;21.4;0.0;35.2;30.2;2.4;1.2;0.0;49.3;9.0;8.7;9.7;4.3;5.2;13.9;2.4;0.0;1.0;1.0;1.0;1.0;1.0;1.0;1.0;1.0;1;1.0;1;1;1;1;1;1;1.0;1.0;1;1;1;1;1;1.0;1;1;1;1;1.0;1.0;1.0;2004;3;False
2004-04-01;349000;1;1;61.2;294.7;12.0;22.0;1;1;1;0;0.0;27.2;0.0;0.0;3.1;4.6;32.9;6.6;2.8;6.8;19.8;61.2;15.8;36.4;1.8;0.0;1.0;22.0;0.6;5.3;13.4;12.5;0.5;0.0;15.8;0.0;3.8;0.0;0.8;0.0;;1.0;1.0;1.0;1.0;1.0;1.0;1.0;1.0;1;1.0;1;1;1;1;1;1;1.0;1.0;1;1;1;1;1;1.0;1;1;1;1;1.0;1.0;;2004;4;False
2004-05-01;349000;1;1;38.6;118.1;22.0;15.0;1;1;1;0;0.0;0.0;0.0;0.0;0.0;4.0;10.4;9.2;2.9;13.8;1.4;0.0;8.8;0.0;0.0;0.0;1.0;0.0;0.0;0.0;0.0;38.6;6.0;0.0;0.0;0.3;7.4;0.0;1.8;12.4;0.1;1.0;1.0;1.0;1.0;1.0;1.0;1.0;1.0;1;1.0;1;1;1;1;1;1;1.0;1.0;1;1;1;1;1;1.0;1;1;1;1;1.0;1.0;1.0;2004;5;False
2004-06-01;349000;1;1;23.4;92.9;8.0;11.0;1;1;1;0;11.8;13.2;1.6;2.6;0.0;6.0;0.0;23.4;0.0;0.0;0.0;0.0;0.0;0.0;0.6;0.0;0.0;0.2;0.0;0.0;0.0;0.0;0.0;0.0;0.0;0.0;0.0;12.2;2.6;18.7;;1.0;1.0;1.0;1.0;1.0;1.0;1.0;1.0;1;1.0;1;1;1;1;1;1;1.0;1.0;1;1;1;1;1;1.0;1;1;1;1;1.0;1.0;;2004;6;False
2004-07-01;349000;1;1;31.8;65.6;23.0;13.0;1;1;1;0;0.0;2.2;0.1;3.1;0.0;0.0;0.0;12.2;2.3;0.4;0.4;0.0;0.0;0.0;0.0;0.0;0.3;9.1;0.3;0.2;0.0;0.0;31.8;3.2;0.0;0.0;0.0;0.0;0.0;0.0;0.0;1.0;1.0;1.0;1.0;1.0;1.0;1.0;1.0;1;1.0;1;1;1;1;1;1;1.0;1.0;1;1;1;1;1;1.0;1;1;1;1;1.0;1.0;1.0;2004;7;False
2004-08-01;349000;1;1;10.4;27.9;8.0;9.0;1;1;1;0;0.0;0.1;0.4;0.0;0.0;0.3;0.0;10.4;0.0;0.0;0.0;6.2;0.0;0.4;0.0;0.0;0.0;0.0;0.0;0.0;0.2;0.0;0.0;1.7;0.0;0.0;0.0;8.2;0.0;0.0;0.0;1.0;1.0;1.0;1.0;1.0;1.0;1.0;1.0;1;1.0;1;1;1;1;1;1;1.0;1.0;1;1;1;1;1;1.0;1;1;1;1;1.0;1.0;1.0;2004;8;False
2004-09-01;349000;1;1;11.7;55.1;1.0;18.0;1;1;1;0;11.7;0.2;0.0;0.0;0.0;4.0;0.2;0.0;10.9;0.0;0.0;0.2;2.2;1.8;2.3;0.0;0.0;4.0;1.2;4.1;0.0;1.0;0.0;1.8;6.5;2.7;0.0;0.2;0.1;0.0;;1.0;1.0;1.0;1.0;1.0;1.0;1.0;1.0;1;1.0;1;1;1;1;1;1;1.0;1.0;1;1;1;1;1;1.0;1;1;1;1;1.0;1.0;;2004;9;False
2004-10-01;349000;1;1;4.8;9.4;2.0;5.0;1;1;1;0;0.0;4.8;0.0;0.0;0.0;0.0;0.8;0.0;0.0;0.0;0.0;0.0;0.0;0.0;0.0;1.4;0.0;0.0;0.0;0.0;0.0;0.0;0.0;0.0;0.0;2.0;0.0;0.0;0.0;0.0;0.4;1.0;1.0;1.0;1.0;1.0;1.0;1.0;1.0;1;1.0;1;1;1;1;1;1;1.0;1.0;1;1;1;1;1;1.0;1;1;1;1;1.0;1.0;1.0;2004;10;False
2004-11-01;349000;1;1;31.0;74.2;27.0;9.0;1;1;1;0;8.7;0.0;0.0;0.0;1.0;0.4;0.0;0.0;0.0;0.2;0.0;0.0;0.0;0.0;0.0;10.6;0.0;0.0;0.0;0.0;0.0;0.0;0.9;2.6;0.0;0.0;31.0;18.8;0.0;0.0;;1.0;1.0;1.0;1.0;1.0;1.0;1.0;1.0;1;1.0;1;1;1;1;1;1;1.0;1.0;1;1;1;1;1;1.0;1;1;1;1;1.0;1.0;;2004;11;False
2004-12-01;349000;1;1;27.4;112.5;8.0;16.0;1;1;1;0;1.2;0.0;19.8;0.4;0.2;2.8;0.0;27.4;0.0;0.0;0.2;0.0;0.0;0.0;0.0;0.6;0.0;2.4;0.0;0.1;0.0;0.0;0.0;24.2;0.0;0.1;5.2;27.4;0.3;0.0;0.2;1.0;1.0;1.0;1.0;1.0;1.0;1.0;1.0;1;1.0;1;1;1;1;1;1;1.0;1.0;1;1;1;1;1;1.0;1;1;1;1;1.0;1.0;1.0;2004;12;False
2005-01-01;349000;1;1;78.0;237.4;31.0;23.0;1;1;1;0;1.2;1.1;0.2;4.0;0.0;0.0;0.0;0.2;0.0;0.6;4.9;6.4;17.4;0.0;29.0;0.1;17.4;7.6;0.4;0.0;2.2;8.2;0.0;6.9;0.0;0.4;0.4;15.8;1.2;33.8;78.0;1.0;1.0;1.0;1.0;1.0;1.0;1.0;1.0;1;1.0;1;1;1;1;1;1;1.0;1.0;1;1;1;1;1;1.0;1;1;1;1;1.0;1.0;1.0;2005;1;False
2005-02-01;349000;1;1;78.2;458.7;17.0;24.0;1;1;1;0;29.8;10.8;8.2;19.5;39.8;0.0;0.0;0.0;7.4;2.6;0.0;43.4;37.5;2.8;0.4;3.2;78.2;37.6;9.4;2.1;27.8;0.1;6.0;1.0;56.7;1.0;30.6;2.8;;;;1.0;1.0;1.0;1.0;1.0;1.0;1.0;1.0;1;1.0;1;1;1;1;1;1;1.0;1.0;1;1;1;1;1;1.0;1;1;1;1;;;;2005;2;False
2005-03-01;349000;1;1;49.8;402.1;31.0;27.0;1;1;1;0;36.3;0.2;0.0;15.1;0.2;1.2;0.0;0.8;0.9;1.4;0.4;0.6;10.3;1.0;46.5;0.0;33.0;7.6;4.0;37.8;15.6;14.0;12.2;48.5;0.0;11.8;16.3;31.2;4.6;0.8;49.8;1.0;1.0;1.0;1.0;1.0;1.0;1.0;1.0;1;1.0;1;1;1;1;1;1;1.0;1.0;1;1;1;1;1;1.0;1;1;1;1;1.0;1.0;1.0;2005;3;False
2005-04-01;349000;1;1;74.2;338.8;28.0;24.0;1;1;1;0;7.0;0.0;18.0;0.8;0.1;2.8;14.9;7.6;0.8;0.0;12.6;7.2;10.8;5.6;13.6;0.0;5.2;9.0;0.0;31.0;13.2;0.1;20.8;9.3;21.0;0.0;0.0;74.2;45.0;8.2;;1.0;1.0;1.0;1.0;1.0;1.0;1.0;1.0;1;1.0;1;1;1;1;1;1;1.0;1.0;1;1;1;1;1;1.0;1;1;1;1;1.0;1.0;;2005;4;False
2005-05-01;349000;1;1;55.0;325.2;23.0;23.0;1;1;1;0;29.9;3.2;1.8;0.3;14.6;33.6;7.2;3.0;7.8;2.8;1.0;1.2;0.0;0.0;0.0;0.0;0.0;17.0;5.9;47.0;0.7;24.4;55.0;12.4;0.0;6.0;44.4;3.6;2.4;0.0;0.0;1.0;1.0;1.0;1.0;1.0;1.0;1.0;1.0;1;1.0;1;1;1;1;1;1;1.0;1.0;1;1;1;1;1;1.0;1;1;1;1;1.0;1.0;1.0;2005;5;False
2005-06-01;349000;1;1;7.0;29.2;24.0;7.0;1;1;1;0;3.3;5.7;0.0;0.0;0.0;0.0;0.0;0.0;0.0;0.0;0.0;0.0;0.0;3.8;0.0;0.0;0.0;0.0;0.0;6.2;0.0;0.0;0.0;7.0;0.2;0.0;3.0;0.0;0.0;0.0;;1.0;1.0;1.0;1.0;1.0;1.0;1.0;1.0;1;1.0;1;1;1;1;1;1;1.0;1.0;1;1;1;1;1;1.0;1;1;1;1;1.0;1.0;;2005;6;False
2005-07-01;349000;1;1;32.8;59.4;2.0;7.0;1;1;1;0;0.0;32.8;1.2;0.2;0.0;0.5;0.0;4.4;19.6;0.7;0.0;0.0;0.0;0.0;0.0;0.0;0.0;0.0;0.0;0.0;0.0;0.0;0.0;0.0;0.0;0.0;0.0;0.0;0.0;0.0;0.0;1.0;1.0;1.0;1.0;1.0;1.0;1.0;1.0;1;1.0;1;1;1;1;1;1;1.0;1.0;1;1;1;1;1;1.0;1;1;1;1;1.0;1.0;1.0;2005;7;False
2005-08-01;349000;1;1;13.0;36.8;13.0;9.0;1;1;1;0;0.0;0.0;0.0;0.0;0.0;0.0;0.0;0.0;0.0;0.0;0.2;0.1;13.0;3.5;12.3;0.0;0.0;0.0;0.0;0.0;0.0;6.0;0.0;0.1;0.0;0.0;0.0;0.2;0.0;1.4;0.0;1.0;1.0;1.0;1.0;1.0;1.0;1.0;1.0;1;1.0;1;1;1;1;1;1;1.0;1.0;1;1;1;1;1;1.0;1;1;1;1;1.0;1.0;1.0;2005;8;False
2005-09-01;349000;1;1;6.0;9.3;16.0;7.0;1;1;1;0;0.0;0.0;0.0;0.0;0.0;0.0;0.2;0.0;0.0;0.0;0.0;0.0;0.0;0.0;0.0;6.0;1.4;0.0;0.2;0.0;0.5;0.0;0.0;0.0;0.0;0.2;0.0;0.0;0.8;0.0;;1.0;1.0;1.0;1.0;1.0;1.0;1.0;1.0;1;1.0;1;1;1;1;1;1;1.0;1.0;1;1;1;1;1;1.0;1;1;1;1;1.0;1.0;;2005;9;False
2005-10-01;349000;1;1;44.3;73.0;7.0;7.0;1;1;1;0;2.8;0.0;0.0;0.0;0.0;0.0;44.3;0.0;0.0;0.0;0.0;9.6;15.4;0.0;0.0;0.0;0.0;0.0;0.0;0.0;0.0;0.1;0.0;0.0;0.6;0.0;0.0;0.2;0.0;0.0;0.0;1.0;1.0;1.0;1.0;1.0;1.0;1.0;1.0;1;1.0;1;1;1;1;1;1;1.0;1.0;1;1;1;1;1;1.0;1;1;1;1;1.0;1.0;1.0;2005;10;False
2005-11-01;349000;1;1;74.3;119.3;16.0;8.0;1;1;1;0;0.0;0.0;0.0;0.0;0.0;0.6;0.0;0.0;0.0;0.0;1.8;6.3;0.0;0.0;3.2;74.3;0.0;0.0;0.0;0.0;0.0;0.0;0.0;0.1;0.0;0.0;28.2;4.8;0.0;0.0;;1.0;1.0;1.0;1.0;1.0;1.0;1.0;1.0;1;1.0;1;1;1;1;1;1;1.0;1.0;1;1;1;1;1;1.0;1;1;1;1;1.0;1.0;;2005;11;False
2005-12-01;349000;1;1;91.7;289.1;31.0;26.0;1;1;1;0;0.0;1.8;0.3;11.6;0.1;3.0;0.4;20.4;0.1;0.2;0.8;0.4;0.0;0.0;54.2;2.6;0.0;8.1;12.5;3.6;3.6;7.2;2.2;3.8;28.0;1.7;19.6;0.0;10.7;0.5;91.7;1.0;1.0;1.0;1.0;1.0;1.0;1.0;1.0;1;1.0;1;1;1;1;1;1;1.0;1.0;1;1;1;1;1;1.0;1;1;1;1;1.0;1.0;1.0;2005;12;False
2006-01-01;349000;1;1;91.3;323.9;9.0;18.0;1;1;1;0;58.0;23.5;6.0;1.2;9.8;0.0;0.7;0.2;91.3;2.4;0.0;42.4;2.8;0.0;0.0;3.0;0.0;0.0;0.0;38.0;0.1;12.1;0.0;13.2;0.2;0.0;0.0;0.0;0.0;0.0;19.0;1.0;1.0;1.0;1.0;1.0;1.0;1.0;1.0;1;1.0;1;1;1;1;1;1;1.0;1.0;1;1;1;1;1;1.0;1;1;1;1;1.0;1.0;1.0;2006;1;False
2006-02-01;349000;1;1;80.4;411.4;3.0;25.0;1;1;1;0;0.8;56.8;80.4;2.2;23.0;6.3;12.2;3.2;0.2;0.0;0.2;22.8;13.2;0.8;22.6;0.0;4.5;0.5;0.0;4.1;4.3;22.6;3.0;42.5;0.9;26.3;19.7;38.3;;;;1.0;1.0;1.0;1.0;1.0;1.0;1.0;1.0;1;1.0;1;1;1;1;1;1;1.0;1.0;1;1;1;1;1;1.0;1;1;1;1;;;;2006;2;False
2006-03-01;349000;1;1;64.6;571.3;31.0;29.0;1;1;1;0;34.3;0.0;53.6;2.8;17.0;61.2;7.0;25.2;6.3;10.1;0.6;2.6;0.0;41.3;8.6;0.7;9.6;57.6;8.0;10.8;7.6;1.3;32.4;0.1;0.6;27.4;25.5;2.4;13.6;38.5;64.6;1.0;1.0;1.0;1.0;1.0;1.0;1.0;1.0;1;1.0;1;1;1;1;1;1;1.0;1.0;1;1;1;1;1;1.0;1;1;1;1;1.0;1.0;1.0;2006;3;False
2006-04-01;349000;1;1;94.4;732.3;22.0;29.0;1;1;1;0;22.4;30.2;0.8;23.9;36.5;12.4;8.7;12.5;3.9;59.6;22.6;51.0;10.2;13.2;0.1;36.7;2.6;33.9;1.6;37.6;25.6;94.4;20.6;19.6;93.8;2.1;0.0;22.2;0.3;33.3;;1.0;1.0;1.0;1.0;1.0;1.0;1.0;1.0;1;1.0;1;1;1;1;1;1;1.0;1.0;1;1;1;1;1;1.0;1;1;1;1;1.0;1.0;;2006;4;False
2006-05-01;349000;1;1;58.6;338.1;12.0;23.0;1;1;1;0;0.1;16.6;8.2;0.0;0.0;19.0;24.8;1.6;24.6;32.4;24.1;58.6;0.0;4.1;10.8;3.5;0.4;7.8;13.2;7.6;33.2;0.0;0.0;0.0;0.0;22.6;2.8;11.0;5.9;5.2;0.0;1.0;1.0;1.0;1.0;1.0;1.0;1.0;1.0;1;1.0;1;1;1;1;1;1;1.0;1.0;1;1;1;1;1;1.0;1;1;1;1;1.0;1.0;1.0;2006;5;False
2006-06-01;349000;1;1;83.8;121.0;13.0;9.0;1;1;1;0;0.0;0.1;0.0;0.0;0.0;0.0;3.0;0.0;0.0;0.0;0.0;0.0;83.8;13.0;0.2;0.0;0.0;2.4;0.0;0.0;0.0;0.0;0.7;0.0;0.0;0.0;0.0;5.2;0.0;12.6;;1.0;1.0;1.0;1.0;1.0;1.0;1.0;1.0;1;1.0;1;1;1;1;1;1;1.0;1.0;1;1;1;1;1;1.0;1;1;1;1;1.0;1.0;;2006;6;False
2006-07-01;349000;1;1;12.6;33.1;30.0;7.0;1;1;1;0;0.0;0.0;0.6;0.0;0.0;0.0;0.0;2.3;0.0;0.0;0.0;0.0;0.0;0.0;0.0;0.0;0.0;0.0;1.0;0.0;0.0;0.0;1.5;0.0;0.0;0.0;0.0;11.8;3.3;12.6;0.0;1.0;1.0;1.0;1.0;1.0;1.0;1.0;1.0;1;1.0;1;1;1;1;1;1;1.0;1.0;1;1;1;1;1;1.0;1;1;1;1;1.0;1.0;1.0;2006;7;False
2006-08-01;349000;1;1;16.2;29.6;23.0;6.0;1;1;1;0;0.0;11.4;1.7;0.0;0.1;0.0;0.0;0.0;0.0;0.0;0.0;0.0;0.0;0.0;0.0;0.0;0.0;0.0;0.1;0.0;0.0;0.0;16.2;0.0;0.0;0.1;0.0;0.0;0.0;0.0;0.0;1.0;1.0;1.0;1.0;1.0;1.0;1.0;1.0;1;1.0;1;1;1;1;1;1;1.0;1.0;1;1;1;1;1;1.0;1;1;1;1;1.0;1.0;1.0;2006;8;False
2006-09-01;349000;1;1;25.6;69.5;27.0;10.0;1;1;1;0;12.8;0.0;0.0;0.0;0.0;1.4;16.4;0.0;0.0;0.0;0.0;0.0;0.0;0.8;1.4;8.2;0.0;0.0;0.0;0.0;0.0;0.0;0.0;1.8;0.0;0.0;25.6;0.0;0.2;0.9;;1.0;1.0;1.0;1.0;1.0;1.0;1.0;1.0;1;1.0;1;1;1;1;1;1;1.0;1.0;1;1;1;1;1;1.0;1;1;1;1;1.0;1.0;;2006;9;False
2006-10-01;349000;1;1;10.2;29.1;19.0;9.0;1;1;1;0;0.1;0.0;0.0;5.7;0.0;0.0;0.0;0.0;0.0;0.0;0.0;0.0;0.0;0.0;0.0;0.1;0.0;0.0;10.2;0.3;0.0;0.0;0.0;4.7;5.4;1.8;0.8;0.0;0.0;0.0;0.0;1.0;1.0;1.0;1.0;1.0;1.0;1.0;1.0;1;1.0;1;1;1;1;1;1;1.0;1.0;1;1;1;1;1;1.0;1;1;1;1;1.0;1.0;1.0;2006;10;False
2006-11-01;349000;1;1;56.7;220.0;21.0;12.0;1;1;1;0;0.0;0.0;0.0;0.0;0.0;0.0;0.0;0.0;0.0;13.5;0.4;0.3;5.9;42.0;9.8;0.0;1.4;32.8;0.0;0.0;56.7;55.8;0.9;0.5;0.0;0.0;0.0;0.0;0.0;0.0;;1.0;1.0;1.0;1.0;1.0;1.0;1.0;1.0;1;1.0;1;1;1;1;1;1;1.0;1.0;1;1;1;1;1;1.0;1;1;1;1;1.0;1.0;;2006;11;False
2006-12-01;349000;1;1;40.5;110.3;12.0;14.0;1;1;1;0;24.3;0.1;0.0;1.4;0.0;0.0;0.0;0.0;0.0;0.0;0.1;40.5;2.2;0.0;0.1;4.0;0.3;0.0;19.9;4.4;0.0;0.0;0.0;0.0;0.0;0.2;0.0;0.0;6.1;0.0;6.7;1.0;1.0;1.0;1.0;1.0;1.0;1.0;1.0;1;1.0;1;1;1;1;1;1;1.0;1.0;1;1;1;1;1;1.0;1;1;1;1;1.0;1.0;1.0;2006;12;False
2007-01-01;349000;1;1;40.8;127.7;14.0;24.0;1;1;1;0;0.4;1.8;6.4;0.3;0.2;0.0;0.7;0.0;7.8;0.3;3.5;1.7;0.2;40.8;0.0;0.0;0.0;3.2;14.9;6.6;8.4;0.0;1.5;8.7;0.0;10.2;0.7;1.4;0.4;2.0;5.6;1.0;1.0;1.0;1.0;1.0;1.0;1.0;1.0;1;1.0;1;1;1;1;1;1;1.0;1.0;1;1;1;1;1;1.0;1;1;1;1;1.0;1.0;1.0;2007;1;False
2007-02-01;349000;1;1;94.9;553.9;2.0;27.0;1;1;1;0;4.0;94.9;4.3;3.4;12.8;3.7;48.8;39.9;39.4;1.0;4.7;0.4;0.0;3.8;33.2;49.2;0.4;6.2;73.4;0.1;2.3;11.4;2.8;12.2;1.2;0.4;78.2;21.8;;;;1.0;1.0;1.0;1.0;1.0;1.0;1.0;1.0;1;1.0;1;1;1;1;1;1;1.0;1.0;1;1;1;1;1;1.0;1;1;1;1;;;;2007;2;False
2007-03-01;349000;1;1;41.5;408.9;16.0;27.0;1;1;1;0;0.0;17.3;13.0;5.4;2.0;1.4;13.6;14.1;28.6;25.9;12.4;0.0;22.6;8.4;29.4;41.5;20.6;6.5;0.6;21.0;0.0;22.3;34.6;0.0;0.1;9.1;23.6;24.3;3.0;5.7;1.9;1.0;1.0;1.0;1.0;1.0;1.0;1.0;1.0;1;1.0;1;1;1;1;1;1;1.0;1.0;1;1;1;1;1;1.0;1;1;1;1;1.0;1.0;1.0;2007;3;False
2007-04-01;349000;1;1;86.0;351.1;16.0;26.0;1;1;1;0;12.7;7.6;30.2;0.0;0.2;0.0;1.8;45.6;20.3;8.3;2.8;22.2;1.2;12.4;1.3;86.0;1.8;0.0;1.8;1.2;20.8;45.4;6.7;11.3;0.0;0.5;5.0;2.9;0.2;0.9;;1.0;1.0;1.0;1.0;1.0;1.0;1.0;1.0;1;1.0;1;1;1;1;1;1;1.0;1.0;1;1;1;1;1;1.0;1;1;1;1;1.0;1.0;;2007;4;False
2007-05-01;349000;1;1;47.6;175.8;8.0;17.0;1;1;1;0;11.8;0.0;6.4;9.2;4.7;0.0;24.8;47.6;20.0;0.6;3.5;0.0;0.0;4.6;0.0;0.0;0.0;0.0;0.0;1.6;0.0;4.5;0.0;0.0;0.0;20.4;8.6;5.1;2.2;0.0;0.2;1.0;1.0;1.0;1.0;1.0;1.0;1.0;1.0;1;1.0;1;1;1;1;1;1;1.0;1.0;1;1;1;1;1;1.0;1;1;1;1;1.0;1.0;1.0;2007;5;False
2007-06-01;349000;1;1;16.5;60.1;11.0;10.0;1;1;1;0;0.0;0.1;0.0;0.0;2.8;5.4;13.9;0.0;2.0;8.5;16.5;5.6;0.0;0.0;3.2;0.0;0.0;0.0;2.1;0.0;0.0;0.0;0.0;0.0;0.0;0.0;0.0;0.0;0.0;0.0;;1.0;1.0;1.0;1.0;1.0;1.0;1.0;1.0;1;1.0;1;1;1;1;1;1;1.0;1.0;1;1;1;1;1;1.0;1;1;1;1;1.0;1.0;;2007;6;False
2007-07-01;349000;1;1;29.4;119.1;2.0;13.0;1;1;1;0;0.1;29.4;20.7;0.5;7.7;0.0;0.0;0.0;0.0;0.0;0.0;0.0;0.0;0.0;0.0;0.0;16.8;11.4;0.0;5.8;9.3;0.0;0.0;15.5;0.0;0.0;0.7;0.2;0.0;1.0;0.0;1.0;1.0;1.0;1.0;1.0;1.0;1.0;1.0;1;1.0;1;1;1;1;1;1;1.0;1.0;1;1;1;1;1;1.0;1;1;1;1;1.0;1.0;1.0;2007;7;False
2007-08-01;349000;1;1;5.1;14.1;19.0;3.0;1;1;1;0;0.0;0.0;0.0;0.0;0.0;0.0;0.0;0.0;0.0;0.0;0.0;0.0;4.6;0.0;0.0;0.0;0.0;0.0;5.1;0.0;0.0;4.4;0.0;0.0;0.0;0.0;0.0;0.0;0.0;0.0;0.0;1.0;1.0;1.0;1.0;1.0;1.0;1.0;1.0;1;1.0;1;1;1;1;1;1;1.0;1.0;1;1;1;1;1;1.0;1;1;1;1;1.0;1.0;1.0;2007;8;False
2007-09-01;349000;1;1;1.2;2.2;30.0;2.0;1;1;1;0;0.0;0.0;0.0;0.0;0.0;0.0;0.0;0.0;0.0;0.0;0.0;0.0;0.0;0.0;0.0;0.0;0.0;0.0;0.0;0.0;0.0;0.0;0.0;0.0;0.0;0.0;0.0;0.0;1.0;1.2;;1.0;1.0;1.0;1.0;1.0;1.0;1.0;1.0;1;1.0;1;1;1;1;1;1;1.0;1.0;1;1;1;1;1;1.0;1;1;1;1;1.0;1.0;;2007;9;False
2007-10-01;349000;1;1;25.5;43.7;23.0;5.0;1;1;1;0;0.0;0.0;0.0;0.0;1.3;10.8;2.0;0.0;0.0;0.0;0.0;0.0;0.0;0.0;0.0;0.0;0.0;0.0;0.0;0.0;0.0;4.1;25.5;0.0;0.0;0.0;0.0;0.0;0.0;0.0;0.0;1.0;1.0;1.0;1.0;1.0;1.0;1.0;1.0;1;1.0;1;1;1;1;1;1;1.0;1.0;1;1;1;1;1;1.0;1;1;1;1;1.0;1.0;1.0;2007;10;False
2007-11-01;349000;1;1;38.0;50.8;27.0;6.0;1;1;1;0;0.0;0.0;0.0;0.0;0.2;0.0;0.0;0.0;0.0;0.0;1.6;0.0;0.0;10.6;0.0;0.0;0.3;0.0;0.0;0.0;0.0;0.0;0.1;0.0;0.0;0.0;38.0;0.0;0.0;0.0;;1.0;1.0;1.0;1.0;1.0;1.0;1.0;1.0;1;1.0;1;1;1;1;1;1;1.0;1.0;1;1;1;1;1;1.0;1;1;1;1;1.0;1.0;;2007;11;False
2007-12-01;349000;1;1;40.7;237.2;3.0;17.0;1;1;1;0;0.2;0.0;40.7;0.0;3.0;0.0;0.0;0.0;23.8;7.7;3.6;1.0;0.0;11.8;0.0;0.0;0.0;0.0;0.0;2.0;0.0;21.8;0.7;3.8;17.1;38.6;0.2;30.0;31.2;0.0;0.0;1.0;1.0;1.0;1.0;1.0;1.0;1.0;1.0;1;1.0;1;1;1;1;1;1;1.0;1.0;1;1;1;1;1;1.0;1;1;1;1;1.0;1.0;1.0;2007;12;False
2008-01-01;349000;1;1;43.4;342.9;5.0;26.0;1;1;1;0;11.2;40.4;0.7;0.1;43.4;5.7;0.0;4.3;18.5;4.9;0.0;0.0;0.0;0.8;6.8;3.6;0.0;18.4;1.1;19.6;37.6;4.2;3.8;1.0;16.2;9.0;15.7;7.2;42.3;12.8;13.6;1.0;1.0;1.0;1.0;1.0;1.0;1.0;1.0;1;1.0;1;1;1;1;1;1;1.0;1.0;1;1;1;1;1;1.0;1;1;1;1;1.0;1.0;1.0;2008;1;False
2008-02-01;349000;1;1;49.4;306.6;15.0;23.0;1;1;1;0;27.2;41.2;5.2;0.0;9.8;0.1;0.1;0.0;0.0;0.0;15.0;10.8;39.2;0.0;49.4;3.8;5.4;2.0;10.4;10.6;1.1;19.5;5.8;2.3;0.0;0.2;1.7;2.0;43.8;;;1.0;1.0;1.0;1.0;1.0;1.0;1.0;1.0;1;1.0;1;1;1;1;1;1;1.0;1.0;1;1;1;1;1;1.0;1;1;1;1;1.0;;;2008;2;False
2008-03-01;349000;1;1;74.8;574.7;17.0;28.0;1;1;1;0;8.2;59.6;21.4;7.6;15.7;0.0;29.8;14.0;0.0;4.2;3.4;25.0;15.8;13.0;9.9;4.0;74.8;7.0;53.4;0.0;22.0;23.1;14.0;2.0;1.8;28.2;27.8;55.4;25.2;1.6;6.8;1.0;1.0;1.0;1.0;1.0;1.0;1.0;1.0;1;1.0;1;1;1;1;1;1;1.0;1.0;1;1;1;1;1;1.0;1;1;1;1;1.0;1.0;1.0;2008;3;False
2008-04-01;349000;1;1;45.6;356.2;4.0;26.0;1;1;1;0;37.1;6.6;0.0;45.6;0.0;30.2;1.0;23.4;7.7;2.0;25.0;25.2;0.8;3.8;0.4;19.6;14.0;0.2;16.9;9.2;0.0;0.0;2.2;23.6;1.4;5.0;1.2;9.7;4.0;40.4;;1.0;1.0;1.0;1.0;1.0;1.0;1.0;1.0;1;1.0;1;1;1;1;1;1;1.0;1.0;1;1;1;1;1;1.0;1;1;1;1;1.0;1.0;;2008;4;False
2008-05-01;349000;1;1;92.0;247.3;9.0;20.0;1;1;1;0;0.0;1.5;2.7;3.1;33.8;7.6;0.0;18.9;92.0;23.6;9.0;4.4;7.4;0.0;0.0;4.6;0.0;5.1;0.0;0.0;0.2;0.0;0.8;12.4;9.4;2.5;0.0;3.8;0.0;0.0;4.5;1.0;1.0;1.0;1.0;1.0;1.0;1.0;1.0;1;1.0;1;1;1;1;1;1;1.0;1.0;1;1;1;1;1;1.0;1;1;1;1;1.0;1.0;1.0;2008;5;False
2008-06-01;349000;1;1;45.4;86.8;18.0;11.0;1;1;1;0;0.2;1.3;1.4;0.4;0.0;0.0;0.0;0.0;0.0;0.0;0.2;3.6;0.6;0.0;14.0;0.0;0.0;45.4;19.4;0.0;0.0;0.0;0.0;0.0;0.0;0.3;0.0;0.0;0.0;0.0;;1.0;1.0;1.0;1.0;1.0;1.0;1.0;1.0;1;1.0;1;1;1;1;1;1;1.0;1.0;1;1;1;1;1;1.0;1;1;1;1;1.0;1.0;;2008;6;False
2008-07-01;349000;1;1;11.1;18.7;21.0;3.0;1;1;1;0;0.0;0.0;0.0;0.0;0.0;0.0;0.0;0.0;0.0;0.0;0.0;0.0;0.0;0.0;0.0;0.0;0.0;0.0;2.8;4.8;11.1;0.0;0.0;0.0;0.0;0.0;0.0;0.0;0.0;0.0;0.0;1.0;1.0;1.0;1.0;1.0;1.0;1.0;1.0;1;1.0;1;1;1;1;1;1;1.0;1.0;1;1;1;1;1;1.0;1;1;1;1;1.0;1.0;1.0;2008;7;False
2008-08-01;349000;1;1;43.1;121.4;24.0;6.0;1;1;1;0;0.0;0.0;0.0;0.0;0.0;13.5;0.0;0.0;0.0;16.4;0.0;0.0;0.0;1.1;0.0;0.0;0.0;0.0;0.0;0.0;0.0;0.0;0.0;43.1;5.1;0.0;0.0;0.0;42.2;0.0;0.0;1.0;1.0;1.0;1.0;1.0;1.0;1.0;1.0;1;1.0;1;1;1;1;1;1;1.0;1.0;1;1;1;1;1;1.0;1;1;1;1;1.0;1.0;1.0;2008;8;False
2008-09-01;349000;1;1;14.2;28.7;1.0;11.0;1;1;1;0;14.2;0.1;0.0;3.0;0.0;0.0;0.6;0.0;0.0;0.0;0.0;0.0;0.0;0.4;0.0;0.0;0.0;0.1;0.0;0.0;5.7;0.0;0.0;0.0;0.2;0.0;1.0;3.2;0.2;0.0;;1.0;1.0;1.0;1.0;1.0;1.0;1.0;1.0;1;1.0;1;1;1;1;1;1;1.0;1.0;1;1;1;1;1;1.0;1;1;1;1;1.0;1.0;;2008;9;False
2008-10-01;349000;1;1;31.8;94.8;2.0;6.0;1;1;1;0;3.2;31.8;27.2;0.0;0.0;30.2;0.0;0.0;2.0;0.4;0.0;0.0;0.0;0.0;0.0;0.0;0.0;0.0;0.0;0.0;0.0;0.0;0.0;0.0;0.0;0.0;0.0;0.0;0.0;0.0;0.0;1.0;1.0;1.0;1.0;1.0;1.0;1.0;1.0;1;1.0;1;1;1;1;1;1;1.0;1.0;1;1;1;1;1;1.0;1;1;1;1;1.0;1.0;1.0;2008;10;False
2008-11-01;349000;1;1;21.9;97.9;10.0;10.0;1;1;1;0;0.0;0.0;3.2;0.0;0.0;8.1;10.1;11.0;0.0;21.9;0.1;0.0;0.0;13.8;0.0;3.8;0.0;0.0;0.0;0.0;0.0;0.0;0.0;7.1;18.8;0.0;0.0;0.0;0.0;0.0;;1.0;1.0;1.0;1.0;1.0;1.0;1.0;1.0;1;1.0;1;1;1;1;1;1;1.0;1.0;1;1;1;1;1;1.0;1;1;1;1;1.0;1.0;;2008;11;False
2008-12-01;349000;1;1;58.8;283.7;25.0;21.0;1;1;1;0;0.0;0.0;17.3;0.0;42.0;3.4;0.3;0.3;0.0;0.0;0.0;3.6;15.4;3.6;2.4;0.0;3.6;40.4;0.0;41.2;7.8;14.6;1.5;0.0;58.8;10.8;0.0;1.9;1.4;0.4;13.0;1.0;1.0;1.0;1.0;1.0;1.0;1.0;1.0;1;1.0;1;1;1;1;1;1;1.0;1.0;1;1;1;1;1;1.0;1;1;1;1;1.0;1.0;1.0;2008;12;False
2009-01-01;349000;1;1;;354.7;;;0;1;0;0;0.0;0.6;24.8;0.0;4.0;0.0;19.8;0.1;3.4;0.5;0.0;13.2;6.4;5.8;3.0;20.8;28.3;2.4;22.1;55.2;0.4;37.3;0.0;;62.8;7.3;2.0;3.4;0.6;20.8;9.7;1.0;1.0;1.0;1.0;1.0;1.0;1.0;1.0;1;1.0;1;1;1;1;1;1;1.0;1.0;1;1;1;1;1;;4;1;1;1;1.0;1.0;1.0;2009;1;False
2009-02-01;349000;1;1;61.8;301.6;16.0;26.0;1;1;1;0;0.8;4.4;8.7;6.6;1.3;0.8;0.4;1.4;0.0;8.4;23.4;16.0;10.5;5.1;3.7;61.8;1.9;8.9;39.4;2.6;18.6;2.0;10.4;29.2;0.8;19.0;15.5;0.0;;;;1.0;1.0;1.0;1.0;1.0;1.0;1.0;1.0;1;1.0;1;1;1;1;1;1;1.0;1.0;1;1;1;1;1;1.0;1;1;1;1;;;;2009;2;False
2009-03-01;349000;1;1;120.8;590.9;2.0;28.0;1;1;1;0;2.0;120.8;13.0;19.1;9.8;7.6;4.4;0.0;14.8;47.0;1.1;1.9;10.0;40.0;11.8;9.4;0.0;0.6;46.1;44.6;3.7;18.0;52.5;5.2;2.0;13.4;10.2;0.0;5.3;1.4;75.2;1.0;1.0;1.0;1.0;1.0;1.0;1.0;1.0;1;1.0;1;1;1;1;1;1;1.0;1.0;1;1;1;1;1;1.0;1;1;1;1;1.0;1.0;1.0;2009;3;False
2009-04-01;349000;1;1;112.8;709.0;27.0;27.0;1;1;1;0;5.0;0.0;0.0;18.0;18.3;7.3;3.1;99.3;15.2;11.1;0.0;45.0;0.9;0.1;0.2;56.0;23.8;27.8;26.2;3.3;23.0;47.8;52.2;0.4;0.1;38.5;112.8;3.8;25.0;44.8;;1.0;1.0;1.0;1.0;1.0;1.0;1.0;1.0;1;1.0;1;1;1;1;1;1;1.0;1.0;1;1;1;1;1;1.0;1;1;1;1;1.0;1.0;;2009;4;False
2009-05-01;349000;1;1;63.6;393.4;24.0;28.0;1;1;1;0;11.2;10.8;45.2;1.8;29.7;0.0;10.3;27.1;0.0;12.0;0.9;0.5;7.0;2.8;26.0;1.0;0.8;9.4;1.1;9.9;8.8;3.2;0.3;63.6;17.0;0.0;5.2;4.6;62.4;17.4;3.4;1.0;1.0;1.0;1.0;1.0;1.0;1.0;1.0;1;1.0;1;1;1;1;1;1;1.0;1.0;1;1;1;1;1;1.0;1;1;1;1;1.0;1.0;1.0;2009;5;False
2009-06-01;349000;1;1;31.5;172.4;7.0;17.0;1;1;1;0;13.5;7.8;19.6;2.0;8.3;16.6;31.5;0.0;0.0;0.0;0.0;8.3;15.4;1.4;29.0;3.9;0.0;0.0;0.0;3.2;0.0;0.0;0.0;0.0;0.5;0.4;2.2;0.0;8.8;0.0;;1.0;1.0;1.0;1.0;1.0;1.0;1.0;1.0;1;1.0;1;1;1;1;1;1;1.0;1.0;1;1;1;1;1;1.0;1;1;1;1;1.0;1.0;;2009;6;False
2009-07-01;349000;1;1;20.2;44.4;16.0;8.0;1;1;1;0;0.0;0.0;0.0;0.0;0.0;0.0;0.0;0.0;0.0;0.0;0.0;0.0;0.0;5.5;1.1;20.2;2.6;0.0;0.0;3.4;0.0;0.0;7.4;0.0;2.8;0.0;0.0;0.0;0.0;1.4;0.0;1.0;1.0;1.0;1.0;1.0;1.0;1.0;1.0;1;;1;1;1;1;1;1;1.0;1.0;1;1;1;1;1;1.0;1;1;1;1;1.0;1.0;1.0;2009;7;False
2009-08-01;349000;1;1;5.6;27.4;31.0;7.0;1;1;1;0;0.0;0.0;0.0;0.0;0.0;3.6;0.0;0.0;0.0;0.0;0.0;0.0;0.0;0.0;0.0;0.0;0.0;0.0;0.0;0.0;2.0;0.0;0.0;0.0;1.8;5.2;5.2;0.0;0.0;4.0;5.6;1.0;1.0;1.0;1.0;1.0;1.0;1.0;1.0;1;1.0;1;1;1;1;1;1;;1.0;1;1;1;1;1;1.0;1;1;1;1;1.0;1.0;1.0;2009;8;False
2009-09-01;349000;1;1;3.4;4.3;20.0;4.0;1;1;1;0;0.0;0.0;0.0;0.0;0.0;0.0;0.0;0.0;0.0;0.0;0.0;0.0;0.0;0.0;0.6;0.0;0.0;0.0;0.1;3.4;0.2;0.0;0.0;0.0;0.0;0.0;0.0;0.0;0.0;0.0;;1.0;1.0;1.0;1.0;1.0;1.0;1.0;1.0;1;1.0;1;1;1;1;1;1;1.0;1.0;1;1;1;1;1;1.0;1;1;1;1;1.0;1.0;;2009;9;False
2009-10-01;349000;1;1;13.2;21.8;17.0;6.0;1;1;1;0;0.0;0.0;0.0;0.0;0.2;0.0;1.6;0.0;0.0;0.0;0.0;0.0;0.0;0.0;0.0;0.1;13.2;0.0;0.0;5.5;0.0;0.0;0.0;0.0;0.0;0.0;0.0;0.0;0.0;1.2;0.0;1.0;1.0;1.0;1.0;1.0;1.0;1.0;1.0;1;1.0;1;1;1;1;1;1;1.0;1.0;1;1;1;1;1;1.0;1;1;1;1;1.0;1.0;1.0;2009;10;False
2009-11-01;349000;1;1;13.8;26.8;15.0;8.0;1;1;1;0;0.0;0.0;1.6;3.0;4.4;0.0;0.0;0.4;0.0;0.0;0.0;0.0;0.0;1.8;13.8;0.0;0.0;0.0;0.0;0.8;1.0;0.0;0.0;0.0;0.0;0.0;0.0;0.0;0.0;0.0;;1.0;1.0;1.0;1.0;1.0;1.0;1.0;1.0;1;1.0;1;1;1;1;1;1;1.0;1.0;1;1;1;1;1;;1;1;1;1;1.0;1.0;;2009;11;False
2009-12-01;349000;1;1;91.4;327.5;23.0;20.0;1;1;1;0;0.0;0.0;0.8;0.0;0.6;0.0;0.4;78.8;2.3;0.0;0.1;0.1;0.0;0.0;53.8;1.2;0.7;8.4;0.0;0.0;45.4;0.0;91.4;0.5;8.8;0.0;5.6;22.6;0.2;1.0;4.8;1.0;1.0;1.0;1.0;1.0;1.0;1.0;1.0;1;1.0;1;1;1;1;1;1;1.0;1.0;1;1;1;1;1;1.0;1;1;1;1;1.0;1.0;1.0;2009;12;False
2010-01-01;349000;1;1;111.2;468.5;28.0;27.0;1;1;1;0;13.6;19.4;3.7;11.9;1.5;1.2;0.0;36.8;28.0;1.6;8.8;0.0;14.4;26.4;11.4;0.3;0.0;7.6;0.2;25.4;24.3;5.6;10.4;50.6;35.8;0.0;2.9;111.2;1.8;13.6;0.1;1.0;1.0;1.0;1.0;1.0;1.0;1.0;1.0;1;1.0;1;1;1;1;1;1;1.0;1.0;1;1;1;1;1;1.0;1;1;1;1;1.0;1.0;1.0;2010;1;False
2010-02-01;349000;1;1;61.8;344.8;28.0;19.0;1;1;1;0;3.6;41.0;7.0;0.0;0.0;1.0;11.0;24.6;18.4;0.0;2.3;4.6;0.2;6.0;0.5;47.7;22.0;0.0;0.0;0.0;4.8;23.4;0.0;0.0;0.0;47.2;17.7;61.8;;;;1.0;1.0;1.0;1.0;1.0;1.0;1.0;1.0;1;1.0;1;1;1;1;1;1;1.0;1.0;1;1;1;1;1;1.0;1;1;1;1;;;;2010;2;False
2010-03-01;349000;1;1;32.8;232.9;18.0;24.0;1;1;1;0;11.0;0.0;0.1;1.2;0.0;0.0;3.2;0.5;0.0;0.0;0.1;0.2;0.0;0.6;5.8;2.6;12.7;32.8;0.0;0.9;10.3;3.8;6.8;28.7;9.2;16.0;8.4;30.2;19.9;4.4;23.5;1.0;1.0;1.0;1.0;1.0;1.0;1.0;1.0;1;1.0;1;1;1;1;1;1;1.0;1.0;1;1;1;1;1;1.0;1;1;1;1;1.0;1.0;1.0;2010;3;False
2010-04-01;349000;1;1;57.9;392.1;3.0;29.0;1;1;1;0;12.6;6.7;57.9;1.2;1.9;1.9;7.2;7.2;0.2;8.0;29.2;21.2;46.3;1.6;14.2;22.6;20.5;44.3;18.2;7.4;26.4;1.2;9.2;4.6;5.3;0.2;0.2;14.4;0.0;0.3;;1.0;1.0;1.0;1.0;1.0;1.0;1.0;1.0;1;1.0;1;1;1;1;1;1;1.0;1.0;1;1;1;1;1;1.0;1;1;1;1;1.0;1.0;;2010;4;False
2010-05-01;349000;1;1;73.0;236.1;31.0;16.0;1;1;1;0;6.0;6.8;0.0;9.4;0.6;0.0;20.0;43.4;0.0;0.0;1.3;2.3;10.8;6.1;9.5;0.0;0.8;0.0;0.0;0.0;0.0;0.0;0.0;0.0;0.0;0.5;0.0;0.0;12.3;33.3;73.0;1.0;1.0;1.0;1.0;1.0;1.0;1.0;1.0;1;1.0;1;1;1;1;1;1;1.0;1.0;1;1;1;1;1;1.0;1;1;1;1;1.0;1.0;1.0;2010;5;False
2010-06-01;349000;1;1;8.4;31.0;3.0;10.0;1;1;1;0;0.0;0.0;8.4;1.9;3.7;0.0;0.8;0.1;3.0;6.0;0.0;0.0;0.0;0.0;0.2;0.0;0.0;0.0;0.0;0.0;0.0;0.6;0.0;0.0;6.3;0.0;0.0;0.0;0.0;0.0;;1.0;1.0;1.0;1.0;1.0;1.0;1.0;1.0;1;1.0;1;1;1;1;1;1;1.0;1.0;1;1;1;1;1;1.0;1;1;1;1;1.0;1.0;;2010;6;False
2010-07-01;349000;1;1;5.8;16.8;20.0;9.0;1;1;1;0;0.9;0.0;0.0;0.0;0.0;0.0;0.0;0.0;0.0;1.5;0.0;0.0;0.9;0.0;3.4;0.2;0.0;0.6;0.2;5.8;3.3;0.0;0.0;0.0;0.0;0.0;0.0;0.0;0.0;0.0;0.0;1.0;1.0;1.0;1.0;1.0;1.0;1.0;1.0;1;1.0;1;1;1;1;1;1;1.0;1.0;1;1;1;1;1;1.0;1;1;1;1;1.0;1.0;1.0;2010;7;False
2010-08-01;349000;1;1;6.2;9.5;17.0;5.0;1;1;1;0;0.0;0.0;0.0;0.0;0.0;0.0;0.0;0.3;0.0;0.0;0.0;0.2;0.0;0.0;0.0;0.0;6.2;1.8;1.0;0.0;0.0;0.0;0.0;0.0;0.0;0.0;0.0;0.0;0.0;0.0;0.0;1.0;1.0;1.0;1.0;1.0;1.0;1.0;1.0;1;1.0;1;1;1;1;1;1;1.0;1.0;1;1;1;1;1;1.0;1;1;1;1;1.0;1.0;1.0;2010;8;False
2010-09-01;349000;1;1;5.2;5.5;7.0;3.0;1;1;1;0;0.0;0.0;0.0;0.0;0.0;0.0;5.2;0.0;0.0;0.0;0.0;0.1;0.0;0.0;0.0;0.0;0.0;0.0;0.0;0.0;0.0;0.0;0.0;0.0;0.0;0.0;0.2;0.0;0.0;0.0;;1.0;1.0;1.0;1.0;1.0;1.0;1.0;1.0;1;1.0;1;1;1;1;1;1;1.0;1.0;1;1;1;1;1;1.0;1;1;1;1;1.0;1.0;;2010;9;False
2010-10-01;349000;1;1;22.6;99.3;25.0;11.0;1;1;1;0;20.8;0.0;0.0;3.4;0.2;0.0;0.0;0.0;0.0;0.0;2.8;0.0;10.0;0.0;0.0;0.0;0.0;3.6;4.8;18.4;0.0;0.0;2.7;0.0;22.6;10.0;0.0;0.0;0.0;0.0;0.0;1.0;1.0;1.0;1.0;1.0;1.0;1.0;1.0;1;1.0;1;1;1;1;1;1;1.0;1.0;1;1;1;1;1;1.0;1;1;1;1;1.0;1.0;1.0;2010;10;False
2010-11-01;349000;1;1;31.2;141.3;20.0;14.0;1;1;1;0;0.0;0.0;26.1;0.0;0.0;0.0;0.0;0.0;5.4;0.1;4.4;0.0;12.8;31.0;1.5;0.0;0.0;12.0;0.0;31.2;0.3;7.8;0.0;0.0;2.1;0.4;0.0;0.0;6.2;0.0;;1.0;1.0;1.0;1.0;1.0;1.0;1.0;1.0;1;1.0;1;1;1;1;1;1;1.0;1.0;1;1;1;1;1;1.0;1;1;1;1;1.0;1.0;;2010;11;False
2010-12-01;349000;1;1;48.8;244.4;6.0;18.0;1;1;1;0;0.0;0.0;0.0;24.5;0.0;48.8;3.7;3.0;1.6;0.1;0.0;0.0;0.0;0.0;0.0;40.7;8.0;2.6;0.0;16.6;0.0;3.4;10.6;0.9;41.4;5.4;11.0;8.8;0.0;0.0;13.3;1.0;1.0;1.0;1.0;1.0;1.0;1.0;1.0;1;1.0;1;1;1;1;1;1;1.0;1.0;1;1;1;1;1;1.0;1;1;1;1;1.0;1.0;1.0;2010;12;False
2011-01-01;349000;1;1;70.8;444.7;12.0;24.0;1;1;1;0;35.1;0.0;0.0;6.3;0.0;15.6;3.4;0.2;0.0;0.7;0.8;70.8;0.0;0.0;68.4;2.3;10.4;0.0;14.4;13.4;0.2;47.1;0.1;20.4;28.6;5.0;42.6;0.2;22.2;21.3;15.2;1.0;1.0;1.0;1.0;1.0;1.0;1.0;1.0;1;1.0;1;1;1;1;1;1;1.0;1.0;1;1;1;1;1;1.0;1;1;1;1;1.0;1.0;1.0;2011;1;False
2011-02-01;349000;1;1;44.1;289.3;13.0;25.0;1;1;1;0;19.0;1.6;0.0;3.0;5.8;1.4;4.8;2.8;24.3;26.1;0.3;22.7;44.1;12.4;25.5;0.0;0.4;0.0;24.2;1.3;0.7;7.0;0.8;2.2;40.8;5.9;1.0;11.2;;;;1.0;1.0;1.0;1.0;1.0;1.0;1.0;1.0;1;1.0;1;1;1;1;1;1;1.0;1.0;1;1;1;1;1;1.0;1;1;1;1;;;;2011;2;False
2011-03-01;349000;1;1;45.6;318.4;24.0;28.0;1;1;1;0;3.8;4.8;14.4;0.0;3.4;7.0;30.6;9.8;7.0;7.7;34.0;28.0;35.4;0.2;2.8;0.0;9.4;3.8;1.6;3.8;2.4;0.0;0.5;45.6;4.7;0.9;0.1;33.5;14.6;6.6;2.0;1.0;1.0;1.0;1.0;1.0;1.0;1.0;1.0;1;1.0;1;1;1;1;1;1;1.0;1.0;1;1;1;1;1;1.0;1;1;1;1;1.0;1.0;1.0;2011;3;False
2011-04-01;349000;1;1;130.0;497.2;28.0;26.0;1;1;1;0;39.0;12.6;0.2;9.1;14.2;8.0;6.5;25.7;0.0;4.5;30.2;4.6;7.0;41.0;13.0;3.0;0.1;0.2;11.7;41.4;0.0;20.3;6.1;8.8;0.0;27.8;26.2;130.0;6.0;0.0;;1.0;1.0;1.0;1.0;1.0;1.0;1.0;1.0;1;1.0;1;1;1;1;1;1;1.0;1.0;1;1;1;1;1;1.0;1;1;1;1;1.0;1.0;;2011;4;False
2011-05-01;349000;1;1;51.9;375.0;18.0;22.0;1;1;1;0;0.8;1.1;0.0;26.6;21.0;33.2;34.4;0.0;0.0;14.3;0.0;3.4;13.8;47.2;4.6;0.0;0.0;51.9;47.0;0.1;8.0;3.5;0.0;0.0;1.2;49.4;4.4;0.0;5.4;3.2;0.5;1.0;1.0;1.0;1.0;1.0;1.0;1.0;1.0;1;1.0;1;1;1;1;1;1;1.0;1.0;1;1;1;1;1;1.0;1;1;1;1;1.0;1.0;1.0;2011;5;False
2011-06-01;349000;1;1;40.0;116.6;7.0;8.0;1;1;1;0;0.0;0.0;0.0;0.0;0.0;0.0;40.0;0.0;0.0;0.0;1.8;0.0;0.0;0.0;0.0;0.0;0.0;0.0;0.0;17.8;13.2;14.6;0.0;0.0;0.0;18.8;0.0;2.8;0.0;7.6;;1.0;1.0;1.0;1.0;1.0;1.0;1.0;1.0;1;1.0;1;1;1;1;1;1;1.0;1.0;1;1;1;1;1;1.0;1;1;1;1;1.0;1.0;;2011;6;False
2011-07-01;349000;1;1;29.0;77.7;10.0;10.0;1;1;1;0;0.0;0.0;0.0;0.0;0.0;1.0;17.2;4.6;9.2;29.0;0.4;0.0;11.0;0.0;0.0;0.0;0.0;0.3;0.0;0.0;0.0;1.0;0.0;0.0;4.0;0.0;0.0;0.0;0.0;0.0;0.0;1.0;1.0;1.0;1.0;1.0;1.0;1.0;1.0;1;1.0;1;1;1;1;1;1;1.0;1.0;1;1;1;1;1;1.0;1;1;1;1;1.0;1.0;1.0;2011;7;False
2011-08-01;349000;1;1;16.0;20.5;3.0;3.0;1;1;1;0;0.0;3.6;16.0;0.0;0.0;0.0;0.0;0.0;0.0;0.0;0.0;0.0;0.0;0.0;0.0;0.0;0.0;0.0;0.0;0.0;0.0;0.9;0.0;0.0;0.0;0.0;0.0;0.0;0.0;0.0;0.0;1.0;1.0;1.0;1.0;1.0;1.0;1.0;1.0;1;1.0;1;1;1;1;1;1;1.0;1.0;1;1;1;1;1;1.0;1;1;1;1;1.0;1.0;1.0;2011;8;False
2011-09-01;349000;1;1;26.3;43.5;6.0;4.0;1;1;1;0;0.0;0.0;0.0;0.0;0.0;26.3;0.0;0.0;7.6;7.4;0.0;0.0;0.0;0.0;0.0;2.2;0.0;0.0;0.0;0.0;0.0;0.0;0.0;0.0;0.0;0.0;0.0;0.0;0.0;0.0;;1.0;1.0;1.0;1.0;1.0;1.0;1.0;1.0;1;1.0;1;1;1;1;1;1;1.0;1.0;1;1;1;1;1;1.0;1;1;1;1;1.0;1.0;;2011;9;False
2011-10-01;349000;1;1;80.8;128.2;20.0;10.0;1;1;1;0;0.5;0.0;0.0;1.0;0.0;0.0;0.0;0.0;0.0;0.0;0.2;0.0;0.0;0.0;0.0;0.0;0.0;0.0;0.2;80.8;12.7;0.0;0.0;0.4;7.4;0.0;0.0;0.0;2.8;0.0;22.2;1.0;1.0;1.0;1.0;1.0;1.0;1.0;1.0;1;1.0;1;1;1;1;1;1;1.0;1.0;1;1;1;1;1;1.0;1;1;1;1;1.0;1.0;1.0;2011;10;False
2011-11-01;349000;1;1;29.6;122.3;28.0;11.0;1;1;1;0;0.0;0.0;5.3;0.0;0.0;0.3;4.6;0.0;0.0;0.0;27.6;0.6;0.0;28.8;0.0;0.0;0.0;0.0;0.0;0.2;0.0;0.0;5.8;0.0;0.0;19.4;0.1;29.6;0.0;0.0;;1.0;1.0;1.0;1.0;1.0;1.0;1.0;1.0;1;1.0;1;1;1;1;1;1;1.0;1.0;1;1;1;1;1;1.0;1;1;1;1;1.0;1.0;;2011;11;False
2011-12-01;349000;1;1;9.5;26.6;19.0;9.0;1;1;1;0;0.2;0.0;0.7;0.0;0.0;0.0;0.0;0.0;0.0;0.0;0.0;0.0;0.0;0.0;0.0;0.0;2.6;0.0;9.5;0.0;0.0;0.0;0.0;1.4;3.3;0.0;7.5;0.0;0.9;0.5;0.0;1.0;1.0;1.0;1.0;1.0;1.0;1.0;1.0;1;1.0;1;1;1;1;1;1;1.0;1.0;1;1;1;1;1;1.0;1;1;1;1;1.0;1.0;1.0;2011;12;False
2012-01-01;349000;1;1;74.6;427.1;11.0;26.0;1;1;1;0;0.0;5.8;11.4;0.0;22.1;0.2;0.4;0.0;0.5;25.2;74.6;0.0;14.8;0.1;10.0;18.4;4.8;1.4;15.6;13.6;34.0;10.0;53.6;3.0;0.0;73.0;1.9;0.5;1.4;24.2;6.6;1.0;1.0;1.0;1.0;1.0;1.0;1.0;1.0;1;1.0;1;1;1;1;1;1;1.0;1.0;1;1;1;1;1;1.0;1;1;1;1;1.0;1.0;1.0;2012;1;False
2012-02-01;349000;1;1;55.2;343.9;20.0;21.0;1;1;1;0;0.0;2.2;0.0;0.0;12.8;0.0;6.2;1.2;0.0;16.3;1.2;0.0;35.8;31.7;23.8;3.1;0.0;43.1;15.3;55.2;4.0;0.0;46.0;15.0;5.1;1.2;4.0;18.6;2.1;;;1.0;1.0;1.0;1.0;1.0;1.0;1.0;1.0;1;1.0;1;1;1;1;1;1;1.0;1.0;1;1;1;1;1;1.0;1;1;1;1;1.0;;;2012;2;False
2012-03-01;349000;1;1;62.1;499.0;15.0;29.0;1;1;1;0;12.1;22.4;0.1;4.7;0.0;24.8;26.8;11.2;10.0;45.0;12.2;14.4;0.0;33.0;62.1;1.2;5.2;2.0;1.0;32.6;16.0;51.8;3.8;30.0;22.8;11.7;13.5;6.0;10.5;5.9;6.2;1.0;1.0;1.0;1.0;1.0;1.0;1.0;1.0;1;1.0;1;1;1;1;1;1;1.0;1.0;1;1;1;1;1;1.0;1;1;1;1;1.0;1.0;1.0;2012;3;False
2012-04-01;349000;1;1;36.4;219.1;11.0;24.0;1;1;1;0;5.5;0.7;0.0;1.0;2.6;21.6;23.4;2.8;11.4;9.6;36.4;6.4;1.7;0.1;0.7;0.0;0.0;22.8;8.6;11.2;7.8;19.6;0.0;13.4;3.0;8.4;0.2;0.2;0.0;0.0;;1.0;1.0;1.0;1.0;1.0;1.0;1.0;1.0;1;1.0;1;1;1;1;1;1;1.0;1.0;1;1;1;1;1;1.0;1;1;1;1;1.0;1.0;;2012;4;False
2012-05-01;349000;1;1;20.0;58.1;4.0;16.0;1;1;1;0;6.0;0.0;3.2;20.0;0.8;0.0;4.2;3.8;2.8;0.0;2.2;0.0;2.8;0.0;0.3;3.0;0.0;1.8;0.0;3.2;0.0;0.0;0.0;0.6;2.8;0.0;0.6;0.0;0.0;0.0;0.0;1.0;1.0;1.0;1.0;1.0;1.0;1.0;1.0;1;1.0;1;1;1;1;1;1;1.0;1.0;1;1;1;1;1;1.0;1;1;1;1;1.0;1.0;1.0;2012;5;False
2012-06-01;349000;1;1;20.4;62.6;25.0;13.0;1;1;1;0;0.0;0.6;0.0;14.4;0.0;0.0;0.0;0.0;0.0;0.0;0.0;1.9;0.0;1.5;0.0;0.1;0.0;15.2;3.6;0.0;2.0;0.0;0.3;1.4;20.4;0.4;0.0;0.8;0.0;0.0;;1.0;1.0;1.0;1.0;1.0;1.0;1.0;1.0;1;1.0;1;1;1;1;1;1;1.0;1.0;1;1;1;1;1;1.0;1;1;1;1;1.0;1.0;;2012;6;False
2012-07-01;349000;1;1;28.8;96.7;11.0;13.0;1;1;1;0;0.0;0.0;5.3;0.4;0.8;0.0;0.0;0.0;0.0;0.0;28.8;0.0;0.0;25.8;1.4;0.0;0.4;13.2;7.8;0.0;0.0;4.0;0.0;0.0;7.4;0.2;0.0;0.0;0.0;0.0;1.2;1.0;1.0;1.0;1.0;1.0;1.0;1.0;1.0;1;1.0;1;1;1;1;1;1;1.0;1.0;1;1;1;1;1;1.0;1;1;1;1;1.0;1.0;1.0;2012;7;False
2012-08-01;349000;1;1;0.0;0.0;1.0;0.0;1;1;1;0;0.0;0.0;0.0;0.0;0.0;0.0;0.0;0.0;0.0;0.0;0.0;0.0;0.0;0.0;0.0;0.0;0.0;0.0;0.0;0.0;0.0;0.0;0.0;0.0;0.0;0.0;0.0;0.0;0.0;0.0;0.0;;1.0;1.0;1.0;1.0;1.0;1.0;1.0;1;1.0;1;1;1;1;1;1;1.0;;1;1;1;1;1;1.0;1;1;1;1;1.0;1.0;1.0;2012;8;False
2012-09-01;349000;1;1;0.3;0.4;15.0;2.0;1;1;1;0;0.0;0.0;0.0;0.0;0.1;0.0;0.0;0.0;0.0;0.0;0.0;0.0;0.0;0.0;0.3;0.0;0.0;0.0;0.0;0.0;0.0;0.0;0.0;0.0;0.0;0.0;0.0;0.0;0.0;0.0;;1.0;1.0;1.0;1.0;1.0;1.0;1.0;1.0;1;1.0;1;1;1;1;1;1;1.0;1.0;1;1;1;1;1;1.0;1;1;1;1;1.0;1.0;;2012;9;False
2012-10-01;349000;1;1;105.8;106.0;11.0;2.0;1;1;1;0;0.0;0.0;0.0;0.0;0.0;0.0;0.0;0.0;0.0;0.0;105.8;0.0;0.0;0.0;0.0;0.0;0.0;0.0;0.2;0.0;0.0;0.0;0.0;0.0;0.0;0.0;0.0;0.0;0.0;0.0;0.0;1.0;1.0;1.0;1.0;1.0;1.0;1.0;1.0;1;1.0;1;1;1;1;1;1;1.0;1.0;1;1;1;1;1;1.0;1;1;1;1;1.0;1.0;1.0;2012;10;False
2012-11-01;349000;1;1;22.0;53.6;3.0;6.0;1;1;1;0;0.0;9.5;22.0;0.0;0.0;0.0;0.0;0.2;0.0;0.0;0.5;0.2;0.0;0.0;0.0;0.0;0.0;0.0;0.0;0.0;0.0;0.0;0.0;0.0;0.0;0.0;0.0;0.0;0.0;21.2;;1.0;1.0;1.0;1.0;1.0;1.0;1.0;1.0;1;1.0;1;1;1;1;1;1;1.0;1.0;1;1;1;1;1;1.0;1;1;1;1;1.0;1.0;;2012;11;False
2012-12-01;349000;1;1;63.8;321.5;3.0;24.0;1;1;1;0;0.0;0.0;63.8;23.0;42.6;0.0;12.0;36.0;0.0;3.2;0.0;3.5;0.1;2.5;0.6;0.2;26.2;5.6;7.2;4.4;0.0;2.8;25.4;11.2;5.6;6.0;4.2;14.2;21.0;0.0;0.2;1.0;1.0;1.0;1.0;1.0;1.0;1.0;1.0;1;1.0;1;1;1;1;1;1;1.0;1.0;1;1;1;1;1;1.0;1;1;1;1;1.0;1.0;1.0;2012;12;False
2013-01-01;349000;1;1;86.4;442.8;11.0;26.0;1;1;1;0;28.6;11.0;3.6;11.4;23.1;25.2;0.0;0.1;8.0;46.6;86.4;31.0;1.9;31.6;12.0;2.6;0.0;21.2;6.4;0.0;0.0;0.6;31.4;1.5;10.9;21.0;16.5;0.0;9.2;0.6;0.4;1.0;1.0;1.0;1.0;1.0;1.0;1.0;1.0;1;1.0;1;1;1;1;1;1;1.0;1.0;1;1;1;1;1;1.0;1;1;1;1;1.0;1.0;1.0;2013;1;False
2013-02-01;349000;1;1;48.4;403.7;16.0;22.0;1;1;1;0;0.0;13.2;2.0;9.3;2.0;26.6;1.6;27.3;0.0;34.6;19.5;17.5;26.4;0.0;32.6;48.4;0.4;4.4;0.0;16.5;10.7;46.7;0.0;12.4;0.0;34.4;9.8;7.4;;;;1.0;1.0;1.0;1.0;1.0;1.0;1.0;1.0;1;1.0;1;1;1;1;1;1;1.0;1.0;1;1;1;1;1;1.0;1;1;1;1;;;;2013;2;False
2013-03-01;349000;1;1;58.8;297.2;4.0;22.0;1;1;1;0;6.8;8.0;4.6;58.8;14.1;6.4;4.4;10.1;0.0;5.1;4.8;0.0;0.0;17.8;0.0;0.0;13.4;21.6;21.6;18.6;0.0;0.1;14.8;0.0;31.1;0.0;8.1;4.0;13.0;10.0;0.0;1.0;1.0;1.0;1.0;1.0;1.0;1.0;1.0;1;1.0;1;1;1;1;1;1;1.0;1.0;1;1;1;1;1;1.0;1;1;1;1;1.0;1.0;1.0;2013;3;False
2013-04-01;349000;1;1;63.4;375.5;21.0;23.0;1;1;1;0;5.8;16.6;3.4;4.0;2.0;0.0;4.4;0.0;59.8;2.8;58.5;3.8;0.0;1.1;0.8;0.0;1.5;32.2;10.6;11.5;63.4;32.4;5.8;1.4;0.0;0.0;9.2;3.2;0.0;41.3;;1.0;1.0;1.0;1.0;1.0;1.0;1.0;1.0;1;1.0;1;1;1;1;1;1;1.0;1.0;1;1;1;1;1;1.0;1;1;1;1;1.0;1.0;;2013;4;False
2013-05-01;349000;1;1;48.4;204.0;25.0;20.0;1;1;1;0;9.6;0.2;16.4;20.9;10.0;0.0;0.1;23.8;0.8;27.6;0.2;2.0;0.0;0.0;0.0;0.3;0.0;0.0;0.0;7.0;2.2;3.8;0.0;8.8;48.4;0.0;14.6;4.3;0.0;3.0;0.0;1.0;1.0;1.0;1.0;1.0;1.0;1.0;1.0;1;1.0;1;1;1;1;1;1;1.0;1.0;1;1;1;1;1;1.0;1;1;1;1;1.0;1.0;1.0;2013;5;False
2013-06-01;349000;1;1;33.6;113.2;7.0;14.0;1;1;1;0;7.5;20.3;0.0;1.2;0.0;7.8;33.6;0.0;0.0;0.0;0.0;2.0;16.4;0.0;6.4;0.8;10.6;0.3;0.0;0.0;3.6;0.0;0.0;0.0;0.0;0.0;0.0;0.0;1.9;0.8;;1.0;1.0;1.0;1.0;1.0;1.0;1.0;1.0;1;1.0;1;1;1;1;1;1;1.0;1.0;1;1;1;1;1;1.0;1;1;1;1;1.0;1.0;;2013;6;False
2013-07-01;349000;1;1;34.8;110.4;26.0;18.0;1;1;1;0;1.2;0.4;4.6;1.2;6.8;0.0;0.6;0.0;0.0;8.6;0.0;0.0;0.0;8.0;1.6;5.2;3.8;0.0;0.0;5.0;9.6;0.6;0.0;0.8;8.4;34.8;0.0;0.0;0.0;9.2;0.0;1.0;1.0;1.0;1.0;1.0;1.0;1.0;1.0;1;1.0;1;1;1;1;1;1;1.0;1.0;1;1;1;1;1;1.0;1;1;1;1;1.0;1.0;1.0;2013;7;False
2013-08-01;349000;1;1;13.8;28.1;31.0;9.0;1;1;1;0;0.8;0.0;0.0;0.0;0.0;1.4;0.0;0.0;0.0;0.0;0.0;3.7;0.0;0.0;4.4;0.0;0.3;0.0;0.0;0.0;0.0;1.8;0.0;1.3;0.0;0.0;0.0;0.0;0.0;0.6;13.8;1.0;1.0;1.0;1.0;1.0;1.0;1.0;1.0;1;1.0;1;1;1;1;1;1;1.0;1.0;1;1;1;1;1;1.0;1;1;1;1;1.0;1.0;1.0;2013;8;False
2013-09-01;349000;1;1;14.5;31.4;8.0;8.0;1;1;1;0;1.4;0.0;2.7;5.6;0.0;3.2;0.0;14.5;0.0;0.0;0.0;0.0;0.0;0.0;0.0;0.0;0.0;0.0;0.0;0.0;0.0;0.0;0.0;0.0;0.0;0.0;1.4;2.0;0.6;0.0;;1.0;1.0;1.0;1.0;1.0;1.0;1.0;1.0;1;1.0;1;1;1;1;1;1;1.0;1.0;1;1;1;1;1;1.0;1;1;1;1;1.0;1.0;;2013;9;False
2013-10-01;349000;1;1;38.4;100.8;9.0;6.0;1;1;1;0;0.0;0.0;0.0;0.0;0.0;0.0;0.0;1.8;38.4;0.9;0.0;0.0;0.0;0.0;0.0;0.0;0.0;0.0;26.1;0.0;0.0;0.0;0.0;23.0;0.0;0.0;0.0;0.0;0.0;10.6;0.0;1.0;1.0;1.0;1.0;1.0;1.0;1.0;1.0;1;1.0;1;1;1;1;1;1;1.0;1.0;1;1;1;1;1;1.0;1;1;1;1;1.0;1.0;1.0;2013;10;False
2013-11-01;349000;1;1;33.8;145.1;12.0;17.0;1;1;1;0;1.2;0.0;0.0;28.6;24.8;0.0;0.0;0.0;0.6;1.5;0.0;33.8;0.0;0.0;0.7;0.8;0.8;11.0;2.7;0.8;24.0;1.3;1.3;6.6;0.0;0.0;0.0;4.6;0.0;0.0;;1.0;1.0;1.0;1.0;1.0;1.0;1.0;1.0;1;1.0;1;1;1;1;1;1;1.0;1.0;1;1;1;1;1;1.0;1;1;1;1;1.0;1.0;;2013;11;False
2013-12-01;349000;1;1;22.5;69.9;22.0;12.0;1;1;1;0;0.6;0.0;0.0;0.0;0.2;0.0;0.0;0.0;5.0;0.0;0.0;0.0;5.0;0.0;0.0;0.0;0.0;0.0;0.0;0.5;10.3;22.5;0.0;2.0;5.0;16.0;0.1;0.0;0.0;0.0;2.7;1.0;1.0;1.0;1.0;1.0;1.0;1.0;1.0;1;1.0;1;1;1;1;1;1;1.0;1.0;1;1;1;1;1;1.0;1;1;1;1;1.0;1.0;1.0;2013;12;False
2014-01-01;349000;1;1;89.0;448.7;25.0;25.0;1;1;1;0;0.0;5.8;0.1;53.3;29.3;0.0;2.4;0.0;0.8;0.4;10.2;49.4;3.0;0.0;20.7;0.6;5.7;2.4;43.8;3.2;0.8;2.2;0.0;3.0;89.0;1.4;1.6;40.5;0.0;1.9;77.2;1.0;1.0;1.0;1.0;1.0;1.0;1.0;1.0;1;1.0;1;1;1;1;1;1;1.0;1.0;1;1;1;1;1;1.0;1;1;1;1;1.0;1.0;1.0;2014;1;False
2014-02-01;349000;1;1;50.2;433.2;20.0;26.0;1;1;1;0;27.7;0.1;50.0;3.0;20.8;8.0;4.1;15.4;46.8;1.2;20.1;18.1;28.4;0.0;18.7;2.3;4.0;0.1;7.6;50.2;22.0;4.8;7.2;0.0;12.2;28.0;32.2;0.2;;;;1.0;1.0;1.0;1.0;1.0;1.0;1.0;1.0;1;1.0;1;1;1;1;1;1;1.0;1.0;1;1;1;1;1;1.0;1;1;1;1;;;;2014;2;False
2014-03-01;349000;1;1;55.4;371.2;27.0;26.0;1;1;1;0;4.9;14.5;1.2;10.5;18.4;9.2;1.9;3.2;40.4;9.6;3.0;39.4;0.1;0.0;14.4;46.4;0.0;9.4;24.2;36.2;3.6;11.4;0.0;0.6;5.0;0.0;55.4;0.0;2.7;4.6;1.0;1.0;1.0;1.0;1.0;1.0;1.0;1.0;1.0;1;1.0;1;1;1;1;1;1;1.0;1.0;1;1;1;1;1;1.0;1;1;1;1;1.0;1.0;1.0;2014;3;False
2014-04-01;349000;1;1;86.6;546.2;28.0;26.0;1;1;1;0;34.6;34.4;61.8;32.0;0.0;0.0;0.7;2.6;7.8;17.8;48.0;1.0;4.4;14.1;0.8;0.0;15.8;22.0;26.0;26.8;55.3;2.9;1.0;16.5;11.6;0.2;21.1;86.6;0.0;0.4;;1.0;1.0;1.0;1.0;1.0;1.0;1.0;1.0;1;1.0;1;1;1;1;1;1;1.0;1.0;1;1;1;1;1;1.0;1;1;1;1;1.0;1.0;;2014;4;False
2014-05-01;349000;1;1;67.8;260.2;8.0;21.0;1;1;1;0;0.0;10.2;10.9;1.2;7.4;30.1;2.1;67.8;8.3;0.0;0.0;0.0;0.0;0.6;0.0;0.0;28.4;0.0;1.7;2.4;3.5;14.5;30.1;9.8;12.5;1.4;0.1;10.2;7.0;0.0;0.0;1.0;1.0;1.0;1.0;1.0;1.0;1.0;1.0;1;1.0;1;1;1;1;1;1;1.0;1.0;1;1;1;1;1;1.0;1;1;1;1;1.0;1.0;1.0;2014;5;False
2014-06-01;349000;1;1;27.8;81.9;9.0;11.0;1;1;1;0;0.0;0.0;0.0;0.0;0.0;0.0;0.0;0.0;27.8;11.2;0.0;7.4;0.0;0.0;0.0;0.1;7.8;0.6;0.0;0.2;2.4;0.0;0.0;0.0;8.8;0.0;10.6;5.0;0.0;0.0;;1.0;1.0;1.0;1.0;1.0;1.0;1.0;1.0;1;1.0;1;1;1;1;1;1;1.0;1.0;1;1;1;1;1;1.0;1;1;1;1;1.0;1.0;;2014;6;False
2014-07-01;349000;1;1;20.4;41.0;1.0;8.0;1;1;1;0;20.4;0.0;0.0;1.4;0.2;0.0;0.0;0.0;0.0;0.0;0.0;0.0;0.0;3.0;0.0;0.0;0.0;0.0;0.0;0.6;13.5;0.0;0.1;0.0;1.8;0.0;0.0;0.0;0.0;0.0;0.0;1.0;1.0;1.0;1.0;1.0;1.0;1.0;1.0;1;1.0;1;1;1;1;1;1;1.0;1.0;1;1;1;1;1;1.0;1;1;1;1;1.0;1.0;1.0;2014;7;False
2014-08-01;349000;1;1;13.2;42.6;31.0;10.0;1;1;1;0;0.0;0.0;0.0;4.8;0.0;0.0;0.0;0.0;0.0;5.3;0.0;0.0;0.3;0.6;0.0;0.0;0.0;0.0;0.0;0.0;0.6;0.0;0.0;5.0;1.2;0.0;0.0;0.0;9.0;2.6;13.2;1.0;1.0;1.0;1.0;1.0;1.0;1.0;1.0;1;1.0;1;1;1;1;1;1;1.0;1.0;1;1;1;1;1;1.0;1;1;1;1;1.0;1.0;1.0;2014;8;False
2014-09-01;349000;1;1;30.8;36.2;17.0;3.0;1;1;1;0;0.0;0.0;0.0;0.0;0.0;0.0;0.0;0.0;0.0;0.0;0.0;0.0;0.2;0.0;0.0;0.0;30.8;5.2;0.0;0.0;0.0;0.0;0.0;0.0;0.0;0.0;0.0;0.0;0.0;0.0;;1.0;1.0;1.0;1.0;1.0;1.0;1.0;1.0;1;1.0;1;1;1;1;1;1;1.0;1.0;1;1;1;1;1;1.0;1;1;1;1;1.0;1.0;;2014;9;False
2014-10-01;349000;1;1;33.0;140.3;18.0;10.0;1;1;1;0;3.6;0.0;0.2;2.4;0.0;0.0;0.0;0.0;0.9;0.0;0.0;0.0;26.2;23.0;0.0;0.0;0.0;33.0;0.0;0.0;0.0;0.0;21.8;0.0;13.6;15.6;0.0;0.0;0.0;0.0;0.0;1.0;1.0;1.0;1.0;1.0;1.0;1.0;1.0;1;1.0;1;1;1;1;1;1;1.0;1.0;1;1;1;1;1;1.0;1;1;1;1;1.0;1.0;1.0;2014;10;False
2014-11-01;349000;1;1;12.2;40.0;13.0;10.0;1;1;1;0;0.6;0.0;0.0;10.6;2.1;0.4;0.0;0.0;0.0;0.0;0.0;0.0;12.2;0.0;0.0;0.0;0.0;0.0;2.5;3.2;4.8;0.2;0.0;3.4;0.0;0.0;0.0;0.0;0.0;0.0;;1.0;1.0;1.0;1.0;1.0;1.0;1.0;1.0;1;1.0;1;1;1;1;1;1;1.0;1.0;1;1;1;1;1;1.0;1;1;1;1;1.0;1.0;;2014;11;False
2014-12-01;349000;1;1;56.2;204.9;13.0;16.0;1;1;1;0;0.0;0.0;0.0;0.6;0.6;0.0;0.4;3.8;0.0;0.0;0.0;5.0;56.2;0.0;9.6;0.0;0.0;4.4;0.0;0.0;0.0;9.2;0.0;35.2;42.4;0.1;0.0;5.0;23.0;7.2;2.2;1.0;1.0;1.0;1.0;1.0;1.0;1.0;1.0;1;1.0;1;1;1;1;1;1;1.0;1.0;1;1;1;1;1;1.0;1;1;1;1;1.0;1.0;1.0;2014;12;False
2015-01-01;349000;1;1;88.9;440.7;20.0;19.0;1;1;1;0;15.1;0.0;0.0;5.3;5.8;1.2;0.0;0.0;2.3;2.6;0.0;0.5;0.0;65.6;0.0;16.4;0.1;5.0;34.4;88.9;43.1;0.0;30.2;66.6;43.6;11.0;0.0;0.0;0.0;0.0;3.0;1.0;1.0;1.0;1.0;1.0;1.0;1.0;1.0;1;1.0;1;1;1;1;1;1;1.0;1.0;1;1;1;1;1;1.0;1;1;1;1;1.0;1.0;1.0;2015;1;False
2015-02-01;349000;1;1;75.0;412.2;28.0;22.0;1;1;1;0;0.0;36.8;10.2;0.0;10.6;5.0;28.2;0.0;20.6;33.2;20.8;25.8;0.0;0.0;6.8;25.1;1.2;5.8;14.6;0.4;2.4;45.8;6.9;0.0;5.6;23.4;8.0;75.0;;;;1.0;1.0;1.0;1.0;1.0;1.0;1.0;1.0;1;1.0;1;1;1;1;1;1;1.0;1.0;1;1;1;1;1;1.0;1;1;1;1;;;;2015;2;False
2015-03-01;349000;1;1;74.8;554.8;23.0;28.0;1;1;1;0;0.3;15.0;14.2;29.8;0.3;29.2;28.2;0.0;0.3;1.4;22.2;1.6;9.8;51.9;2.7;64.4;5.4;39.0;0.0;18.8;0.4;0.4;74.8;4.0;8.0;53.8;0.0;1.2;16.3;24.0;37.4;1.0;1.0;1.0;1.0;1.0;1.0;1.0;1.0;1;1.0;1;1;1;1;1;1;1.0;1.0;1;1;1;1;1;1.0;1;1;1;1;1.0;1.0;1.0;2015;3;False
2015-04-01;349000;1;1;86.6;323.4;14.0;25.0;1;1;1;0;5.8;3.0;5.4;0.0;0.0;23.6;2.0;11.8;23.1;14.0;0.0;21.8;0.2;86.6;12.6;11.6;4.4;25.3;12.7;7.3;0.0;7.4;1.0;0.8;17.6;0.0;12.8;0.1;10.2;2.3;;1.0;1.0;1.0;1.0;1.0;1.0;1.0;1.0;1;1.0;1;1;1;1;1;1;1.0;1.0;1;1;1;1;1;1.0;1;1;1;1;1.0;1.0;;2015;4;False
2015-05-01;349000;1;1;43.1;241.1;5.0;21.0;1;1;1;0;4.0;0.0;34.0;4.8;43.1;0.0;9.3;6.0;8.2;10.1;5.2;0.0;0.0;0.0;0.0;7.9;0.0;3.6;0.0;0.0;40.2;11.0;7.2;0.1;13.6;0.0;1.4;12.4;11.4;3.0;4.6;1.0;1.0;1.0;1.0;1.0;1.0;1.0;1.0;1;1.0;1;1;1;1;1;1;1.0;1.0;1;1;1;1;1;1.0;1;1;1;1;1.0;1.0;1.0;2015;5;False
2015-06-01;349000;1;1;23.6;44.7;6.0;9.0;1;1;1;0;0.0;0.0;0.0;0.0;0.8;23.6;0.0;0.0;9.0;0.0;1.8;4.0;0.0;0.2;0.0;0.0;0.0;0.0;0.0;0.0;0.3;0.0;0.0;0.0;0.0;0.8;4.2;0.0;0.0;0.0;;1.0;1.0;1.0;1.0;1.0;1.0;1.0;1.0;1;1.0;1;1;1;1;1;1;1.0;1.0;1;1;1;1;1;1.0;1;1;1;1;1.0;1.0;;2015;6;False
2015-07-01;349000;1;1;19.7;63.6;4.0;10.0;1;1;1;0;0.0;0.0;0.0;19.7;3.9;0.1;2.5;0.0;0.2;0.0;0.0;0.0;0.0;0.0;0.0;0.0;0.0;0.0;0.0;0.0;0.0;0.0;6.0;0.8;16.2;12.0;2.2;0.0;0.0;0.0;0.0;1.0;1.0;1.0;1.0;1.0;1.0;1.0;1.0;1;1.0;1;1;1;1;1;1;1.0;1.0;1;1;1;1;1;1.0;1;1;1;1;1.0;1.0;1.0;2015;7;False
